district_id,police_station_id,crime_category_id,incident_registered_date,count
KA-18,Turvihal PS,Assault,2025-10-27,100
KA-28,Gandhi Chowk PS,Cyber Crime,2022-08-09,78
KA-26,Gadag CEN Crime PS,Fraud,2022-01-06,77
KA-19,Kodihalli PS,Rioting,2025-12-02,77
KA-18,Idapanur PS,Robbery,2025-10-04,75
KA-06,Commercial Street PS,Vehicle Theft,2023-01-03,72
KA-03,Gundlupete PS,Theft,2022-07-22,68
KA-09,City Market PS,Cyber Crime,2022-03-02,65
KA-26,Guttal PS,Fraud,2023-03-20,62
KA-01,Shakti Nagar PS,Drug Offence,2022-01-18,58
KA-23,Mulbagal Rural PS,Burglary,2024-10-24,55
KA-06,Chittapura PS,Cyber Crime,2025-04-03,55
KA-23,APMC Navanagar,Drug Offence,2023-01-07,50
KA-26,Chitradurga Women PS,Theft,2022-03-03,50
KA-21,Gokarna PS,Rioting,2025-11-13,50
KA-01,Bajpe PS,Cyber Crime,2022-05-18,50
KA-03,Malpe PS,Vehicle Theft,2022-02-07,50
KA-11,Malavalli Town PS,Rioting,2025-06-13,50
KA-14,Mangaluru South PS,Burglary,2022-07-18,50
KA-09,Revoor PS,Fraud,2024-03-27,50
KA-30,Konanur PS,Domestic Violence,2022-12-18,50
KA-14,Jayanagar PS,Theft,2024-06-06,50
KA-07,CEN Crime PS Hubballi Dharwad City,Rioting,2023-08-26,50
KA-03,Mysuru CEN Crime PS,Burglary,2025-04-06,50
KA-04,Ghantikeri PS,Vehicle Theft,2022-02-22,50
KA-25,Abbinahole PS,Murder,2024-11-01,50
KA-14,Sira PS,Vehicle Theft,2022-04-02,50
KA-04,Tekkalkota PS,Murder,2022-07-05,50
KA-16,Chamarajpet PS,Kidnapping,2025-01-22,50
KA-04,Dhannura PS,Murder,2024-12-13,49
KA-12,Kembhavi PS,Kidnapping,2025-10-22,49
KA-02,Udupi CEN Crime PS,Kidnapping,2024-08-17,49
KA-18,Uppinangadi PS,Assault,2022-04-17,49
KA-21,Kasabapeth PS,Burglary,2023-04-07,49
KA-23,Ramanagara Women PS,Burglary,2023-09-17,49
KA-26,Kallambella PS,Drug Offence,2022-07-18,48
KA-26,Hirehadagali PS,Robbery,2022-12-01,48
KA-12,Jalhalli PS,Domestic Violence,2023-08-14,48
KA-06,Kapu PS,Kidnapping,2025-06-22,48
KA-25,Vidyaranyarpuram PS,Fraud,2025-07-16,48
KA-31,Belagavi City CEN Crime PS,Cyber Crime,2023-12-18,48
KA-11,Koppal Rural PS,Domestic Violence,2023-06-10,48
KA-27,Santemaralli PS,Robbery,2023-07-15,48
KA-07,Tavaregera PS,Kidnapping,2025-05-22,47
KA-02,Tiptur Town PS,Drug Offence,2023-07-03,47
KA-21,Besagaraghalli PS,Cyber Crime,2024-05-18,47
KA-11,Mico Layout PS,Assault,2025-03-12,47
KA-20,Sringeri PS,Murder,2023-01-28,47
KA-25,Thilakwadi PS,Murder,2024-09-21,47
KA-23,Mudalgi PS,Rioting,2025-10-05,47
KA-23,M.K. Doddi PS,Fraud,2023-06-01,46
KA-11,Malavalli Town PS,Drug Offence,2025-06-13,46
KA-29,Vyalikaval PS,Kidnapping,2022-10-26,46
KA-17,Balur PS,Domestic Violence,2023-07-02,46
KA-24,Malur PS,Burglary,2023-02-25,46
KA-28,Viveknagar PS,Vehicle Theft,2024-03-08,46
KA-11,Balur PS,Theft,2022-01-15,46
KA-13,Tiptur Town PS,Cyber Crime,2024-03-25,46
KA-20,Banavasi PS,Murder,2024-12-18,46
KA-03,Kudur PS,Domestic Violence,2025-11-07,46
KA-06,Tadas PS,Fraud,2023-02-10,46
KA-25,Kempegowda Nagar PS,Rioting,2022-12-06,45
KA-11,Mulbagal Rural PS,Fraud,2023-03-18,45
KA-31,Mandya West PS,Fraud,2023-03-04,45
KA-21,K.R. Nagar PS,Rioting,2025-02-22,45
KA-03,Gandhi Nagar PS,Cyber Crime,2022-04-22,45
KA-18,Sadashivanagar PS,Drug Offence,2025-07-08,45
KA-04,Gokarna PS,Vehicle Theft,2023-01-16,45
KA-15,Bajpe PS,Domestic Violence,2023-08-15,45
KA-07,Kollegala Town PS,Rioting,2025-06-05,45
KA-22,Devara Hipparagi PS,Murder,2024-02-01,45
KA-25,Kallambella PS,Vehicle Theft,2024-01-04,45
KA-03,Yelahanka PS,Cyber Crime,2025-12-26,45
KA-13,Doddaballapura Rural PS,Theft,2024-11-21,45
KA-22,Devara Hipparagi PS,Murder,2022-06-15,44
KA-26,Kapu PS,Assault,2022-07-07,44
KA-29,Chittapura PS,Domestic Violence,2022-04-14,44
KA-14,Mangaluru South PS,Murder,2022-07-18,44
KA-16,T.B. Dam PS,Vehicle Theft,2022-11-12,44
KA-17,Chamarajanagar Rural PS,Kidnapping,2025-06-14,44
KA-27,Devalagangapur PS,Burglary,2025-05-16,44
KA-09,Kuknoor PS,Kidnapping,2022-05-20,44
KA-17,Yamakanmardi PS,Robbery,2025-09-11,44
KA-06,Malavalli Town PS,Theft,2022-11-08,44
KA-30,Gokak Rural PS,Cyber Crime,2024-10-03,43
KA-14,Brahmavar PS,Domestic Violence,2023-06-16,43
KA-12,Yadgir Rural PS,Kidnapping,2023-11-11,43
KA-02,Govindaraja Nagar PS,Assault,2022-06-13,43
KA-02,Chamarajpet PS,Assault,2025-10-15,43
KA-17,Shikaripura Rural PS,Burglary,2022-01-26,43
KA-11,Mallanduru PS,Cyber Crime,2023-08-14,43
KA-02,Sindhanur Town PS,Vehicle Theft,2025-02-25,42
KA-22,Devalagangapur PS,Cyber Crime,2022-04-21,42
KA-08,Napoklu PS,Theft,2022-03-18,42
KA-11,Raibag PS,Murder,2025-11-24,42
KA-29,Kalasipalya PS,Assault,2024-08-17,42
KA-11,Shanthapur PS,Vehicle Theft,2023-05-23,42
KA-05,Siddapura PS,Theft,2023-06-21,42
KA-12,Sirsi Town PS,Murder,2023-08-23,42
KA-09,Santhebennur PS,Cyber Crime,2023-01-15,42
KA-11,Turvihal PS,Rioting,2024-07-04,42
KA-17,Mallanduru PS,Vehicle Theft,2023-09-22,42
KA-04,Arakere PS,Robbery,2023-07-09,42
KA-22,Chandra Layout PS,Fraud,2022-11-10,42
KA-03,Belagavi City Women PS,Robbery,2023-02-28,42
KA-28,Attibele PS,Theft,2022-11-21,42
KA-10,Doddawad PS,Burglary,2024-02-16,42
KA-17,Doddaballapura Rural PS,Murder,2022-12-17,41
KA-01,Halageri PS,Assault,2023-10-20,41
KA-17,Dhannura PS,Drug Offence,2025-12-09,41
KA-01,Devara Hipparagi PS,Robbery,2023-11-06,41
KA-16,Avalahally PS,Rioting,2023-11-06,41
KA-10,Gandasi PS,Theft,2023-03-04,41
KA-04,Siruguppa PS,Robbery,2025-08-17,41
KA-30,Balur PS,Rioting,2023-12-27,41
KA-24,Turuvkere PS,Rioting,2023-09-06,41
KA-13,Viveknagar PS,Domestic Violence,2024-10-16,41
KA-02,Hiriyur Rural PS,Murder,2023-02-04,41
KA-17,Imangala PS,Theft,2022-02-27,41
KA-24,Hassan Women PS,Murder,2022-11-06,41
KA-29,Malavalli Town PS,Fraud,2025-02-23,40
KA-17,Kapu PS,Rioting,2024-08-07,40
KA-15,H.S.R.Layout PS,Burglary,2022-02-07,40
KA-22,Besagaraghalli PS,Robbery,2024-05-05,40
KA-15,Kamasamudram PS,Burglary,2024-12-14,40
KA-08,Hadagali PS,Theft,2024-12-24,40
KA-22,Whitefield PS,Rioting,2022-03-06,40
KA-25,Sadar Bazar PS,Burglary,2023-07-23,40
KA-04,Bidar Town PS,Kidnapping,2022-12-17,40
KA-06,Madanahipparga PS,Burglary,2024-09-03,40
KA-20,Kapu PS,Vehicle Theft,2023-09-11,40
KA-23,Ramnagar PS,Burglary,2024-11-23,40
KA-27,Hariharapura PS,Cyber Crime,2023-10-06,40
KA-22,Kodagu CEN Crime PS,Fraud,2025-08-04,40
KA-21,Hullahalli PS,Fraud,2025-01-26,40
KA-29,Kallambella PS,Assault,2024-05-11,40
KA-13,Kodagu Women PS,Cyber Crime,2025-11-22,40
KA-24,Yamakanmardi PS,Rioting,2025-12-02,40
KA-03,Azad Nagar PS,Kidnapping,2022-09-28,39
KA-24,H.S.R.Layout PS,Assault,2024-08-17,39
KA-28,Saragur PS,Murder,2022-05-17,39
KA-07,Vijayanagar PS,Drug Offence,2024-02-24,39
KA-07,Yamakanmardi PS,Drug Offence,2025-01-07,39
KA-17,Hariharapura PS,Rioting,2025-07-16,39
KA-31,Kuknoor PS,Vehicle Theft,2024-05-23,39
KA-10,Mico Layout PS,Fraud,2025-06-04,39
KA-05,Bagalkot Women PS,Assault,2022-12-19,39
KA-12,Halageri PS,Murder,2023-06-23,39
KA-14,Tekkalkota PS,Rioting,2022-03-25,39
KA-17,Kanakagiri PS,Assault,2025-07-05,39
KA-10,Bajpe PS,Burglary,2024-03-27,39
KA-18,Arakere PS,Murder,2025-03-11,39
KA-28,Mallanduru PS,Assault,2022-03-27,39
KA-09,Kutta PS,Robbery,2023-09-27,39
KA-03,Kembhavi PS,Burglary,2022-11-20,39
KA-19,Nandini Layout PS,Drug Offence,2022-07-03,39
KA-27,Kodagu CEN Crime PS,Drug Offence,2022-12-01,39
KA-19,Kodagu CEN Crime PS,Domestic Violence,2024-08-16,39
KA-12,Jalhalli PS,Cyber Crime,2025-03-05,38
KA-01,Hirisave PS,Murder,2023-01-26,38
KA-12,Managoli PS,Kidnapping,2022-02-03,38
KA-04,Ponnampet PS,Cyber Crime,2024-11-26,38
KA-25,Chandra Layout PS,Vehicle Theft,2022-05-12,38
KA-25,Yamakanmardi PS,Burglary,2025-01-11,38
KA-01,Bajpe PS,Robbery,2022-05-18,38
KA-28,Lakkavalli PS,Robbery,2025-03-05,38
KA-27,Ballari Rural PS,Murder,2024-02-08,38
KA-10,Azad Nagar PS,Domestic Violence,2023-09-15,38
KA-07,Kuknoor PS,Rioting,2022-11-07,38
KA-22,City Market PS,Vehicle Theft,2024-08-14,38
KA-15,Bendigeri PS,Vehicle Theft,2023-06-05,38
KA-12,Bajpe PS,Fraud,2022-09-12,38
KA-30,Yelahanka PS,Murder,2025-11-20,37
KA-11,K.R. Pet Town PS,Burglary,2024-01-20,37
KA-30,Tumkur CEN Crime PS,Cyber Crime,2022-04-02,37
KA-20,Hiriyur Rural PS,Theft,2022-04-03,37
KA-25,Kodihalli PS,Murder,2022-05-21,37
KA-06,Chikkajala PS,Domestic Violence,2023-03-10,37
KA-11,Hospet Town PS,Burglary,2022-10-25,37
KA-19,Vibanagara PS,Murder,2022-08-21,37
KA-04,Belagavi City Women PS,Cyber Crime,2022-07-10,37
KA-31,Jalhalli PS,Cyber Crime,2023-03-09,37
KA-02,Hirehadagali PS,Domestic Violence,2024-12-10,37
KA-19,Byappanahalli PS,Theft,2025-10-06,37
KA-29,Kasabapeth PS,Kidnapping,2022-07-08,37
KA-26,Bengaluru Dist Women PS,Theft,2025-02-20,36
KA-21,Shahabad Town PS,Cyber Crime,2024-06-03,36
KA-17,Saragur PS,Domestic Violence,2024-02-22,36
KA-14,Mangaluru South PS,Kidnapping,2022-07-18,36
KA-25,APMC Navanagar,Burglary,2023-03-08,36
KA-16,Chikkanayakanahalli PS,Burglary,2022-12-13,36
KA-27,Idapanur PS,Kidnapping,2022-04-02,36
KA-25,Thilakwadi PS,Robbery,2024-09-21,36
KA-10,Miryan PS,Murder,2023-09-17,36
KA-20,Kodihalli PS,Cyber Crime,2024-12-25,36
KA-12,Kodagu Women PS,Burglary,2025-08-11,36
KA-26,Kencharlahalli PS,Burglary,2023-11-25,36
KA-03,Shankarpura PS,Burglary,2025-11-04,36
KA-14,Mayakonda PS,Drug Offence,2025-07-20,36
KA-05,Ponnampet PS,Drug Offence,2025-12-13,36
KA-09,Malpe PS,Murder,2025-06-20,36
KA-30,Kuvempunagar PS,Assault,2023-12-06,36
KA-28,Shakti Nagar PS,Cyber Crime,2023-09-05,36
KA-19,Humnabad PS,Theft,2023-02-24,35
KA-06,Kundapura PS,Drug Offence,2023-08-18,35
KA-10,Kushnoor PS,Burglary,2022-01-12,35
KA-24,Chandrashekarpura PS,Assault,2022-01-27,35
KA-11,Hokrana PS,Murder,2023-08-01,35
KA-11,High Grounds PS,Rioting,2025-05-05,35
KA-09,Bilagi PS,Fraud,2025-12-15,35
KA-12,Jayaprakash Nagar PS,Fraud,2025-11-23,35
KA-15,Bendigeri PS,Kidnapping,2023-06-27,35
KA-28,K.T.J Nagar PS,Murder,2022-03-27,35
KA-01,Bagalkot Rural PS,Kidnapping,2025-02-18,35
KA-19,Bendigeri PS,Robbery,2022-06-03,35
KA-12,Ragavendra nagar PS,Cyber Crime,2024-07-20,35
KA-20,Sadar Bazar PS,Fraud,2023-08-02,34
KA-23,City Market PS,Robbery,2025-04-20,34
KA-10,Shahapur PS,Cyber Crime,2024-12-04,34
KA-20,Alur PS,Drug Offence,2024-11-03,34
KA-24,Kampli PS,Robbery,2024-01-09,34
KA-07,Goruru PS,Theft,2023-10-13,34
KA-11,Shikaripura Rural PS,Murder,2023-08-18,34
KA-21,Kalasipalya PS,Domestic Violence,2022-01-01,34
KA-25,Alur PS,Murder,2023-03-04,34
KA-08,K.R. Pet Town PS,Robbery,2024-07-23,34
KA-12,Kapu PS,Rioting,2025-07-17,34
KA-09,Gabbur PS,Assault,2025-09-16,34
KA-11,Kembhavi PS,Fraud,2025-02-09,34
KA-18,Byappanahalli PS,Assault,2024-12-24,34
KA-12,Shankarpura PS,Theft,2023-09-19,34
KA-17,Saragur PS,Kidnapping,2025-07-27,34
KA-13,Tumakur Rural PS,Rioting,2022-10-10,34
KA-01,Bajpe PS,Kidnapping,2022-05-18,33
KA-05,Chitradurga Women PS,Rioting,2023-10-02,33
KA-20,Mayakonda PS,Drug Offence,2024-07-08,33
KA-29,Peresandra PS,Fraud,2025-01-10,33
KA-08,Tekkalkota PS,Cyber Crime,2022-03-28,33
KA-18,Gandasi PS,Burglary,2022-08-06,33
KA-17,Saragur PS,Assault,2024-12-15,33
KA-07,K.T.J Nagar PS,Fraud,2024-10-21,33
KA-01,Govindaraja Nagar PS,Theft,2024-04-24,33
KA-17,Bailhongal PS,Drug Offence,2025-01-22,33
KA-01,Jagalur PS,Rioting,2022-10-09,33
KA-29,Agumbe PS,Vehicle Theft,2022-08-04,33
KA-11,Jnanabharathi PS,Assault,2022-02-12,33
KA-06,Kamakshipalya PS,Domestic Violence,2025-04-22,33
KA-26,Tumkur CEN Crime PS,Theft,2025-01-22,33
KA-31,Chikkaballapura CEN Crime PS,Vehicle Theft,2022-06-20,33
KA-12,K.B. Cross PS,Vehicle Theft,2022-08-23,33
KA-02,City Market PS,Fraud,2022-08-18,33
KA-04,Hampi Tourism PS,Cyber Crime,2023-01-20,33
KA-22,Devara Hipparagi PS,Domestic Violence,2023-08-28,33
KA-13,Shanthapur PS,Cyber Crime,2025-10-13,33
KA-04,Tekkalkota PS,Assault,2022-07-05,33
KA-02,Cubbon Park PS,Burglary,2024-06-07,33
KA-13,Idapanur PS,Vehicle Theft,2022-09-15,33
KA-24,Bemalkhed PS,Kidnapping,2022-04-01,32
KA-21,Banavasi PS,Domestic Violence,2025-06-06,32
KA-24,Bellanduru PS,Assault,2024-07-24,32
KA-23,Jagalur PS,Rioting,2025-11-15,32
KA-24,Revoor PS,Burglary,2022-04-22,32
KA-01,Bindiganavile PS,Kidnapping,2025-06-02,32
KA-17,Chikkanayakanahalli PS,Robbery,2022-10-17,32
KA-15,Chikkaballapura CEN Crime PS,Theft,2025-06-21,32
KA-02,Kanakagiri PS,Kidnapping,2023-08-20,32
KA-14,Yeshwanthapura PS,Rioting,2025-06-12,32
KA-28,Bidar Town PS,Cyber Crime,2022-07-04,32
KA-27,Hampi Tourism PS,Fraud,2025-08-14,32
KA-16,Mahalingapur PS,Rioting,2024-06-25,32
KA-29,Nanjanagudu Town PS,Murder,2023-11-03,32
KA-17,Bagalur PS,Theft,2025-05-20,32
KA-15,Napoklu PS,Burglary,2023-03-12,32
KA-11,Raibag PS,Assault,2025-09-18,32
KA-02,Kalaburagi City CENCrime PS,Theft,2022-01-21,32
KA-08,Balur PS,Kidnapping,2023-03-13,32
KA-30,Maddur PS,Theft,2023-10-15,32
KA-15,Bidar Women PS,Burglary,2024-02-27,32
KA-19,Chitradurga Women PS,Domestic Violence,2023-03-09,32
KA-09,Bellanduru PS,Vehicle Theft,2022-03-26,32
KA-29,Hassan Women PS,Drug Offence,2024-07-20,32
KA-23,City Market PS,Domestic Violence,2025-04-20,31
KA-22,Patanayakanahalli PS,Vehicle Theft,2022-10-25,31
KA-07,Ramanagara Women PS,Robbery,2023-01-28,31
KA-05,Kutta PS,Domestic Violence,2025-11-19,31
KA-12,Yamakanmardi PS,Rioting,2025-12-26,31
KA-06,Ponnampet PS,Vehicle Theft,2022-10-23,31
KA-13,Kudur PS,Rioting,2022-06-04,31
KA-20,Banavasi PS,Robbery,2024-12-18,31
KA-16,Managoli PS,Murder,2025-06-20,31
KA-01,Thalak PS,Fraud,2022-10-05,31
KA-28,Tumakur Rural PS,Vehicle Theft,2022-08-27,31
KA-20,Besagaraghalli PS,Kidnapping,2022-08-10,31
KA-25,Manvi PS,Fraud,2023-04-07,31
KA-10,Bagalkot Women PS,Murder,2025-07-14,31
KA-18,Kamasamudram PS,Vehicle Theft,2022-06-18,31
KA-11,Udupi CEN Crime PS,Drug Offence,2024-05-06,31
KA-07,Sadar Bazar PS,Cyber Crime,2024-11-01,31
KA-21,H.S.R.Layout PS,Vehicle Theft,2023-11-23,31
KA-27,Vidyaranyarpuram PS,Murder,2022-12-17,31
KA-22,Balur PS,Kidnapping,2022-09-19,31
KA-16,Gundlupete PS,Kidnapping,2022-08-06,30
KA-29,Belagavi CEN Crime PS,Assault,2024-01-10,30
KA-30,Devara Hipparagi PS,Burglary,2024-03-10,30
KA-05,Shahabad Town PS,Burglary,2023-06-12,30
KA-10,Udupi CEN Crime PS,Robbery,2025-01-22,30
KA-23,Kempegowda Nagar PS,Theft,2024-04-23,30
KA-15,Vibanagara PS,Fraud,2025-05-28,30
KA-14,Hullahalli PS,Murder,2022-01-22,30
KA-01,Kencharlahalli PS,Assault,2024-02-15,30
KA-23,Chigateri PS,Burglary,2024-05-25,30
KA-19,Jagalur PS,Cyber Crime,2023-08-21,30
KA-17,Kodagu CEN Crime PS,Assault,2024-06-12,30
KA-07,Bidadi PS,Robbery,2024-08-26,30
KA-01,Bagalkot Rural PS,Murder,2023-06-14,30
KA-16,Vibanagara PS,Drug Offence,2025-10-26,30
KA-26,Sadar Bazar PS,Murder,2024-05-02,30
KA-21,K.R. Nagar PS,Domestic Violence,2025-02-22,30
KA-14,Vemagal PS,Robbery,2024-10-05,30
KA-30,Gokak Rural PS,Kidnapping,2024-10-03,30
KA-11,Munirabad PS,Robbery,2022-06-22,30
KA-17,Dandeli Town PS,Drug Offence,2022-03-26,29
KA-29,V.V. Puram PS,Murder,2025-10-07,29
KA-13,Bankapura PS,Assault,2022-02-27,29
KA-31,Kampli PS,Kidnapping,2024-11-18,29
KA-11,Kamakshipalya PS,Cyber Crime,2024-02-27,29
KA-30,Manvi PS,Kidnapping,2024-03-17,29
KA-20,APMC Navanagar,Assault,2024-03-10,29
KA-30,Yamakanmardi PS,Cyber Crime,2025-04-07,29
KA-21,Kadra PS,Drug Offence,2023-08-25,29
KA-18,Belagavi CEN Crime PS,Fraud,2024-07-04,29
KA-17,Turuvkere PS,Fraud,2024-10-20,29
KA-21,Bilagi PS,Kidnapping,2025-09-17,29
KA-15,Santemaralli PS,Robbery,2022-01-23,29
KA-18,Chigateri PS,Kidnapping,2024-06-26,29
KA-06,Chittapura PS,Fraud,2025-04-03,29
KA-24,Manvi PS,Murder,2024-02-21,29
KA-11,Mulbagal Rural PS,Rioting,2023-03-18,29
KA-07,Subramanya Nagar PS,Rioting,2022-12-17,29
KA-07,Vijayanagar PS,Domestic Violence,2024-02-24,29
KA-07,Gandhi Chowk PS,Drug Offence,2025-03-27,29
KA-29,Sirsi Town PS,Burglary,2024-04-22,29
KA-23,Mudalgi PS,Drug Offence,2025-10-05,29
KA-16,Mangaluru North PS,Assault,2024-08-09,29
KA-31,Kalaburagi City CENCrime PS,Theft,2025-10-04,29
KA-20,Kembhavi PS,Fraud,2025-09-28,29
KA-07,Belagavi City Women PS,Murder,2024-01-28,28
KA-26,Ranebennur Town PS,Murder,2023-08-13,28
KA-03,Kanakagiri PS,Domestic Violence,2024-09-12,28
KA-17,Sirsi Town PS,Fraud,2024-09-10,28
KA-25,Humnabad PS,Robbery,2025-05-08,28
KA-04,Jnanabharathi PS,Drug Offence,2024-06-16,28
KA-01,Commercial Street PS,Burglary,2022-05-14,28
KA-13,Ranebennur Town PS,Robbery,2022-03-04,28
KA-09,Chikkamagalur Women PS,Vehicle Theft,2023-08-26,28
KA-03,Bengaluru Dist Women PS,Domestic Violence,2022-01-04,28
KA-25,Naragund PS,Theft,2025-05-20,28
KA-03,Patapalya PS,Murder,2024-01-05,28
KA-16,Gokak Rural PS,Cyber Crime,2025-01-05,28
KA-24,Dharwad Women PS,Assault,2023-10-20,28
KA-26,Balur PS,Theft,2024-08-26,28
KA-26,Kencharlahalli PS,Assault,2025-02-07,28
KA-10,Karwar Town PS,Robbery,2023-10-28,28
KA-01,Huliyar PS,Kidnapping,2024-07-19,28
KA-18,Chowka PS,Burglary,2025-11-20,28
KA-18,H.S.R.Layout PS,Vehicle Theft,2023-05-26,28
KA-11,Jewargi PS,Assault,2022-09-14,28
KA-29,Khadakalat PS,Kidnapping,2022-06-20,28
KA-12,Anavatti PS,Kidnapping,2022-10-11,28
KA-01,Balur PS,Rioting,2025-08-06,28
KA-21,H.S.R.Layout PS,Vehicle Theft,2023-01-25,28
KA-25,Yedrami PS,Kidnapping,2025-12-07,27
KA-28,Hassan Women PS,Drug Offence,2025-05-23,27
KA-18,Turuvanur (Jogi) PS,Kidnapping,2024-11-11,27
KA-30,T.B. Dam PS,Rioting,2023-06-08,27
KA-11,Raibag PS,Drug Offence,2025-09-18,27
KA-17,Managoli PS,Assault,2024-02-07,27
KA-12,Arakere PS,Rioting,2024-07-22,27
KA-11,Badavanahalli PS,Burglary,2024-05-03,27
KA-10,Munirabad PS,Domestic Violence,2025-11-17,27
KA-29,Yelburga PS,Drug Offence,2023-08-16,27
KA-13,City Market PS,Kidnapping,2023-02-27,27
KA-13,Chittavadagi PS,Drug Offence,2023-05-13,27
KA-30,Ramnagar PS,Burglary,2024-05-17,27
KA-18,V.V. Puram PS,Vehicle Theft,2025-11-24,27
KA-05,Mandya West PS,Kidnapping,2023-07-21,27
KA-10,Chigateri PS,Vehicle Theft,2025-05-21,27
KA-09,Byatarayanapura PS,Drug Offence,2022-04-13,27
KA-12,Bankapura PS,Burglary,2023-07-15,27
KA-12,Revoor PS,Robbery,2025-09-21,27
KA-31,Kodagu Women PS,Drug Offence,2024-02-24,27
KA-31,Kadra PS,Cyber Crime,2025-01-23,27
KA-30,Yadgir Rural PS,Domestic Violence,2025-04-05,27
KA-19,Whitefield PS,Rioting,2023-04-08,26
KA-18,Mysore South PS,Vehicle Theft,2025-01-24,26
KA-17,Naragund PS,Vehicle Theft,2025-09-24,26
KA-03,Brahmavar PS,Cyber Crime,2022-10-16,26
KA-23,Dhannura PS,Theft,2024-08-09,26
KA-25,Chandra Layout PS,Fraud,2023-02-18,26
KA-23,Bantwala Town PS,Domestic Violence,2024-07-03,26
KA-11,Hadagali PS,Cyber Crime,2024-01-06,26
KA-19,Balur PS,Assault,2024-02-06,26
KA-03,Raichur Women PS,Assault,2022-06-22,26
KA-23,Devaraja PS,Assault,2022-10-14,26
KA-30,Kodagu Women PS,Drug Offence,2022-06-22,26
KA-20,Mangaluru South PS,Vehicle Theft,2025-08-15,26
KA-27,Huliyar PS,Cyber Crime,2024-08-15,26
KA-12,Nanjanagudu Town PS,Fraud,2024-01-28,26
KA-09,Kutta PS,Burglary,2023-09-27,26
KA-09,Byndoor PS,Assault,2025-10-02,26
KA-23,K.B. Cross PS,Rioting,2022-06-11,26
KA-05,Teradal PS,Murder,2025-10-12,26
KA-26,Attibele PS,Fraud,2023-11-14,26
KA-03,Gadag Women PS,Rioting,2023-01-02,26
KA-21,Nelamangala Town PS,Cyber Crime,2023-02-18,26
KA-14,Bhatkal Town PS,Vehicle Theft,2023-09-10,26
KA-03,Maddur PS,Burglary,2025-06-04,26
KA-13,Alur PS,Rioting,2025-04-10,26
KA-26,Bengaluru Dist Women PS,Burglary,2025-02-20,26
KA-05,Sampigehalli PS,Theft,2022-08-20,26
KA-21,Konanakunte PS,Vehicle Theft,2022-08-16,26
KA-14,Ranebennur Town PS,Murder,2024-11-16,26
KA-14,Tadas PS,Kidnapping,2025-04-25,26
KA-26,Mulbagal Rural PS,Burglary,2024-06-08,25
KA-15,Bidar Women PS,Fraud,2024-02-27,25
KA-05,Bilagi PS,Domestic Violence,2025-05-10,25
KA-21,Chowka PS,Robbery,2022-06-02,25
KA-03,Sampigehalli PS,Cyber Crime,2022-11-05,25
KA-05,Andersonpet PS,Murder,2025-01-08,25
KA-24,Jamakhandi Town PS,Kidnapping,2023-06-06,25
KA-06,Konanakunte PS,Fraud,2022-09-28,25
KA-03,Kadra PS,Burglary,2024-03-13,25
KA-12,Besagaraghalli PS,Rioting,2025-03-04,25
KA-24,Malur PS,Rioting,2023-02-25,25
KA-05,Siddapura PS,Burglary,2023-06-21,25
KA-04,Mysore South PS,Murder,2024-12-02,25
KA-24,East CEN Crime PS,Rioting,2023-10-18,25
KA-25,Subramanya Nagar PS,Domestic Violence,2023-10-09,25
KA-14,Chikkamagalur Women PS,Fraud,2023-03-09,25
KA-27,Bidadi PS,Burglary,2023-01-13,25
KA-05,Sampigehalli PS,Murder,2022-08-20,25
KA-12,Bankapura PS,Domestic Violence,2023-07-15,25
KA-17,Dandeli Town PS,Murder,2022-03-26,25
KA-21,Chikkaballapura CEN Crime PS,Assault,2022-05-08,25
KA-07,Tumkur CEN Crime PS,Burglary,2022-03-07,25
KA-07,Bagalkot Women PS,Kidnapping,2022-01-10,25
KA-25,Maddur PS,Rioting,2023-01-02,25
KA-25,Dharmasthala PS,Rioting,2023-08-10,25
KA-18,Chowka PS,Robbery,2022-09-10,25
KA-16,Tiptur Town PS,Vehicle Theft,2023-01-08,25
KA-11,Yelahanka PS,Cyber Crime,2025-04-05,25
KA-08,Surathkal PS,Burglary,2022-08-27,24
KA-15,Koratagere PS,Theft,2023-04-20,24
KA-28,Doddawad PS,Domestic Violence,2025-02-22,24
KA-06,Yeregera PS,Domestic Violence,2022-10-11,24
KA-06,Doddawad PS,Murder,2024-04-16,24
KA-04,Raichur Women PS,Domestic Violence,2025-03-19,24
KA-26,Balur PS,Burglary,2024-08-26,24
KA-04,Mannalli PS,Robbery,2022-10-08,24
KA-08,Brahmavar PS,Robbery,2025-05-26,24
KA-25,Yedrami PS,Vehicle Theft,2025-12-07,24
KA-10,Bajpe PS,Kidnapping,2024-03-27,24
KA-26,Vijayapura PS,Kidnapping,2025-08-16,24
KA-24,Shahapura PS,Fraud,2024-06-05,24
KA-16,Hunusur Town PS,Burglary,2025-04-13,24
KA-14,Holenarasipura Rural PS,Fraud,2025-12-07,24
KA-03,Maddur PS,Cyber Crime,2025-06-04,24
KA-23,K.R. Nagar PS,Rioting,2024-07-12,24
KA-02,Guttal PS,Domestic Violence,2022-01-07,24
KA-11,Mangaluru North PS,Rioting,2022-02-22,24
KA-16,Byappanahalli PS,Domestic Violence,2022-05-01,24
KA-04,Tiptur Town PS,Fraud,2022-03-11,24
KA-13,Betageri Extention PS,Rioting,2024-12-23,24
KA-04,Shankarpura PS,Burglary,2024-01-02,24
KA-14,Besagaraghalli PS,Kidnapping,2024-04-19,24
KA-24,Jayaprakash Nagar PS,Robbery,2023-09-07,23
KA-10,Sirsi Town PS,Domestic Violence,2025-02-10,23
KA-29,Belagavi Rural PS,Assault,2025-01-27,23
KA-07,Doddawad PS,Murder,2024-10-01,23
KA-28,Agumbe PS,Burglary,2024-07-22,23
KA-02,Cubbon Park PS,Murder,2022-06-23,23
KA-20,Jalhalli PS,Domestic Violence,2025-03-18,23
KA-12,Kempegowda Nagar PS,Murder,2025-08-06,23
KA-10,Alur PS,Cyber Crime,2025-03-04,23
KA-11,Koppal Rural PS,Robbery,2023-06-10,23
KA-13,Teradal PS,Assault,2022-07-28,23
KA-18,Mannalli PS,Fraud,2023-05-03,23
KA-25,Betageri Extention PS,Burglary,2022-02-04,23
KA-18,Kalaburagi City CENCrime PS,Fraud,2024-07-14,23
KA-25,Mulbagal Rural PS,Robbery,2024-12-24,23
KA-07,Revoor PS,Drug Offence,2025-08-17,23
KA-25,Thalaghattapura PS,Assault,2023-07-01,23
KA-17,Mico Layout PS,Kidnapping,2024-04-17,23
KA-17,Chigateri PS,Theft,2024-12-25,23
KA-18,Dandeli Town PS,Cyber Crime,2025-07-02,23
KA-02,P.D. Halli PS,Murder,2024-06-26,23
KA-05,Ranebennur Town PS,Burglary,2025-04-11,23
KA-02,Kalaburagi City CENCrime PS,Cyber Crime,2022-01-21,23
KA-01,Ramnagar PS,Fraud,2025-02-05,23
KA-23,Tiptur Town PS,Burglary,2024-03-22,23
KA-07,Lakkavalli PS,Rioting,2025-02-11,23
KA-21,Hebri PS,Burglary,2022-05-15,23
KA-06,Shankarpura PS,Drug Offence,2022-03-23,23
KA-23,Goruru PS,Drug Offence,2025-09-24,23
KA-09,Hariharapura PS,Burglary,2025-04-15,23
KA-10,Jamakhandi Town PS,Robbery,2023-08-03,23
KA-19,Sringeri PS,Fraud,2023-10-26,22
KA-15,Gadag CEN Crime PS,Theft,2022-09-24,22
KA-23,Gowribidanur Rural PS,Assault,2022-10-09,22
KA-29,Bagalkot Rural PS,Burglary,2022-01-20,22
KA-22,Mangaluru South PS,Fraud,2022-10-16,22
KA-06,Hebbal PS,Drug Offence,2025-10-08,22
KA-02,Kodagu CEN Crime PS,Murder,2025-03-20,22
KA-29,Chitradurga Women PS,Drug Offence,2024-05-02,22
KA-16,Shankarpura PS,Domestic Violence,2023-10-17,22
KA-15,Gandhi Chowk PS,Robbery,2022-09-16,22
KA-19,Kodihalli PS,Murder,2025-12-02,22
KA-06,Commercial Street PS,Rioting,2023-01-03,22
KA-30,Naragund PS,Kidnapping,2022-02-02,22
KA-14,Kampli PS,Rioting,2025-02-24,22
KA-29,Kollegala Town PS,Murder,2023-03-06,22
KA-24,Lingasugur PS,Robbery,2023-02-09,22
KA-26,Ghantikeri PS,Drug Offence,2025-08-21,22
KA-29,Tumakur Rural PS,Vehicle Theft,2023-01-07,22
KA-25,K.T.J Nagar PS,Theft,2023-04-02,22
KA-13,Honnali PS,Drug Offence,2025-12-18,22
KA-20,Khadebazar PS,Cyber Crime,2022-05-27,22
KA-25,Mangaluru South PS,Kidnapping,2024-07-09,22
KA-02,Kollegala Town PS,Kidnapping,2024-12-26,22
KA-23,Bilagi PS,Robbery,2024-06-15,22
KA-08,Balur PS,Rioting,2024-03-25,22
KA-24,Kamakshipalya PS,Theft,2025-04-15,22
KA-04,Bidar Town PS,Fraud,2022-12-17,22
KA-17,Mysore South PS,Rioting,2025-07-22,22
KA-17,Tiptur Town PS,Murder,2022-05-13,22
KA-17,T.B. Dam PS,Robbery,2022-12-14,21
KA-29,Andersonpet PS,Theft,2025-12-03,21
KA-17,T.B. Dam PS,Drug Offence,2022-12-14,21
KA-18,Kuvempunagar PS,Cyber Crime,2023-02-27,21
KA-26,Bidadi PS,Theft,2022-06-21,21
KA-14,Chigateri PS,Murder,2022-03-15,21
KA-20,Hebbal PS,Burglary,2025-11-26,21
KA-12,Kushtagi PS,Fraud,2025-08-22,21
KA-05,Uppinangadi PS,Vehicle Theft,2024-02-18,21
KA-15,Devara Hipparagi PS,Burglary,2024-12-12,21
KA-17,Champion Reefs  PS,Drug Offence,2024-06-03,21
KA-12,Kollegala Town PS,Rioting,2024-08-11,21
KA-07,Maddur PS,Burglary,2023-06-14,21
KA-21,Byatarayanapura PS,Drug Offence,2023-11-26,21
KA-13,Hosahalli PS,Murder,2024-11-25,21
KA-23,Mangalapet Market PS,Robbery,2022-04-08,21
KA-17,Mico Layout PS,Assault,2024-04-17,21
KA-12,Ramanagara Women PS,Fraud,2024-09-05,21
KA-31,Kodagu CEN Crime PS,Robbery,2023-04-18,21
KA-07,Hosahalli PS,Murder,2024-03-28,21
KA-04,Santhebennur PS,Domestic Violence,2024-02-08,21
KA-03,Sandur PS,Domestic Violence,2022-01-05,21
KA-05,Mahagoan PS,Assault,2023-02-10,21
KA-03,Nanjanagudu Town PS,Robbery,2022-12-12,21
KA-15,Kalasipalya PS,Kidnapping,2025-03-20,21
KA-29,Kapu PS,Burglary,2023-08-01,21
KA-26,Ballari Rural PS,Cyber Crime,2024-09-21,21
KA-17,K.R. Nagar PS,Kidnapping,2022-08-06,21
KA-26,Hirisave PS,Robbery,2025-05-04,21
KA-23,Mysuru CEN Crime PS,Murder,2022-08-23,21
KA-27,Kodagu CEN Crime PS,Kidnapping,2022-12-01,21
KA-29,Kapu PS,Burglary,2022-12-02,21
KA-06,Devalagangapur PS,Robbery,2022-12-05,21
KA-19,Varthur PS,Rioting,2023-03-14,21
KA-20,Gundlupete PS,Burglary,2024-06-23,20
KA-11,Yelahanka PS,Robbery,2024-01-28,20
KA-19,Chandrashekarpura PS,Assault,2024-08-17,20
KA-01,Surathkal PS,Rioting,2022-06-23,20
KA-07,Gadag Women PS,Drug Offence,2022-12-02,20
KA-07,Tadas PS,Theft,2025-04-07,20
KA-17,Ranebennur Town PS,Kidnapping,2024-04-11,20
KA-15,Yelburga PS,Rioting,2024-01-02,20
KA-17,Konanakunte PS,Murder,2025-03-21,20
KA-26,Ranebennur Town PS,Burglary,2023-08-13,20
KA-21,Mandya Rural PS,Vehicle Theft,2023-08-16,20
KA-06,Dharmasthala PS,Burglary,2024-01-26,20
KA-07,Avalahally PS,Cyber Crime,2022-08-16,20
KA-28,Mandya Rural PS,Vehicle Theft,2023-01-13,20
KA-07,Avalahally PS,Theft,2022-08-16,20
KA-12,Yeshwanthapura PS,Rioting,2023-03-28,20
KA-08,Dibburahalli PS,Burglary,2022-07-24,20
KA-16,Mahalingapur PS,Burglary,2022-03-01,20
KA-08,Patapalya PS,Assault,2025-10-11,20
KA-19,Chandrashekarpura PS,Murder,2024-08-17,20
KA-22,Kundapura PS,Drug Offence,2025-04-16,20
KA-11,High Grounds PS,Cyber Crime,2025-05-05,20
KA-13,Sira PS,Domestic Violence,2023-08-27,20
KA-12,Gabbur PS,Theft,2023-12-05,20
KA-12,Kushtagi PS,Rioting,2023-05-27,20
KA-04,Malur PS,Robbery,2022-12-05,20
KA-02,Maddur PS,Fraud,2024-01-25,20
KA-15,Kembhavi PS,Assault,2025-12-02,20
KA-13,Ramnagar PS,Murder,2025-04-14,20
KA-19,Shivajinagar PS,Robbery,2023-09-01,20
KA-19,Kamakshipalya PS,Kidnapping,2025-06-25,20
KA-07,Sindhanur Town PS,Fraud,2024-07-17,20
KA-04,Patanayakanahalli PS,Domestic Violence,2022-06-24,19
KA-31,Bengaluru Dist Women PS,Rioting,2024-01-24,19
KA-03,Naragund PS,Burglary,2024-09-11,19
KA-21,Konanakunte PS,Rioting,2022-08-16,19
KA-13,Gandasi PS,Robbery,2025-02-15,19
KA-04,Tekkalkota PS,Kidnapping,2022-07-05,19
KA-10,Karwar Town PS,Rioting,2025-04-17,19
KA-14,Sagara Town PS,Robbery,2025-08-20,19
KA-13,Sandur PS,Fraud,2022-04-24,19
KA-01,Shakti Nagar PS,Robbery,2022-01-18,19
KA-08,Raibag PS,Burglary,2022-08-19,19
KA-20,V.V. Puram PS,Kidnapping,2022-07-04,19
KA-04,Gokak Rural PS,Burglary,2022-04-13,19
KA-09,Yelburga PS,Drug Offence,2025-10-05,19
KA-27,Gokarna PS,Rioting,2024-03-22,19
KA-11,Doddawad PS,Domestic Violence,2025-04-15,19
KA-22,Yedrami PS,Fraud,2023-11-19,19
KA-05,Teradal PS,Rioting,2025-10-12,19
KA-02,Madiwala PS,Domestic Violence,2024-07-22,19
KA-21,H.S.R.Layout PS,Robbery,2023-01-25,19
KA-29,Ghantikeri PS,Kidnapping,2022-02-03,19
KA-20,Hebbal PS,Kidnapping,2025-11-26,18
KA-31,Kollegala Town PS,Vehicle Theft,2024-03-11,18
KA-08,Tekkalkota PS,Fraud,2022-03-28,18
KA-22,Avalahally PS,Drug Offence,2025-09-05,18
KA-13,Mayakonda PS,Fraud,2023-07-21,18
KA-12,Kempegowda Nagar PS,Assault,2023-02-25,18
KA-12,Bengaluru Dist Women PS,Vehicle Theft,2022-08-18,18
KA-11,Jigani PS,Burglary,2024-07-23,18
KA-06,Chikkanayakanahalli PS,Murder,2022-01-07,18
KA-06,Hirisave PS,Drug Offence,2024-12-21,18
KA-06,Holenarasipura Rural PS,Burglary,2022-12-13,18
KA-12,Mayakonda PS,Burglary,2023-08-04,18
KA-26,Hirehadagali PS,Domestic Violence,2022-12-01,18
KA-02,Maddur PS,Domestic Violence,2024-01-25,18
KA-17,Kodigehalli PS,Kidnapping,2024-04-13,18
KA-17,Mulbagal Rural PS,Robbery,2024-11-14,18
KA-25,Thalaghattapura PS,Theft,2023-07-01,18
KA-26,Ghantikeri PS,Murder,2025-12-15,18
KA-16,Gundlupete PS,Murder,2025-08-16,18
KA-19,Kodihalli PS,Vehicle Theft,2025-12-02,18
KA-08,Santhebennur PS,Robbery,2022-07-25,18
KA-11,Chandrashekarpura PS,Kidnapping,2024-02-12,18
KA-06,K.T.J Nagar PS,Drug Offence,2022-07-03,18
KA-29,Vemagal PS,Domestic Violence,2023-05-12,18
KA-19,Gadag Women PS,Assault,2025-07-22,17
KA-02,Udupi CEN Crime PS,Drug Offence,2024-08-17,17
KA-26,Mulbagal Rural PS,Cyber Crime,2024-06-08,17
KA-01,Cowlbazar PS,Drug Offence,2022-03-18,17
KA-30,Mallanduru PS,Robbery,2025-08-01,17
KA-01,Bhatkal Town PS,Fraud,2025-01-03,17
KA-19,Gokarna PS,Cyber Crime,2024-07-07,17
KA-24,Manna Ekhelli PS,Fraud,2025-11-01,17
KA-22,Mudalgi PS,Assault,2023-01-26,17
KA-01,Kempapura Agrahara PS,Drug Offence,2023-07-28,17
KA-05,Bagalkot Rural PS,Drug Offence,2023-02-04,17
KA-16,T.B. Dam PS,Theft,2022-11-12,17
KA-14,Manvi PS,Drug Offence,2023-07-21,17
KA-13,Abbinahole PS,Drug Offence,2025-06-24,17
KA-14,Gabbur PS,Theft,2023-05-05,17
KA-24,Besagaraghalli PS,Assault,2023-08-11,17
KA-26,Metagalli PS,Drug Offence,2025-09-22,17
KA-31,Hunusur Town PS,Cyber Crime,2023-11-11,17
KA-27,Belagavi City Women PS,Domestic Violence,2024-07-10,17
KA-04,Chamarajpet PS,Burglary,2023-12-15,17
KA-10,Sakkaraya Patna PS,Burglary,2023-11-23,17
KA-29,Shahapura PS,Cyber Crime,2025-01-01,17
KA-13,Devara Hipparagi PS,Cyber Crime,2024-05-23,16
KA-04,Kempapura Agrahara PS,Domestic Violence,2022-07-11,16
KA-06,Ponnampet PS,Robbery,2022-10-23,16
KA-29,Vemagal PS,Cyber Crime,2023-05-12,16
KA-10,Udupi CEN Crime PS,Rioting,2025-01-22,16
KA-28,Konanakunte PS,Kidnapping,2025-12-08,16
KA-05,Khadakalat PS,Burglary,2024-08-02,16
KA-27,Ballari Rural PS,Robbery,2024-02-08,16
KA-10,Humnabad PS,Burglary,2022-12-12,16
KA-17,Kodagu Women PS,Kidnapping,2023-12-10,16
KA-17,Hariharapura PS,Domestic Violence,2025-07-16,16
KA-18,Gandhi Nagar PS,Vehicle Theft,2024-11-23,16
KA-09,Badavanahalli PS,Rioting,2025-08-06,16
KA-23,Ballari Rural PS,Cyber Crime,2023-08-19,16
KA-27,Maddur PS,Assault,2022-10-14,16
KA-30,Maddur PS,Theft,2023-07-26,16
KA-15,Anavatti PS,Murder,2022-07-22,16
KA-22,Arakere PS,Cyber Crime,2025-07-09,16
KA-19,K.R. Pet Town PS,Vehicle Theft,2025-01-17,16
KA-11,Kadaba PS,Robbery,2022-09-22,16
KA-21,Kasabapeth PS,Drug Offence,2024-09-10,16
KA-11,Dharwad Rural PS,Drug Offence,2025-03-05,16
KA-30,Abbinahole PS,Burglary,2022-06-07,16
KA-21,T.B. Dam PS,Theft,2022-06-26,16
KA-17,Jalhalli PS,Murder,2022-08-05,16
KA-07,Ramanagara Women PS,Robbery,2025-05-07,16
KA-07,Gokak Rural PS,Vehicle Theft,2025-06-09,16
KA-16,Surathkal PS,Robbery,2023-10-16,16
KA-06,Raibag PS,Assault,2024-03-27,16
KA-07,Gandhi Chowk PS,Vehicle Theft,2025-03-27,16
KA-24,Bidar Town PS,Cyber Crime,2022-12-18,16
KA-13,Abbinahole PS,Kidnapping,2025-06-24,15
KA-18,Chittapura PS,Cyber Crime,2024-03-24,15
KA-14,Arakere PS,Domestic Violence,2024-02-04,15
KA-30,Tumkur CEN Crime PS,Robbery,2024-02-21,15
KA-04,Dhannura PS,Fraud,2023-12-22,15
KA-21,Kadra PS,Theft,2023-12-22,15
KA-14,Arakere PS,Domestic Violence,2023-08-08,15
KA-28,Hariharapura PS,Cyber Crime,2023-08-15,15
KA-23,Hampi Tourism PS,Vehicle Theft,2022-03-10,15
KA-09,Balur PS,Theft,2025-04-09,15
KA-14,Yedrami PS,Murder,2023-06-19,15
KA-05,Bantwala Town PS,Murder,2023-12-28,15
KA-14,Bharathi Nagar PS,Cyber Crime,2023-09-19,15
KA-09,Bagalkot Women PS,Kidnapping,2025-12-20,15
KA-04,Abbinahole PS,Domestic Violence,2023-09-24,15
KA-01,Bagalkot Rural PS,Vehicle Theft,2023-06-14,15
KA-29,Kallambella PS,Cyber Crime,2024-05-11,15
KA-20,Khadebazar PS,Kidnapping,2022-05-27,15
KA-16,Kundapura PS,Fraud,2022-09-04,15
KA-09,Malkhed PS,Cyber Crime,2025-07-05,15
KA-15,Mandya West PS,Rioting,2023-03-19,15
KA-27,East CEN Crime PS,Vehicle Theft,2023-06-24,15
KA-11,Kempapura Agrahara PS,Assault,2025-08-24,15
KA-25,Mudalgi PS,Fraud,2025-10-26,15
KA-04,Hortti PS,Robbery,2024-12-07,15
KA-11,Honnali PS,Murder,2022-05-01,15
KA-12,Vyalikaval PS,Assault,2023-05-03,15
KA-27,Udupi CEN Crime PS,Murder,2025-10-22,15
KA-05,Mandya West PS,Burglary,2023-07-21,15
KA-22,Vijayanagar PS,Cyber Crime,2025-07-16,15
KA-01,Sagara Town PS,Kidnapping,2024-01-12,15
KA-22,Turuvkere PS,Robbery,2025-04-25,15
KA-10,Bagalkot Women PS,Kidnapping,2025-07-14,15
KA-03,Bendigeri PS,Vehicle Theft,2022-04-04,15
KA-21,Ramnagar PS,Assault,2022-07-23,15
KA-17,Chigateri PS,Fraud,2024-12-25,15
KA-17,Konanakunte PS,Assault,2025-03-21,15
KA-18,Bellanduru PS,Burglary,2022-04-18,15
KA-17,Betageri Extention PS,Robbery,2025-07-21,15
KA-12,Thalaghattapura PS,Rioting,2022-08-15,15
KA-30,Gokak Rural PS,Kidnapping,2024-04-21,15
KA-09,Gadag Women PS,Fraud,2024-11-17,14
KA-26,Chowka PS,Theft,2022-07-07,14
KA-01,Mysuru CEN Crime PS,Theft,2024-10-02,14
KA-04,Sagara Town PS,Burglary,2024-05-21,14
KA-07,Peenya PS,Murder,2023-01-20,14
KA-27,Thilakwadi PS,Murder,2022-10-14,14
KA-09,Hiriyur Rural PS,Assault,2024-01-28,14
KA-10,Tavaregera PS,Burglary,2022-08-20,14
KA-16,Hebri PS,Vehicle Theft,2025-04-05,14
KA-30,APMC Navanagar,Drug Offence,2022-04-23,14
KA-24,Hospet Town PS,Vehicle Theft,2025-09-16,14
KA-05,Siddapura PS,Rioting,2023-06-21,14
KA-11,Khadakalat PS,Assault,2024-08-19,14
KA-31,Nandini Layout PS,Assault,2025-10-02,14
KA-29,Sringeri PS,Vehicle Theft,2024-12-24,14
KA-23,Hirisave PS,Rioting,2024-08-13,14
KA-08,Kudur PS,Theft,2025-12-15,14
KA-09,Byatarayanapura PS,Robbery,2022-02-07,14
KA-04,Azad Nagar PS,Fraud,2025-02-28,14
KA-19,Devaraja PS,Vehicle Theft,2025-08-19,14
KA-29,Khadakalat PS,Fraud,2022-06-20,14
KA-22,Byndoor PS,Vehicle Theft,2022-07-11,14
KA-28,Vijayapura PS,Vehicle Theft,2022-02-07,14
KA-20,Siruguppa PS,Murder,2024-02-20,14
KA-23,Madanahipparga PS,Burglary,2023-09-25,14
KA-28,Saragur PS,Theft,2023-05-17,14
KA-29,Bidadi PS,Theft,2022-09-13,14
KA-11,Metagalli PS,Robbery,2025-12-06,13
KA-10,Gabbur PS,Cyber Crime,2022-07-21,13
KA-04,Shankarpura PS,Vehicle Theft,2024-01-02,13
KA-14,Besagaraghalli PS,Assault,2024-04-19,13
KA-06,Doddawad PS,Robbery,2024-04-16,13
KA-09,Kunchavaram PS,Drug Offence,2024-08-10,13
KA-07,Hosahalli PS,Cyber Crime,2024-06-01,13
KA-11,Tiptur Town PS,Vehicle Theft,2023-05-14,13
KA-20,CEN Crime PS Hubballi Dharwad City,Assault,2022-09-03,13
KA-14,Belagavi City CEN Crime PS,Drug Offence,2025-09-02,13
KA-02,Kamalanagar PS,Rioting,2025-09-11,13
KA-26,Hirehadagali PS,Vehicle Theft,2022-12-06,13
KA-21,Gandasi PS,Domestic Violence,2023-08-15,13
KA-03,Manna Ekhelli PS,Robbery,2024-04-04,13
KA-07,Ragavendra nagar PS,Kidnapping,2025-01-13,12
KA-20,Marriyammanahalli PS,Assault,2025-11-26,12
KA-12,Peresandra PS,Drug Offence,2022-05-21,12
KA-14,Peresandra PS,Burglary,2024-05-17,12
KA-17,Shikaripura Rural PS,Fraud,2023-03-11,12
KA-06,Doddawad PS,Drug Offence,2024-04-16,12
KA-15,Hosahalli PS,Kidnapping,2024-06-14,12
KA-09,Byndoor PS,Cyber Crime,2025-10-02,12
KA-05,Yelburga PS,Theft,2025-04-19,12
KA-04,Turuvanur (Jogi) PS,Assault,2024-12-19,12
KA-19,Kodihalli PS,Robbery,2025-12-02,12
KA-05,Yelburga PS,Drug Offence,2023-09-24,12
KA-13,Santemaralli PS,Drug Offence,2022-03-27,12
KA-21,Gundlupete PS,Murder,2025-09-07,11
KA-06,Sathanuru PS,Assault,2023-02-22,10
KA-21,Mannalli PS,Robbery,2022-11-15,10
KA-09,Mangalapet Market PS,Murder,2023-05-01,10
KA-24,Yelburga PS,Burglary,2025-12-05,10
KA-09,Kollegala Town PS,Cyber Crime,2025-01-08,10
KA-02,East CEN Crime PS,Theft,2022-05-20,10
KA-27,Belagavi City Women PS,Assault,2024-09-14,10
KA-12,Kapu PS,Cyber Crime,2025-07-17,10
KA-24,CEN Crime PS Mysuru City,Burglary,2023-09-25,10
KA-06,Kutta PS,Robbery,2024-01-28,10
KA-07,Kuvempunagar PS,Vehicle Theft,2025-05-01,10
KA-14,Bidar Women PS,Assault,2022-09-10,10
KA-15,Doddaballapura Rural PS,Fraud,2025-03-05,10
KA-12,Saragur PS,Assault,2023-07-15,10
KA-08,Kallambella PS,Domestic Violence,2023-09-08,10
KA-23,Khadakalat PS,Kidnapping,2023-02-01,10
KA-23,Shahapura PS,Theft,2023-05-11,10
KA-21,Gokarna PS,Fraud,2025-11-13,10
KA-19,Belur PS,Kidnapping,2023-12-06,10
KA-22,City Market PS,Robbery,2024-08-14,10
KA-12,Anavatti PS,Assault,2022-10-11,10
KA-19,Gadag Women PS,Vehicle Theft,2025-07-22,10
KA-18,Gandhi Nagar PS,Fraud,2024-11-23,10
KA-10,Bagalkot Women PS,Robbery,2025-07-14,10
KA-12,Kempegowda Nagar PS,Burglary,2023-02-25,10
KA-24,Manna Ekhelli PS,Murder,2025-11-01,10
KA-27,Yelburga PS,Theft,2024-12-24,10
KA-26,Champion Reefs  PS,Vehicle Theft,2022-04-27,10
KA-25,APMC Navanagar,Murder,2023-03-08,10
KA-06,Tadas PS,Burglary,2024-04-15,10
KA-30,Hampi Tourism PS,Drug Offence,2024-09-19,10
KA-02,Kampli PS,Assault,2025-06-14,10
KA-02,Kampli PS,Drug Offence,2025-06-14,10
KA-09,Bellanduru PS,Kidnapping,2022-03-26,10
KA-26,Mannalli PS,Theft,2023-10-25,10
KA-09,Sanjay Nagara PS,Assault,2025-10-26,10
KA-14,Kushtagi PS,Burglary,2022-01-05,10
KA-20,Sakkaraya Patna PS,Fraud,2025-01-04,10
KA-19,Malur PS,Assault,2022-05-13,10
KA-07,APMC Navanagar,Theft,2025-09-18,10
KA-19,Shankarpura PS,Vehicle Theft,2025-08-12,10
KA-10,Thalak PS,Burglary,2025-06-10,10
KA-28,Gandhi Chowk PS,Murder,2023-05-23,10
KA-02,Kudur PS,Assault,2022-02-02,10
KA-24,Halageri PS,Robbery,2022-05-18,10
KA-19,Gadag Women PS,Fraud,2025-07-22,10
KA-20,Mallanduru PS,Fraud,2025-12-19,10
KA-09,Srimangala PS,Burglary,2024-05-23,10
KA-19,Mangaluru North PS,Domestic Violence,2024-10-25,10
KA-19,Jalhalli PS,Assault,2025-06-05,10
KA-26,Whitefield PS,Domestic Violence,2024-11-16,10
KA-09,Hiriyur Rural PS,Burglary,2024-01-28,10
KA-27,Gandasi PS,Theft,2023-12-22,10
KA-04,Hortti PS,Domestic Violence,2024-12-07,10
KA-09,Kollegala Town PS,Vehicle Theft,2025-01-08,10
KA-11,Metagalli PS,Burglary,2025-12-06,10
KA-10,Jayanagar PS,Domestic Violence,2025-10-12,10
KA-04,Udupi Women PS,Kidnapping,2024-11-09,10
KA-13,Jamakhandi Town PS,Theft,2023-03-27,10
KA-23,Madanahipparga PS,Rioting,2023-09-25,10
KA-31,Mudalgi PS,Robbery,2023-02-01,10
KA-25,Devara Hipparagi PS,Cyber Crime,2024-11-12,10
KA-21,Hebri PS,Domestic Violence,2022-05-15,10
KA-12,Shakti Nagar PS,Assault,2022-09-20,10
KA-04,Jayanagar PS,Robbery,2022-09-05,10
KA-26,Whitefield PS,Fraud,2024-11-16,10
KA-15,Doddaballapura Rural PS,Murder,2025-03-05,10
KA-20,SouthEast CEN Crime PS,Fraud,2025-11-02,10
KA-04,Konanakunte PS,Robbery,2023-04-03,10
KA-06,Vibanagara PS,Cyber Crime,2022-01-04,10
KA-29,Udupi Women PS,Vehicle Theft,2025-11-19,10
KA-09,Sadar Bazar PS,Domestic Violence,2022-08-24,10
KA-25,Channapatna Town PS,Rioting,2022-01-02,10
KA-07,Surathkal PS,Murder,2025-04-18,10
KA-08,Brahmavar PS,Burglary,2024-08-11,10
KA-13,Devara Hipparagi PS,Kidnapping,2024-05-23,10
KA-14,Besagaraghalli PS,Domestic Violence,2024-04-19,10
KA-19,Shankarpura PS,Cyber Crime,2025-08-12,10
KA-20,Sadar Bazar PS,Burglary,2023-08-02,10
KA-04,Halageri PS,Fraud,2025-01-17,10
KA-09,Bharathi Nagar PS,Kidnapping,2025-01-24,10
KA-10,Gandasi PS,Murder,2023-03-04,10
KA-07,Surathkal PS,Cyber Crime,2025-04-18,10
KA-17,Surathkal PS,Rioting,2024-07-22,10
KA-15,Ramanagara Women PS,Rioting,2024-02-20,10
KA-01,Bhatkal Town PS,Kidnapping,2022-09-09,10
KA-08,Belagavi Rural PS,Cyber Crime,2024-02-23,10
KA-02,Bantwala Town PS,Cyber Crime,2024-06-14,10
KA-22,V.V. Puram PS,Kidnapping,2022-09-10,10
KA-15,Badavanahalli PS,Robbery,2025-04-25,10
KA-08,Udupi CEN Crime PS,Theft,2022-06-19,10
KA-27,Thalak PS,Burglary,2023-05-18,10
KA-09,Holenarasipura Rural PS,Domestic Violence,2024-01-24,10
KA-28,Lakkavalli PS,Theft,2025-03-05,10
KA-11,City Market PS,Assault,2025-10-05,10
KA-14,Bidar Women PS,Kidnapping,2022-09-10,10
KA-29,Ghantikeri PS,Cyber Crime,2023-04-05,10
KA-29,K.R. Pet Town PS,Theft,2025-09-22,10
KA-25,Mangaluru South PS,Drug Offence,2024-07-09,10
KA-12,Jnanabharathi PS,Drug Offence,2025-05-05,10
KA-27,Kadaba PS,Kidnapping,2024-04-09,10
KA-27,Belagavi City Women PS,Rioting,2024-09-14,10
KA-07,Mallanduru PS,Drug Offence,2023-12-27,10
KA-29,Mambali PS,Rioting,2025-04-18,10
KA-09,Sadar Bazar PS,Assault,2022-08-24,10
KA-29,Kasabapeth PS,Cyber Crime,2022-01-06,10
KA-06,Gabbur PS,Assault,2024-05-26,10
KA-15,Malavalli Town PS,Drug Offence,2024-10-28,10
KA-03,Kamakshipalya PS,Domestic Violence,2023-07-06,10
KA-06,Sathanuru PS,Domestic Violence,2023-02-22,10
KA-04,Golgumbaz PS,Drug Offence,2023-02-03,10
KA-25,Naragund PS,Robbery,2025-05-20,10
KA-07,Hariharapura PS,Vehicle Theft,2024-12-18,10
KA-04,Mahalingapur PS,Kidnapping,2022-07-03,10
KA-31,Hirehadagali PS,Kidnapping,2024-03-10,10
KA-24,Yelburga PS,Robbery,2025-12-05,10
KA-01,Sandur PS,Cyber Crime,2024-04-06,10
KA-07,Mambali PS,Kidnapping,2023-09-18,10
KA-14,Gowribidanur Rural PS,Assault,2022-11-02,10
KA-26,Jagalur PS,Burglary,2025-12-27,10
KA-12,Kollegala Town PS,Vehicle Theft,2024-08-11,10
KA-25,Byndoor PS,Assault,2024-09-09,10
KA-05,Byappanahalli PS,Rioting,2022-10-18,10
KA-28,Basaralu PS,Murder,2022-06-10,10
KA-18,Turuvanur (Jogi) PS,Drug Offence,2024-11-11,10
KA-07,Sindhanur Town PS,Domestic Violence,2024-07-17,10
KA-03,Bengaluru Dist Women PS,Robbery,2022-01-04,10
KA-01,Kalaburagi City CENCrime PS,Burglary,2023-11-21,10
KA-03,Subramanya Nagar PS,Vehicle Theft,2023-02-06,10
KA-27,Kalasipalya PS,Kidnapping,2023-10-10,10
KA-31,Patapalya PS,Burglary,2022-02-11,10
KA-17,Kodigehalli PS,Vehicle Theft,2024-04-13,10
KA-02,Gadag CEN Crime PS,Fraud,2025-11-04,10
KA-08,Ragavendra nagar PS,Kidnapping,2025-05-27,10
KA-06,Gandhi Chowk PS,Cyber Crime,2024-04-17,10
KA-11,Bajpe PS,Assault,2025-10-23,10
KA-09,Mayakonda PS,Domestic Violence,2023-07-28,10
KA-22,Devaraja PS,Robbery,2022-11-11,10
KA-05,Byappanahalli PS,Vehicle Theft,2022-10-18,10
KA-26,Guttal PS,Assault,2023-03-20,10
KA-18,Shahapur PS,Kidnapping,2025-04-07,10
KA-05,Bendigeri PS,Domestic Violence,2024-02-26,10
KA-05,Bilagi PS,Rioting,2025-05-10,10
KA-14,Nanjanagudu Town PS,Fraud,2023-03-14,10
KA-22,Hospet Town PS,Kidnapping,2022-04-19,10
KA-04,Hortti PS,Cyber Crime,2024-12-07,10
KA-19,Srimangala PS,Cyber Crime,2024-11-11,10
KA-06,Karwar Town PS,Burglary,2023-04-09,10
KA-20,Sakkaraya Patna PS,Theft,2024-04-27,10
KA-13,Jayanagara PS,Kidnapping,2024-05-19,10
KA-31,Gokak Rural PS,Burglary,2024-08-11,10
KA-02,Kudur PS,Fraud,2022-02-02,10
KA-26,Kencharlahalli PS,Domestic Violence,2025-02-07,10
KA-04,Kodihalli PS,Vehicle Theft,2022-12-23,10
KA-17,Betageri Extention PS,Fraud,2025-03-07,10
KA-06,Anavatti PS,Kidnapping,2022-05-12,10
KA-06,Humnabad PS,Burglary,2024-06-11,10
KA-16,Munirabad PS,Kidnapping,2024-08-28,10
KA-05,Surathkal PS,Robbery,2024-05-15,10
KA-08,Mico Layout PS,Kidnapping,2022-10-05,10
KA-25,Turvihal PS,Murder,2023-12-25,10
KA-31,Nandi Girighama PS,Fraud,2024-09-23,10
KA-30,SouthEast CEN Crime PS,Drug Offence,2025-05-01,10
KA-22,Devaraja PS,Kidnapping,2022-11-11,10
KA-26,Mambali PS,Drug Offence,2024-08-02,10
KA-05,Bhadravathi Old Town PS,Cyber Crime,2024-07-04,10
KA-25,Tekkalkota PS,Fraud,2022-12-22,10
KA-09,Jewargi PS,Vehicle Theft,2024-06-23,10
KA-12,Sirsi Town PS,Cyber Crime,2023-08-23,10
KA-24,Tadas PS,Robbery,2025-02-25,10
KA-25,APMC Navanagar,Domestic Violence,2023-02-28,10
KA-31,Gandhi Nagar PS,Burglary,2022-10-26,10
KA-16,M.K. Doddi PS,Domestic Violence,2023-11-22,10
KA-25,Jigani PS,Fraud,2023-03-08,10
KA-06,T.B. Dam PS,Theft,2024-03-21,10
KA-08,Udayagiri PS,Burglary,2022-10-14,10
KA-26,Abbinahole PS,Cyber Crime,2022-05-22,10
KA-10,Jamakhandi Town PS,Domestic Violence,2023-11-26,10
KA-21,Sadashivanagar PS,Domestic Violence,2022-06-09,10
KA-15,Ramanagara Women PS,Robbery,2024-02-20,10
KA-15,Kembhavi PS,Fraud,2025-12-02,10
KA-13,Chamarajpet PS,Drug Offence,2025-12-18,10
KA-25,Mahalingapur PS,Robbery,2025-05-20,10
KA-05,Subramanya Nagar PS,Kidnapping,2024-09-15,10
KA-27,Yadgir Rural PS,Burglary,2023-01-26,10
KA-30,Mysore South PS,Assault,2025-07-01,10
KA-24,Bankapura PS,Cyber Crime,2023-01-12,10
KA-27,Belagavi City Women PS,Robbery,2024-09-14,10
KA-14,Sakkaraya Patna PS,Murder,2022-10-25,10
KA-29,Sringeri PS,Kidnapping,2024-12-24,10
KA-11,Konaje PS,Fraud,2025-11-01,10
KA-05,Napoklu PS,Robbery,2024-05-26,10
KA-04,Bellanduru PS,Kidnapping,2025-08-24,10
KA-09,Anavatti PS,Robbery,2023-08-19,10
KA-11,Tiptur Town PS,Rioting,2023-05-14,10
KA-06,Chowka PS,Assault,2025-09-08,10
KA-23,Dhannura PS,Domestic Violence,2024-08-09,10
KA-22,Srirangapatna PS,Fraud,2024-09-18,10
KA-29,Jayanagar PS,Murder,2023-11-03,10
KA-26,Kencharlahalli PS,Cyber Crime,2025-02-07,10
KA-11,Byndoor PS,Burglary,2023-12-10,10
KA-29,Kalaburagi City CENCrime PS,Cyber Crime,2023-03-12,10
KA-17,Ponnampet PS,Rioting,2024-12-20,10
KA-11,Besagaraghalli PS,Domestic Violence,2022-04-17,10
KA-10,Azad Nagar PS,Vehicle Theft,2023-09-15,10
KA-26,K.B. Cross PS,Theft,2024-03-26,10
KA-21,Jnanabharathi PS,Cyber Crime,2024-04-02,10
KA-03,Kampli PS,Burglary,2024-02-05,10
KA-14,Kushtagi PS,Fraud,2022-01-05,10
KA-26,Vidyaranyarpuram PS,Vehicle Theft,2022-10-14,10
KA-12,Yamakanmardi PS,Fraud,2025-12-26,10
KA-11,Kembhavi PS,Drug Offence,2025-02-09,10
KA-25,Devara Hipparagi PS,Assault,2024-11-12,10
KA-20,Sadar Bazar PS,Drug Offence,2023-08-02,10
KA-29,Chittapura PS,Murder,2022-04-14,10
KA-02,Bidar Women PS,Robbery,2022-09-24,10
KA-02,Bidar Women PS,Domestic Violence,2022-09-24,10
KA-17,Doddaballapura Rural PS,Burglary,2022-12-17,10
KA-30,Jigani PS,Domestic Violence,2023-04-20,10
KA-27,Udupi CEN Crime PS,Cyber Crime,2024-05-23,10
KA-27,Basaralu PS,Domestic Violence,2022-09-25,10
KA-30,Maddur PS,Burglary,2024-03-06,10
KA-07,Kasabapeth PS,Domestic Violence,2022-04-11,10
KA-09,Holenarasipura Rural PS,Murder,2024-01-24,10
KA-12,Raibag PS,Assault,2024-06-12,10
KA-07,Yamakanmardi PS,Burglary,2025-01-07,10
KA-13,Hosahalli PS,Cyber Crime,2024-11-25,10
KA-13,Kamakshipalya PS,Kidnapping,2022-02-21,10
KA-24,Champion Reefs  PS,Vehicle Theft,2022-01-07,10
KA-21,Malavalli Town PS,Robbery,2022-11-08,10
KA-13,Manvi PS,Robbery,2022-06-13,10
KA-22,Vemagal PS,Rioting,2023-07-25,10
KA-19,Lingasugur PS,Drug Offence,2022-02-03,10
KA-08,Belagavi City CEN Crime PS,Burglary,2024-06-07,10
KA-15,Santemaralli PS,Kidnapping,2025-06-25,10
KA-28,CEN Crime PS Hubballi Dharwad City,Vehicle Theft,2023-11-24,10
KA-05,Vemagal PS,Robbery,2022-01-16,10
KA-19,Jagalur PS,Theft,2023-08-21,10
KA-05,K.R. Nagar PS,Cyber Crime,2025-04-06,10
KA-01,Saragur PS,Fraud,2022-07-24,10
KA-06,Udupi Women PS,Rioting,2024-04-02,10
KA-20,Kamasamudram PS,Assault,2024-06-03,10
KA-08,Bankapura PS,Kidnapping,2023-11-04,10
KA-27,Raibag PS,Vehicle Theft,2023-09-22,10
KA-09,Kushtagi PS,Vehicle Theft,2022-10-07,10
KA-01,Chittavadagi PS,Theft,2022-07-12,10
KA-24,Kampli PS,Theft,2024-01-09,10
KA-02,Vidyaranyarpuram PS,Robbery,2023-01-05,10
KA-20,Gandhi Nagar PS,Murder,2025-07-07,10
KA-27,Kamasamudram PS,Domestic Violence,2023-06-23,10
KA-10,Jayaprakash Nagar PS,Robbery,2022-02-01,10
KA-15,Chitradurga Women PS,Rioting,2024-10-12,10
KA-17,Kamakshipalya PS,Theft,2024-11-10,10
KA-11,Dharmasthala PS,Burglary,2024-01-12,10
KA-26,Patanayakanahalli PS,Assault,2025-12-02,10
KA-19,Hospet Town PS,Robbery,2025-12-13,10
KA-17,Turuvkere PS,Vehicle Theft,2024-10-20,10
KA-09,Mangalapet Market PS,Rioting,2023-05-01,10
KA-16,Shahapur PS,Domestic Violence,2022-04-01,10
KA-25,Sadar Bazar PS,Fraud,2023-07-23,10
KA-01,Balur PS,Murder,2025-08-06,10
KA-16,Dharwad Rural PS,Murder,2022-05-14,10
KA-20,Santemaralli PS,Burglary,2024-10-19,10
KA-27,Mangaluru South PS,Theft,2022-08-07,10
KA-01,Guttal PS,Murder,2023-09-27,10
KA-09,Kunchavaram PS,Theft,2024-08-10,10
KA-25,Channapatna Town PS,Burglary,2022-01-02,10
KA-26,Champion Reefs  PS,Assault,2022-04-27,10
KA-09,Kollegala Town PS,Drug Offence,2025-01-08,10
KA-26,Bilagi PS,Vehicle Theft,2022-12-19,10
KA-16,Chikkanayakanahalli PS,Drug Offence,2022-12-13,10
KA-27,Udupi CEN Crime PS,Rioting,2024-05-23,10
KA-02,Mahagoan PS,Cyber Crime,2023-12-07,10
KA-13,Hiriyur Rural PS,Drug Offence,2023-03-18,10
KA-07,Mico Layout PS,Drug Offence,2022-01-23,10
KA-13,City Market PS,Domestic Violence,2023-02-27,10
KA-27,Yelburga PS,Cyber Crime,2024-12-24,10
KA-19,Konanakunte PS,Drug Offence,2022-04-19,10
KA-04,Mangaluru North PS,Domestic Violence,2023-06-05,10
KA-31,Sindhanur Town PS,Cyber Crime,2023-05-07,10
KA-14,Mico Layout PS,Theft,2022-08-15,10
KA-03,Subramanya Nagar PS,Cyber Crime,2023-02-06,10
KA-13,Jamakhandi Town PS,Rioting,2023-03-27,10
KA-11,Besagaraghalli PS,Cyber Crime,2022-04-17,10
KA-07,Ballari Rural PS,Kidnapping,2022-01-06,10
KA-17,Dhannura PS,Murder,2025-12-09,10
KA-19,T.B. Dam PS,Vehicle Theft,2022-08-03,10
KA-11,Kapu PS,Murder,2023-06-07,10
KA-07,Devara Hipparagi PS,Fraud,2022-01-20,10
KA-26,Jigani PS,Kidnapping,2024-08-25,10
KA-24,Hubballi SubUrban PS,Rioting,2024-04-24,10
KA-07,APMC Navanagar,Cyber Crime,2025-09-18,10
KA-10,Kundapura PS,Burglary,2022-06-05,10
KA-17,Talakadu PS,Murder,2024-11-23,10
KA-07,Bharathi Nagar PS,Vehicle Theft,2023-09-07,10
KA-02,City Market PS,Vehicle Theft,2024-05-09,10
KA-30,Managoli PS,Assault,2022-12-09,10
KA-07,Jamakhandi Town PS,Vehicle Theft,2022-07-11,10
KA-06,Madanahipparga PS,Assault,2024-09-03,10
KA-12,Udupi Women PS,Domestic Violence,2023-03-15,10
KA-08,Vijayanagar PS,Cyber Crime,2025-05-19,10
KA-31,Sindhanur Town PS,Drug Offence,2023-05-07,10
KA-27,Kadaba PS,Fraud,2024-04-09,10
KA-01,Bhatkal Town PS,Vehicle Theft,2025-01-03,10
KA-04,Kalasipalya PS,Cyber Crime,2025-09-03,10
KA-01,Shikaripura Rural PS,Robbery,2025-10-11,10
KA-07,Yamakanmardi PS,Vehicle Theft,2025-01-07,10
KA-12,Kembhavi PS,Murder,2025-10-22,10
KA-05,Bagalkot Women PS,Domestic Violence,2024-11-14,10
KA-09,Kushtagi PS,Murder,2022-10-07,10
KA-14,Dhannura PS,Kidnapping,2022-07-16,10
KA-08,Bharathi Nagar PS,Burglary,2023-01-19,10
KA-12,Gownapalli PS,Vehicle Theft,2024-04-21,10
KA-11,Mangalapet Market PS,Drug Offence,2025-06-01,10
KA-26,Jigani PS,Domestic Violence,2024-08-25,10
KA-08,Lingasugur PS,Theft,2022-08-22,10
KA-14,Tumakur Rural PS,Robbery,2024-04-04,10
KA-12,Hiriyur Rural PS,Theft,2025-05-04,10
KA-19,Jalhalli PS,Burglary,2025-06-05,10
KA-25,Mangaluru South PS,Robbery,2024-07-09,10
KA-16,Chandrashekarpura PS,Robbery,2024-01-18,10
KA-10,Mysore South PS,Fraud,2022-02-28,10
KA-19,APMC Navanagar,Rioting,2025-10-27,10
KA-03,Agumbe PS,Assault,2022-02-03,10
KA-08,Teradal PS,Cyber Crime,2022-05-10,10
KA-06,P.D. Halli PS,Burglary,2023-02-05,10
KA-22,Kanakagiri PS,Drug Offence,2022-11-22,10
KA-02,Ramnagar PS,Robbery,2022-06-08,10
KA-23,Dhannura PS,Vehicle Theft,2024-08-09,10
KA-19,Shankarpura PS,Rioting,2025-08-12,10
KA-13,Mangalapet Market PS,Theft,2025-02-15,10
KA-10,Gadag CEN Crime PS,Theft,2025-08-28,10
KA-07,Haveri Town PS,Theft,2024-07-18,10
KA-14,Yadgir Rural PS,Burglary,2025-02-22,10
KA-15,Srirangapatna PS,Cyber Crime,2022-09-17,10
KA-08,Brahmavar PS,Vehicle Theft,2024-08-11,10
KA-20,Mayakonda PS,Assault,2024-07-08,10
KA-26,Bidar Town PS,Burglary,2024-01-18,10
KA-25,East CEN Crime PS,Kidnapping,2025-11-03,10
KA-18,Jalhalli PS,Kidnapping,2024-10-24,10
KA-24,Halageri PS,Drug Offence,2022-05-18,10
KA-05,Kadra PS,Theft,2024-05-08,10
KA-17,Imangala PS,Murder,2022-02-27,10
KA-03,Kushalnagar Town PS,Robbery,2022-01-24,10
KA-04,Whitefield PS,Vehicle Theft,2024-11-16,10
KA-12,Kembhavi PS,Theft,2025-10-22,10
KA-24,V.V. Puram PS,Rioting,2022-02-18,10
KA-24,Gadag Women PS,Assault,2024-09-16,10
KA-15,Vibanagara PS,Robbery,2025-05-28,10
KA-24,Yamakanmardi PS,Theft,2025-12-02,10
KA-25,Gadag Women PS,Drug Offence,2025-05-26,10
KA-09,Ghantikeri PS,Assault,2025-12-13,10
KA-09,Sagara Town PS,Theft,2023-04-25,10
KA-30,Chikkamagalur Women PS,Vehicle Theft,2024-03-16,10
KA-27,Kodagu Women PS,Rioting,2024-06-26,10
KA-13,Mangalapet Market PS,Burglary,2025-02-15,10
KA-01,Shikaripura Rural PS,Rioting,2025-10-11,10
KA-09,Abbinahole PS,Robbery,2022-08-13,10
KA-16,Ghantikeri PS,Vehicle Theft,2023-10-13,10
KA-08,Jayaprakash Nagar PS,Fraud,2025-03-09,10
KA-08,Kutta PS,Robbery,2025-10-25,10
KA-08,Jayanagar PS,Burglary,2022-08-04,10
KA-23,Madanahipparga PS,Assault,2023-09-25,10
KA-22,Navalgund PS,Rioting,2023-11-04,10
KA-12,Mandya West PS,Domestic Violence,2023-11-04,10
KA-25,Kallambella PS,Cyber Crime,2024-01-04,10
KA-25,Badavanahalli PS,Robbery,2024-04-18,10
KA-20,Santhebennur PS,Burglary,2024-11-12,10
KA-28,Konanakunte PS,Murder,2025-12-08,10
KA-20,Srimangala PS,Rioting,2023-07-04,10
KA-13,Hiriyur Rural PS,Rioting,2023-03-18,10
KA-11,Mangalapet Market PS,Burglary,2025-06-01,10
KA-17,Nanjanagudu Town PS,Theft,2022-06-03,10
KA-14,Besagaraghalli PS,Burglary,2024-04-19,10
KA-15,Malpe PS,Robbery,2024-11-10,10
KA-26,Kalasa PS,Drug Offence,2023-05-09,10
KA-26,Haveri Town PS,Drug Offence,2023-03-14,10
KA-15,Shikaripura Rural PS,Kidnapping,2022-03-15,10
KA-03,Chikkajala PS,Domestic Violence,2025-04-07,10
KA-21,Attibele PS,Robbery,2023-01-04,10
KA-22,Jayaprakash Nagar PS,Burglary,2023-03-16,10
KA-10,Konaje PS,Drug Offence,2024-06-21,10
KA-19,Sanjay Nagara PS,Domestic Violence,2023-02-17,10
KA-27,Konanakunte PS,Rioting,2025-06-07,10
KA-25,Naragund PS,Vehicle Theft,2025-05-20,10
KA-19,Doddawad PS,Theft,2024-01-23,10
KA-27,Karwar Town PS,Assault,2022-08-24,10
KA-01,Shakti Nagar PS,Cyber Crime,2022-01-18,10
KA-14,Ron PS,Burglary,2022-10-27,10
KA-22,Yedrami PS,Robbery,2023-11-19,10
KA-05,Banavasi PS,Burglary,2025-01-19,10
KA-16,Hunusur Town PS,Vehicle Theft,2025-12-02,10
KA-26,Bhatkal Town PS,Murder,2024-09-15,10
KA-24,Hullahalli PS,Assault,2023-08-21,10
KA-14,Kembhavi PS,Kidnapping,2022-04-11,10
KA-09,K.R. Pet Town PS,Drug Offence,2022-03-18,10
KA-30,Srirangapatna PS,Drug Offence,2025-10-17,10
KA-08,Hampi Tourism PS,Drug Offence,2023-01-06,10
KA-17,Mallanduru PS,Murder,2023-09-22,10
KA-18,Bailhongal PS,Murder,2022-11-10,10
KA-28,Gandhi Nagar PS,Burglary,2025-09-16,10
KA-03,Gadag Women PS,Domestic Violence,2023-01-02,10
KA-03,Mambali PS,Drug Offence,2024-08-12,10
KA-01,Ramnagar PS,Robbery,2025-02-05,10
KA-30,Metagalli PS,Assault,2022-03-23,10
KA-08,K.R. Pet Town PS,Cyber Crime,2024-07-23,10
KA-06,Turvihal PS,Murder,2025-10-21,10
KA-06,Commercial Street PS,Assault,2023-01-03,10
KA-12,Kempegowda Nagar PS,Murder,2023-02-25,10
KA-12,Chandrashekarpura PS,Murder,2022-08-06,10
KA-26,Mulbagal Rural PS,Theft,2022-02-01,10
KA-16,Manvi PS,Domestic Violence,2024-02-17,10
KA-08,Kuvempunagar PS,Fraud,2025-08-15,10
KA-02,Bidar Women PS,Fraud,2022-09-24,10
KA-01,Mico Layout PS,Assault,2025-09-27,10
KA-05,Kadra PS,Rioting,2024-05-08,10
KA-26,Belagavi Rural PS,Drug Offence,2024-10-22,10
KA-21,Kodagu Women PS,Burglary,2025-10-05,10
KA-19,Konanakunte PS,Domestic Violence,2022-04-19,10
KA-24,Madanahipparga PS,Cyber Crime,2022-03-04,10
KA-29,Vyalikaval PS,Murder,2022-10-26,10
KA-04,Ashoknagar PS,Vehicle Theft,2023-06-27,10
KA-15,H.S.R.Layout PS,Fraud,2022-02-07,10
KA-18,Dandeli Town PS,Vehicle Theft,2025-07-02,10
KA-29,Vemagal PS,Murder,2023-05-12,10
KA-08,Sandur PS,Vehicle Theft,2023-05-25,10
KA-07,Subramanya Nagar PS,Kidnapping,2022-12-17,10
KA-29,Kalaburagi City CENCrime PS,Fraud,2023-03-12,10
KA-03,Tavaregera PS,Rioting,2024-05-08,10
KA-14,Khadakalat PS,Domestic Violence,2023-10-05,10
KA-24,Tekkalkota PS,Kidnapping,2022-03-15,10
KA-17,Belur PS,Robbery,2022-01-18,10
KA-02,Kalaburagi City CENCrime PS,Burglary,2023-02-01,10
KA-22,Turuvkere PS,Vehicle Theft,2024-07-23,10
KA-31,Jagalur PS,Vehicle Theft,2023-08-13,10
KA-11,Shahapura PS,Robbery,2023-11-07,10
KA-12,Yamakanmardi PS,Kidnapping,2025-12-26,10
KA-17,Viveknagar PS,Robbery,2022-02-20,10
KA-25,Gandhi Chowk PS,Fraud,2022-05-28,10
KA-06,Raibag PS,Robbery,2025-07-11,10
KA-12,Chandrashekarpura PS,Cyber Crime,2024-09-15,10
KA-04,Hortti PS,Murder,2024-12-07,10
KA-26,Mannalli PS,Murder,2023-10-25,10
KA-18,Mayakonda PS,Robbery,2022-12-16,10
KA-08,Chigateri PS,Theft,2024-04-14,10
KA-23,Kempegowda Nagar PS,Murder,2024-04-23,10
KA-11,Ghantikeri PS,Fraud,2024-03-06,10
KA-28,Balur PS,Assault,2025-08-06,10
KA-01,Kamasamudram PS,Assault,2022-03-01,10
KA-24,Malur PS,Kidnapping,2023-02-25,10
KA-14,Siruguppa PS,Burglary,2022-05-03,10
KA-01,Govindaraja Nagar PS,Domestic Violence,2024-04-24,10
KA-07,Sindhanur Town PS,Robbery,2022-09-01,10
KA-23,Mysore South PS,Drug Offence,2023-12-07,10
KA-29,Sira PS,Cyber Crime,2023-08-08,10
KA-13,Koratagere PS,Assault,2025-05-20,10
KA-17,Dhannura PS,Domestic Violence,2025-12-09,10
KA-28,Gandasi PS,Fraud,2024-01-05,10
KA-20,Anavatti PS,Robbery,2022-06-28,10
KA-19,Halageri PS,Assault,2025-10-14,10
KA-16,Thilakwadi PS,Rioting,2023-06-04,10
KA-01,Vijayapura PS,Domestic Violence,2022-05-01,10
KA-17,Chowka PS,Assault,2025-12-17,10
KA-24,Belur PS,Burglary,2023-04-24,10
KA-03,Gandhi Nagar PS,Rioting,2022-04-22,10
KA-29,Madiwala PS,Murder,2025-12-12,10
KA-04,Abbinahole PS,Murder,2023-09-24,10
KA-01,Dandeli Town PS,Kidnapping,2023-12-15,10
KA-19,Malur PS,Drug Offence,2022-05-13,10
KA-17,Doddaballapura Rural PS,Domestic Violence,2022-12-17,10
KA-18,Lakkavalli PS,Kidnapping,2025-02-20,10
KA-13,Bankapura PS,Drug Offence,2022-02-27,10
KA-04,Halageri PS,Assault,2025-01-17,10
KA-23,Jagalur PS,Fraud,2025-11-15,10
KA-13,Devalagangapur PS,Domestic Violence,2023-09-08,10
KA-27,Mahagoan PS,Assault,2024-01-20,10
KA-02,City Market PS,Murder,2022-08-18,10
KA-21,Nandini Layout PS,Cyber Crime,2022-10-20,10
KA-17,Raichur Women PS,Murder,2024-01-23,10
KA-06,Kamakshipalya PS,Burglary,2025-04-22,10
KA-13,City Market PS,Rioting,2023-02-27,10
KA-13,Hirehadagali PS,Vehicle Theft,2023-09-01,10
KA-23,Vidyaranyarpuram PS,Kidnapping,2022-07-12,10
KA-24,Avalahally PS,Theft,2023-08-28,10
KA-14,Varthur PS,Rioting,2025-07-05,10
KA-21,Navalgund PS,Drug Offence,2024-10-09,10
KA-24,Malavalli Town PS,Robbery,2022-03-07,10
KA-20,Ranebennur Town PS,Cyber Crime,2025-09-20,10
KA-09,Abbinahole PS,Drug Offence,2022-08-13,10
KA-07,Mayakonda PS,Drug Offence,2024-12-24,10
KA-25,Mangaluru South PS,Assault,2024-07-09,10
KA-01,Kempapura Agrahara PS,Murder,2022-03-26,10
KA-19,Guttal PS,Vehicle Theft,2024-12-22,10
KA-10,Mysore South PS,Theft,2024-11-18,10
KA-03,Hampi Tourism PS,Murder,2024-01-19,10
KA-18,Gandhi Nagar PS,Rioting,2024-11-23,10
KA-17,Chowka PS,Cyber Crime,2025-12-17,10
KA-17,Turuvkere PS,Rioting,2022-09-13,10
KA-17,Shikaripura Rural PS,Vehicle Theft,2022-01-26,10
KA-28,Chandra Layout PS,Assault,2024-12-02,10
KA-30,Ankali PS,Murder,2025-01-15,10
KA-24,Kodagu Women PS,Robbery,2023-11-24,10
KA-12,Sindhanur Town PS,Fraud,2025-10-25,10
KA-11,Sagara Town PS,Assault,2024-01-07,10
KA-11,T.B. Dam PS,Kidnapping,2025-03-27,10
KA-14,Sringeri PS,Burglary,2022-11-14,10
KA-23,Lakkavalli PS,Drug Offence,2025-06-08,10
KA-17,Turuvkere PS,Assault,2024-07-09,10
KA-18,Balur PS,Assault,2024-03-13,10
KA-06,Ghantikeri PS,Kidnapping,2024-06-03,10
KA-15,Napoklu PS,Fraud,2023-03-12,10
KA-12,Sadashivanagar PS,Kidnapping,2023-10-06,10
KA-03,Tavaregera PS,Domestic Violence,2024-05-08,10
KA-26,Hospet Town PS,Assault,2025-12-06,10
KA-11,Bajpe PS,Robbery,2025-10-23,10
KA-08,Belagavi City Women PS,Murder,2024-09-10,10
KA-17,Saragur PS,Murder,2025-07-27,10
KA-07,Mangaluru South PS,Theft,2025-11-16,10
KA-01,Bajpe PS,Burglary,2022-05-18,10
KA-10,Jayaprakash Nagar PS,Cyber Crime,2022-02-01,10
KA-14,Whitefield PS,Theft,2025-05-15,10
KA-01,Kencharlahalli PS,Rioting,2024-02-15,10
KA-18,T.B. Dam PS,Kidnapping,2022-01-27,10
KA-14,Ranebennur Town PS,Rioting,2024-07-03,10
KA-06,Byndoor PS,Fraud,2025-05-01,10
KA-27,Shahapur PS,Fraud,2025-02-27,10
KA-07,City Market PS,Domestic Violence,2022-06-22,10
KA-24,Jayaprakash Nagar PS,Assault,2023-09-07,10
KA-10,Jayaprakash Nagar PS,Theft,2022-02-01,10
KA-03,Malpe PS,Cyber Crime,2022-02-07,10
KA-30,Hortti PS,Kidnapping,2025-11-13,10
KA-06,Shankarpura PS,Assault,2022-03-23,10
KA-18,Balur PS,Fraud,2023-01-18,10
KA-12,Belagavi Rural PS,Robbery,2023-02-16,10
KA-18,Manvi PS,Fraud,2022-12-03,10
KA-13,Devalagangapur PS,Theft,2023-09-08,10
KA-07,Kodagu Women PS,Assault,2024-03-23,10
KA-01,Hirisave PS,Fraud,2023-01-26,10
KA-24,Gadag Women PS,Kidnapping,2024-09-16,10
KA-11,Yelahanka PS,Drug Offence,2025-04-05,10
KA-17,Viveknagar PS,Cyber Crime,2022-02-20,10
KA-19,Ankali PS,Robbery,2022-07-27,10
KA-24,Honnali PS,Drug Offence,2022-07-12,10
KA-11,Mangaluru North PS,Burglary,2022-02-22,10
KA-07,Santhebennur PS,Kidnapping,2023-11-10,10
KA-13,Mangalapet Market PS,Kidnapping,2025-02-15,10
KA-26,Bhadravathi Rural PS,Burglary,2022-01-27,10
KA-11,Mannalli PS,Murder,2022-01-09,10
KA-13,Ankali PS,Burglary,2022-09-07,10
KA-06,Turvihal PS,Cyber Crime,2025-08-23,10
KA-30,Vidyaranyarpuram PS,Robbery,2025-03-03,10
KA-13,K.T.J Nagar PS,Robbery,2022-09-26,10
KA-21,Khadebazar PS,Theft,2025-03-14,10
KA-19,Yedrami PS,Fraud,2025-05-10,10
KA-06,Uppinangadi PS,Cyber Crime,2023-05-27,10
KA-24,Dandeli Town PS,Theft,2024-02-21,10
KA-03,Kadra PS,Cyber Crime,2024-03-13,10
KA-31,Gokak Rural PS,Assault,2024-08-11,10
KA-18,Dharmasthala PS,Theft,2022-02-27,10
KA-11,Khadakalat PS,Drug Offence,2025-06-15,10
KA-19,Chitradurga Women PS,Robbery,2023-10-02,10
KA-21,Chowka PS,Theft,2023-09-09,10
KA-04,Malkhed PS,Assault,2022-02-21,10
KA-21,Byatarayanapura PS,Kidnapping,2023-11-26,10
KA-24,Hullahalli PS,Theft,2023-08-21,10
KA-20,Byndoor PS,Vehicle Theft,2022-01-19,10
KA-10,Turvihal PS,Domestic Violence,2025-02-27,10
KA-15,Arakere PS,Kidnapping,2025-02-25,10
KA-22,Attibele PS,Cyber Crime,2023-05-19,10
KA-09,Kanakagiri PS,Domestic Violence,2023-11-24,10
KA-21,Hassan CEN Crime PS,Assault,2023-03-25,10
KA-12,Hullahalli PS,Vehicle Theft,2022-05-14,10
KA-07,Belagavi City Women PS,Drug Offence,2024-01-28,10
KA-09,Yamakanmardi PS,Burglary,2025-06-16,10
KA-27,Kadra PS,Burglary,2024-12-25,10
KA-31,H.S.R.Layout PS,Burglary,2022-04-26,10
KA-14,Varthur PS,Assault,2025-07-05,10
KA-22,Huliyar PS,Drug Offence,2024-09-06,10
KA-11,Shikaripura Rural PS,Drug Offence,2023-08-18,10
KA-11,Holenarasipura Rural PS,Drug Offence,2025-11-21,10
KA-04,Kampli PS,Burglary,2025-07-23,10
KA-24,Malavalli Town PS,Drug Offence,2022-03-07,10
KA-30,Shahapur PS,Fraud,2024-03-12,10
KA-17,Sanjay Nagara PS,Kidnapping,2022-02-09,10
KA-05,Raichur Women PS,Robbery,2024-02-25,10
KA-21,Kasabapeth PS,Rioting,2023-04-07,10
KA-04,Kembhavi PS,Rioting,2025-12-26,10
KA-25,Devara Hipparagi PS,Kidnapping,2024-11-12,10
KA-14,Kampli PS,Cyber Crime,2025-02-24,10
KA-03,Jayanagara PS,Drug Offence,2024-08-03,10
KA-17,Bemalkhed PS,Fraud,2024-05-23,10
KA-26,Kalasa PS,Domestic Violence,2023-05-09,10
KA-30,Shahapura PS,Cyber Crime,2022-02-22,10
KA-22,Sagara Town PS,Domestic Violence,2022-03-11,10
KA-17,Mambali PS,Robbery,2024-02-17,10
KA-31,Gokak Rural PS,Domestic Violence,2023-09-09,10
KA-09,Mayakonda PS,Murder,2023-07-28,10
KA-15,Kadaba PS,Drug Offence,2025-01-06,10
KA-06,Hassan Women PS,Rioting,2023-10-26,10
KA-14,Sampigehalli PS,Assault,2022-09-04,10
KA-08,Hokrana PS,Robbery,2022-01-24,10
KA-26,Hospet Town PS,Domestic Violence,2022-12-07,10
KA-28,Devalagangapur PS,Burglary,2023-04-28,10
KA-21,Nelamangala Town PS,Theft,2023-02-18,10
KA-21,Shanthapur PS,Rioting,2024-03-19,10
KA-08,Shikaripura Rural PS,Murder,2024-11-08,10
KA-22,V.V. Puram PS,Murder,2022-09-10,10
KA-31,Gokarna PS,Burglary,2025-10-14,10
KA-06,Srimangala PS,Robbery,2025-03-04,10
KA-14,Mangaluru South PS,Domestic Violence,2022-07-18,10
KA-10,Besagaraghalli PS,Murder,2024-11-22,10
KA-25,Gadag Women PS,Kidnapping,2025-05-26,10
KA-17,Doddaballapura Rural PS,Kidnapping,2022-12-17,10
KA-07,Tiptur Town PS,Kidnapping,2023-06-22,10
KA-09,Abbinahole PS,Cyber Crime,2022-08-13,10
KA-18,V.V. Puram PS,Assault,2025-11-24,10
KA-16,Byappanahalli PS,Fraud,2024-10-19,10
KA-18,Imangala PS,Robbery,2024-09-22,10
KA-07,Bharathi Nagar PS,Assault,2023-09-07,10
KA-08,Balur PS,Robbery,2023-03-13,10
KA-29,Kollegala Town PS,Robbery,2023-03-06,10
KA-31,Jalhalli PS,Vehicle Theft,2022-12-18,10
KA-21,Metagalli PS,Burglary,2025-08-13,10
KA-29,Revoor PS,Drug Offence,2024-11-09,10
KA-30,Saragur PS,Vehicle Theft,2022-09-12,10
KA-19,Alur PS,Rioting,2025-06-22,10
KA-09,Byatarayanapura PS,Cyber Crime,2022-02-07,10
KA-27,Gownapalli PS,Fraud,2025-11-05,10
KA-14,Gundlupete PS,Murder,2025-07-28,10
KA-14,Hunusur Town PS,Domestic Violence,2024-05-06,10
KA-19,Chitradurga Women PS,Cyber Crime,2023-10-02,10
KA-03,Bantwala Town PS,Kidnapping,2022-11-17,10
KA-10,Mangaluru South PS,Fraud,2022-07-17,10
KA-04,Turuvanur (Jogi) PS,Burglary,2024-12-19,10
KA-28,Besagaraghalli PS,Drug Offence,2023-11-27,10
KA-25,Vemagal PS,Kidnapping,2024-04-07,10
KA-29,Yelburga PS,Theft,2023-08-16,10
KA-21,Siruguppa PS,Cyber Crime,2025-03-03,10
KA-23,Bendigeri PS,Assault,2022-05-02,10
KA-28,Mahagoan PS,Robbery,2025-10-27,10
KA-04,Sadashivanagar PS,Assault,2023-11-28,10
KA-03,Subramanya Nagar PS,Fraud,2023-02-06,10
KA-16,Bilagi PS,Theft,2025-05-06,10
KA-19,Gokarna PS,Cyber Crime,2023-06-03,10
KA-13,Talakadu PS,Drug Offence,2024-05-02,10
KA-27,Raibag PS,Burglary,2023-11-21,10
KA-07,Hortti PS,Robbery,2023-03-28,10
KA-19,Gadag Women PS,Burglary,2025-07-22,10
KA-11,Chikkajala PS,Cyber Crime,2022-01-04,10
KA-20,Anavatti PS,Drug Offence,2022-06-28,10
KA-21,K.B. Cross PS,Drug Offence,2022-09-15,10
KA-28,Bagalur PS,Vehicle Theft,2023-11-07,10
KA-01,Khadebazar PS,Rioting,2024-11-21,10
KA-08,Hadagali PS,Assault,2024-12-24,10
KA-07,Belagavi Rural PS,Drug Offence,2022-06-15,10
KA-28,Saragur PS,Cyber Crime,2023-05-17,10
KA-06,Gabbur PS,Fraud,2024-05-26,10
KA-27,Marriyammanahalli PS,Robbery,2024-04-12,10
KA-12,Anavatti PS,Theft,2022-10-11,10
KA-21,Hassan CEN Crime PS,Burglary,2023-03-25,10
KA-26,Shahabad Town PS,Assault,2023-05-27,10
KA-23,Ramanagara Women PS,Cyber Crime,2023-09-17,10
KA-22,Kamakshipalya PS,Burglary,2024-05-12,10
KA-28,Gundlupete PS,Kidnapping,2023-02-25,10
KA-26,Bilagi PS,Drug Offence,2022-12-19,10
KA-11,Kodagu Women PS,Cyber Crime,2023-07-24,10
KA-16,Dhannura PS,Domestic Violence,2022-12-12,10
KA-28,Bindiganavile PS,Rioting,2023-04-08,10
KA-05,Peenya PS,Drug Offence,2023-08-08,10
KA-30,Chikkamagalur Women PS,Theft,2024-03-16,10
KA-16,Mahalingapur PS,Rioting,2022-03-01,10
KA-06,Mallanduru PS,Domestic Violence,2024-05-18,10
KA-05,Dibburahalli PS,Assault,2023-03-03,10
KA-20,Kalaburagi City CENCrime PS,Rioting,2025-11-03,10
KA-23,Bhadravathi Rural PS,Fraud,2025-02-08,10
KA-06,Dharwad Rural PS,Drug Offence,2025-12-17,10
KA-17,Chikkajala PS,Burglary,2023-10-28,10
KA-03,Sandur PS,Assault,2023-09-18,10
KA-27,Sadar Bazar PS,Burglary,2022-10-20,10
KA-14,Tumakur Rural PS,Rioting,2024-04-04,10
KA-30,Gokak Rural PS,Drug Offence,2024-10-03,10
KA-30,Hirehadagali PS,Kidnapping,2024-10-21,10
KA-06,Kundapura PS,Vehicle Theft,2023-08-18,10
KA-25,Devara Hipparagi PS,Robbery,2024-11-12,10
KA-09,Kalasa PS,Murder,2022-09-18,10
KA-06,Vibanagara PS,Drug Offence,2022-01-04,10
KA-25,Yamakanmardi PS,Domestic Violence,2025-01-11,10
KA-22,Mico Layout PS,Rioting,2024-10-20,10
KA-25,Honnali PS,Kidnapping,2025-09-10,10
KA-02,CEN Crime PS Mysuru City,Murder,2022-04-21,10
KA-16,Byappanahalli PS,Domestic Violence,2024-10-19,10
KA-07,Bidadi PS,Drug Offence,2024-08-26,10
KA-05,Sampigehalli PS,Drug Offence,2022-08-20,10
KA-22,City Market PS,Kidnapping,2024-08-14,10
KA-23,Bendigeri PS,Rioting,2022-05-02,10
KA-06,Ron PS,Theft,2023-07-24,10
KA-21,Mysore South PS,Cyber Crime,2025-12-13,10
KA-08,Belagavi City Women PS,Burglary,2024-09-10,10
KA-17,Konaje PS,Kidnapping,2023-02-28,10
KA-24,Tekkalkota PS,Robbery,2022-03-15,10
KA-22,Kamakshipalya PS,Vehicle Theft,2024-05-12,10
KA-26,Kapu PS,Fraud,2022-07-07,10
KA-01,Chikkaballapura CEN Crime PS,Robbery,2022-10-25,9
KA-19,Shankarpura PS,Burglary,2025-08-12,9
KA-13,Devalagangapur PS,Domestic Violence,2022-05-25,9
KA-20,Bendigeri PS,Kidnapping,2022-02-04,9
KA-29,Kollegala Town PS,Drug Offence,2024-09-11,9
KA-22,Shakti Nagar PS,Rioting,2025-12-15,9
KA-05,Khadakalat PS,Domestic Violence,2024-08-02,9
KA-18,Subramanya Nagar PS,Drug Offence,2024-11-07,9
KA-01,Chikkaballapura CEN Crime PS,Kidnapping,2022-10-25,9
KA-14,Marriyammanahalli PS,Assault,2024-01-07,9
KA-10,Viveknagar PS,Robbery,2025-10-07,9
KA-30,Guttal PS,Rioting,2024-11-08,9
KA-06,Madanahipparga PS,Robbery,2024-09-03,9
KA-01,Lingasugur PS,Cyber Crime,2025-10-23,9
KA-17,Shakti Nagar PS,Fraud,2024-11-03,9
KA-02,Talakadu PS,Fraud,2023-07-11,9
KA-17,Balur PS,Robbery,2023-07-02,9
KA-18,Bellanduru PS,Fraud,2022-04-18,9
KA-06,Chitradurga Women PS,Rioting,2025-02-05,9
KA-06,Kapu PS,Cyber Crime,2025-06-22,9
KA-08,Mico Layout PS,Fraud,2022-10-05,9
KA-11,Byndoor PS,Theft,2023-12-10,9
KA-29,Kamalanagar PS,Kidnapping,2025-10-11,9
KA-25,Gandhi Chowk PS,Murder,2022-05-28,9
KA-05,Yadgir Rural PS,Rioting,2024-12-16,9
KA-31,Bengaluru Dist Women PS,Cyber Crime,2024-01-24,9
KA-10,Bailhongal PS,Vehicle Theft,2024-08-04,9
KA-24,Chandra Layout PS,Cyber Crime,2024-09-04,9
KA-19,Alur PS,Fraud,2025-06-22,9
KA-04,Santhebennur PS,Robbery,2022-11-21,9
KA-20,Udayagiri PS,Assault,2024-07-21,9
KA-07,Mallanduru PS,Murder,2023-12-27,9
KA-06,Raibag PS,Cyber Crime,2024-03-27,9
KA-01,Chikkaballapura CEN Crime PS,Domestic Violence,2022-10-25,9
KA-10,Chikkamagalur Women PS,Kidnapping,2025-08-02,9
KA-13,Badavanahalli PS,Theft,2022-02-02,9
KA-24,Avalahally PS,Burglary,2023-08-28,9
KA-17,Gundlupete PS,Burglary,2022-08-27,9
KA-13,Devalagangapur PS,Cyber Crime,2023-09-08,9
KA-25,Raibag PS,Rioting,2023-10-19,9
KA-20,Revoor PS,Kidnapping,2025-06-01,9
KA-05,Tekkalkota PS,Rioting,2022-09-03,9
KA-22,Srirangapatna PS,Robbery,2024-09-18,9
KA-01,Govindaraja Nagar PS,Robbery,2024-04-24,9
KA-31,Bemalkhed PS,Fraud,2025-06-22,9
KA-14,Bendigeri PS,Robbery,2024-08-22,9
KA-08,Yadgir Rural PS,Theft,2022-03-16,9
KA-15,Bidar Women PS,Rioting,2024-02-27,9
KA-28,Viveknagar PS,Murder,2024-03-08,9
KA-23,Kasabapeth PS,Murder,2023-08-22,9
KA-20,Belagavi City Women PS,Robbery,2023-03-04,9
KA-19,Konanakunte PS,Kidnapping,2022-04-19,9
KA-07,Dhannura PS,Cyber Crime,2023-05-03,9
KA-24,Madanahipparga PS,Fraud,2022-03-04,9
KA-11,Ranebennur Town PS,Theft,2023-02-24,9
KA-07,Udayagiri PS,Assault,2023-06-07,9
KA-12,Mandya West PS,Assault,2023-11-04,9
KA-08,Bilagi PS,Assault,2023-02-21,9
KA-15,Santemaralli PS,Vehicle Theft,2025-06-25,9
KA-14,Gadag Women PS,Drug Offence,2022-08-21,9
KA-17,Surathkal PS,Robbery,2024-07-22,9
KA-22,Sathanuru PS,Rioting,2024-05-14,9
KA-06,Shankarpura PS,Kidnapping,2024-08-09,9
KA-04,Ponnampet PS,Vehicle Theft,2024-11-26,9
KA-13,Vyalikaval PS,Fraud,2024-07-18,9
KA-25,Channapatna Town PS,Burglary,2023-08-16,9
KA-30,Tumkur CEN Crime PS,Kidnapping,2022-04-02,9
KA-13,Devalagangapur PS,Vehicle Theft,2022-05-25,9
KA-22,Turuvanur (Jogi) PS,Vehicle Theft,2025-09-01,9
KA-30,Sagara Town PS,Domestic Violence,2022-04-06,9
KA-11,Dharmasthala PS,Fraud,2024-01-12,9
KA-10,Turvihal PS,Drug Offence,2025-02-27,9
KA-10,Viveknagar PS,Domestic Violence,2025-10-07,9
KA-04,Bellanduru PS,Cyber Crime,2025-08-24,9
KA-17,Konaje PS,Assault,2023-02-28,9
KA-15,Tiptur Town PS,Kidnapping,2024-08-20,9
KA-31,Ranebennur Town PS,Murder,2024-08-02,9
KA-20,Udayagiri PS,Fraud,2024-07-21,9
KA-04,K.R. Nagar PS,Fraud,2022-12-19,9
KA-18,Turvihal PS,Vehicle Theft,2025-10-27,9
KA-08,Tekkalkota PS,Rioting,2022-03-28,9
KA-08,Vijayanagar PS,Theft,2025-05-19,9
KA-06,Sathanuru PS,Vehicle Theft,2023-02-22,9
KA-29,Kamalanagar PS,Cyber Crime,2025-10-11,9
KA-25,Humnabad PS,Assault,2024-01-17,9
KA-21,Bhadravathi Rural PS,Vehicle Theft,2023-07-12,9
KA-30,Dhannura PS,Burglary,2022-04-22,9
KA-25,Kushalnagar Town PS,Assault,2023-06-24,9
KA-27,Avalahally PS,Rioting,2022-01-04,9
KA-05,Naragund PS,Drug Offence,2024-01-10,9
KA-19,Sampigehalli PS,Assault,2024-03-04,9
KA-21,East CEN Crime PS,Domestic Violence,2024-10-09,9
KA-31,Malpe PS,Cyber Crime,2024-07-08,9
KA-19,Mangaluru North PS,Rioting,2024-10-25,9
KA-21,Shahabad Town PS,Drug Offence,2024-06-03,9
KA-09,Ranebennur Town PS,Theft,2023-12-14,9
KA-06,Chitradurga Women PS,Kidnapping,2025-02-05,9
KA-21,Konanakunte PS,Drug Offence,2022-08-16,9
KA-22,Idapanur PS,Theft,2025-12-28,9
KA-24,Jayaprakash Nagar PS,Kidnapping,2023-09-07,9
KA-07,Lakkavalli PS,Fraud,2025-02-11,9
KA-08,Napoklu PS,Robbery,2023-04-21,9
KA-29,Shanthapur PS,Assault,2025-08-02,9
KA-11,City Market PS,Fraud,2025-10-05,9
KA-27,Belagavi City Women PS,Assault,2024-07-10,9
KA-04,Alur PS,Theft,2024-05-19,9
KA-14,Arakere PS,Drug Offence,2023-08-08,9
KA-12,Jalhalli PS,Rioting,2025-03-05,9
KA-01,Commercial Street PS,Domestic Violence,2024-10-20,9
KA-05,Vemagal PS,Domestic Violence,2022-01-16,9
KA-06,Koratagere PS,Domestic Violence,2023-01-11,9
KA-22,Idapanur PS,Cyber Crime,2025-12-28,9
KA-24,Lingasugur PS,Theft,2023-02-09,9
KA-30,Yamakanmardi PS,Robbery,2025-04-07,9
KA-31,Malpe PS,Murder,2024-07-08,9
KA-13,Gowribidanur Rural PS,Fraud,2022-07-16,9
KA-02,Jewargi PS,Burglary,2022-06-01,9
KA-12,Chandrashekarpura PS,Cyber Crime,2022-08-06,9
KA-05,Shanthapur PS,Vehicle Theft,2025-03-28,9
KA-25,Jigani PS,Cyber Crime,2023-03-08,9
KA-23,Tiptur Town PS,Rioting,2024-03-22,9
KA-16,Mahalingapur PS,Domestic Violence,2022-03-01,9
KA-12,Ponnampet PS,Kidnapping,2025-03-25,9
KA-14,Turuvkere PS,Murder,2025-10-04,9
KA-22,Kanakagiri PS,Assault,2022-11-22,9
KA-15,Banavasi PS,Murder,2024-09-12,9
KA-10,P.D. Halli PS,Assault,2025-12-16,9
KA-31,Commercial Street PS,Theft,2024-10-27,9
KA-10,Chigateri PS,Rioting,2025-05-21,9
KA-19,Mico Layout PS,Drug Offence,2022-02-25,9
KA-14,Turvihal PS,Theft,2024-02-01,9
KA-09,Shikaripura Rural PS,Vehicle Theft,2022-11-22,9
KA-28,Shivajinagar PS,Robbery,2022-08-08,9
KA-26,K.B. Cross PS,Domestic Violence,2024-03-26,9
KA-15,Shikaripura Rural PS,Burglary,2022-03-15,9
KA-05,Yelburga PS,Domestic Violence,2025-04-19,9
KA-05,Teradal PS,Fraud,2025-10-12,9
KA-22,Kanakagiri PS,Rioting,2022-11-22,9
KA-04,Sagara Town PS,Fraud,2023-07-20,9
KA-09,Abbinahole PS,Domestic Violence,2022-08-13,9
KA-23,Shahapura PS,Rioting,2023-05-11,9
KA-10,Udupi Women PS,Vehicle Theft,2025-08-05,9
KA-03,Govindaraja Nagar PS,Domestic Violence,2025-12-22,9
KA-15,Ramnagar PS,Fraud,2024-12-02,9
KA-16,Shahapur PS,Kidnapping,2022-04-01,9
KA-12,Gownapalli PS,Drug Offence,2024-04-21,9
KA-05,Banavasi PS,Kidnapping,2025-01-19,9
KA-03,Hebbal PS,Drug Offence,2022-01-06,9
KA-08,Jayanagar PS,Vehicle Theft,2022-08-04,9
KA-12,Jayaprakash Nagar PS,Robbery,2022-03-14,9
KA-24,Chandra Layout PS,Vehicle Theft,2024-09-04,9
KA-19,Chandrashekarpura PS,Domestic Violence,2024-08-17,9
KA-19,Santemaralli PS,Murder,2025-07-02,9
KA-10,Mysore South PS,Domestic Violence,2022-02-28,9
KA-17,Viveknagar PS,Vehicle Theft,2024-03-27,9
KA-23,Khadakalat PS,Assault,2023-02-01,9
KA-09,CEN Crime PS Mysuru City,Rioting,2023-03-13,9
KA-13,Mandya Rural PS,Cyber Crime,2022-12-13,9
KA-12,Mannalli PS,Robbery,2023-03-04,9
KA-23,Belagavi Rural PS,Assault,2025-07-23,9
KA-09,Bankapura PS,Rioting,2022-05-04,9
KA-18,Sadashivanagar PS,Burglary,2022-07-22,9
KA-24,Hullahalli PS,Rioting,2023-08-21,9
KA-11,Yelahanka PS,Assault,2024-01-28,9
KA-21,Chowka PS,Drug Offence,2024-06-01,9
KA-13,Raichur Women PS,Kidnapping,2024-06-28,9
KA-30,Ramnagar PS,Kidnapping,2024-05-17,9
KA-03,Ghantikeri PS,Assault,2022-03-21,9
KA-16,Turuvanur (Jogi) PS,Cyber Crime,2024-06-20,9
KA-29,Udupi Women PS,Assault,2025-11-19,9
KA-14,Whitefield PS,Rioting,2025-05-15,9
KA-13,Badavanahalli PS,Assault,2022-02-02,9
KA-20,Kanakagiri PS,Drug Offence,2022-09-13,9
KA-23,Udayagiri PS,Rioting,2025-04-23,9
KA-31,Malpe PS,Kidnapping,2024-07-08,9
KA-05,Vidyaranyarpuram PS,Domestic Violence,2022-07-17,9
KA-04,Hariharapura PS,Theft,2025-08-12,9
KA-28,Belur PS,Rioting,2022-11-21,9
KA-10,Nelamangala Town PS,Robbery,2023-12-24,9
KA-20,Shahapura PS,Assault,2023-08-01,9
KA-17,Champion Reefs  PS,Theft,2023-01-05,9
KA-25,Mangaluru South PS,Cyber Crime,2023-08-08,9
KA-20,Bendigeri PS,Robbery,2022-02-04,9
KA-29,Srimangala PS,Rioting,2023-12-17,9
KA-22,Yelburga PS,Domestic Violence,2023-11-02,9
KA-31,Hebbal PS,Rioting,2025-08-24,9
KA-04,Dhannura PS,Rioting,2024-12-13,9
KA-20,Shahapura PS,Cyber Crime,2023-08-01,9
KA-16,Huliyar PS,Assault,2025-05-26,9
KA-26,Guttal PS,Kidnapping,2023-03-20,9
KA-17,Mico Layout PS,Rioting,2024-04-17,9
KA-29,Kodigehalli PS,Kidnapping,2025-07-02,9
KA-05,Chikkanayakanahalli PS,Murder,2023-11-01,9
KA-17,Betageri Extention PS,Robbery,2025-03-07,9
KA-31,Maddur PS,Cyber Crime,2022-11-09,9
KA-27,Raibag PS,Fraud,2023-09-22,9
KA-16,Chandrashekarpura PS,Cyber Crime,2024-01-18,9
KA-16,Kempegowda Nagar PS,Theft,2024-10-25,9
KA-07,Surathkal PS,Theft,2025-04-18,9
KA-20,Doddaballapura Rural PS,Rioting,2023-10-28,9
KA-04,Khadebazar PS,Fraud,2023-11-25,9
KA-09,Subramanya Nagar PS,Theft,2025-04-17,9
KA-20,Sakkaraya Patna PS,Murder,2025-01-04,9
KA-13,Tumkur CEN Crime PS,Theft,2023-06-01,9
KA-15,Ramanagara Women PS,Cyber Crime,2024-02-20,9
KA-15,Yeregera PS,Fraud,2025-05-14,9
KA-14,Badavanahalli PS,Burglary,2024-05-15,9
KA-17,Kamakshipalya PS,Burglary,2024-11-10,9
KA-28,Mambali PS,Kidnapping,2025-03-11,9
KA-24,Brahmavar PS,Vehicle Theft,2025-10-08,9
KA-23,K.R. Pet Town PS,Murder,2024-08-12,9
KA-12,Gowribidanur Rural PS,Kidnapping,2022-02-10,9
KA-16,Manna Ekhelli PS,Rioting,2023-11-10,9
KA-05,Kutta PS,Drug Offence,2025-11-19,9
KA-27,K.T.J Nagar PS,Robbery,2024-01-15,9
KA-09,Navalgund PS,Murder,2025-02-04,9
KA-24,Hospet Town PS,Domestic Violence,2025-09-16,9
KA-19,Konanakunte PS,Murder,2022-04-19,9
KA-06,Peenya PS,Burglary,2022-02-13,9
KA-18,Dandeli Town PS,Theft,2025-07-02,9
KA-13,Mangalapet Market PS,Murder,2025-02-15,9
KA-17,Varthur PS,Rioting,2024-06-02,9
KA-18,Jigani PS,Kidnapping,2023-10-20,9
KA-18,APMC Navanagar,Kidnapping,2025-01-19,9
KA-24,V.V. Puram PS,Burglary,2022-02-18,9
KA-17,Viveknagar PS,Theft,2022-02-20,9
KA-06,Dandeli Town PS,Fraud,2024-03-09,9
KA-08,Tumkur CEN Crime PS,Theft,2023-03-05,9
KA-22,Kapu PS,Burglary,2023-02-19,9
KA-03,Gadag CEN Crime PS,Fraud,2025-03-03,9
KA-02,Kampli PS,Rioting,2025-06-14,9
KA-15,Chikkajala PS,Burglary,2022-06-26,9
KA-01,Huliyar PS,Murder,2024-07-19,9
KA-05,Bhadravathi Old Town PS,Burglary,2024-07-04,9
KA-15,Napoklu PS,Robbery,2023-03-12,9
KA-02,Tiptur Town PS,Theft,2023-07-03,9
KA-28,Golgumbaz PS,Rioting,2023-05-25,9
KA-30,Hosahalli PS,Drug Offence,2023-05-28,9
KA-07,Koppal Rural PS,Assault,2023-01-06,9
KA-25,Betageri Extention PS,Cyber Crime,2022-02-04,9
KA-13,Idapanur PS,Kidnapping,2022-09-15,9
KA-21,Hassan CEN Crime PS,Fraud,2023-03-25,9
KA-25,Kasabapeth PS,Vehicle Theft,2024-04-06,9
KA-08,Belagavi Rural PS,Murder,2024-02-23,9
KA-29,Hebri PS,Robbery,2024-03-02,9
KA-24,Kushnoor PS,Kidnapping,2024-03-11,9
KA-29,Vyalikaval PS,Vehicle Theft,2022-10-26,9
KA-29,Hebri PS,Vehicle Theft,2024-03-02,9
KA-05,Bankapura PS,Robbery,2023-03-24,9
KA-05,Vemagal PS,Vehicle Theft,2022-01-16,9
KA-12,Kushnoor PS,Fraud,2023-06-23,9
KA-27,Marriyammanahalli PS,Drug Offence,2024-04-12,9
KA-09,Kamasamudram PS,Fraud,2022-02-27,9
KA-26,Bengaluru Dist Women PS,Drug Offence,2025-02-20,9
KA-10,Kodigehalli PS,Assault,2025-11-14,9
KA-27,Govindaraja Nagar PS,Vehicle Theft,2024-04-13,9
KA-05,Andersonpet PS,Domestic Violence,2025-01-08,9
KA-04,Ashoknagar PS,Cyber Crime,2023-12-03,9
KA-14,Badavanahalli PS,Cyber Crime,2024-05-15,9
KA-29,Vemagal PS,Rioting,2023-05-12,9
KA-06,Hirisave PS,Assault,2024-12-21,9
KA-26,Raichur Women PS,Theft,2022-04-22,9
KA-20,Navalgund PS,Cyber Crime,2025-09-12,9
KA-20,Kanakagiri PS,Cyber Crime,2022-09-13,9
KA-31,Vyalikaval PS,Drug Offence,2025-11-04,9
KA-01,Udupi Women PS,Domestic Violence,2024-07-14,9
KA-07,Sadar Bazar PS,Murder,2024-11-01,9
KA-21,Malavalli Town PS,Murder,2022-11-08,9
KA-27,Gokarna PS,Robbery,2023-03-13,9
KA-15,Byatarayanapura PS,Vehicle Theft,2024-05-14,9
KA-24,Byndoor PS,Cyber Crime,2023-11-07,9
KA-09,Bellanduru PS,Theft,2022-03-26,9
KA-17,Naragund PS,Fraud,2025-09-24,9
KA-18,Santhebennur PS,Rioting,2024-05-18,9
KA-29,CEN Crime PS Mysuru City,Vehicle Theft,2024-07-27,9
KA-11,Besagaraghalli PS,Kidnapping,2022-04-17,9
KA-13,Alur PS,Drug Offence,2025-04-10,9
KA-14,Arakere PS,Theft,2023-08-08,9
KA-08,Peresandra PS,Murder,2024-02-08,9
KA-12,Bantwala Town PS,Theft,2023-05-12,9
KA-06,Udupi Women PS,Cyber Crime,2024-04-02,9
KA-17,Belagavi Rural PS,Robbery,2023-01-19,9
KA-24,SouthEast CEN Crime PS,Rioting,2025-03-23,9
KA-16,Jayanagar PS,Domestic Violence,2025-11-12,9
KA-12,Kushnoor PS,Domestic Violence,2023-06-23,9
KA-27,Hadagali PS,Drug Offence,2023-06-21,9
KA-14,Kuknoor PS,Drug Offence,2022-04-27,9
KA-07,Arakere PS,Robbery,2025-07-07,9
KA-26,Chowka PS,Burglary,2022-07-07,9
KA-27,Kalasipalya PS,Domestic Violence,2023-10-10,9
KA-12,Kushnoor PS,Robbery,2025-07-02,9
KA-13,Malur PS,Murder,2022-10-23,9
KA-16,Bellanduru PS,Murder,2025-05-09,9
KA-28,Kudur PS,Theft,2022-07-26,9
KA-15,Mandya West PS,Burglary,2023-03-19,9
KA-27,Ballari Rural PS,Fraud,2024-02-08,9
KA-26,Kushnoor PS,Rioting,2024-11-16,9
KA-07,Sampigehalli PS,Assault,2025-01-04,9
KA-07,Gokak Rural PS,Murder,2025-06-09,9
KA-25,Vemagal PS,Rioting,2024-04-07,9
KA-04,Kalasipalya PS,Assault,2025-09-03,9
KA-06,Sringeri PS,Kidnapping,2025-06-09,9
KA-12,Bailhongal PS,Drug Offence,2024-01-20,9
KA-08,Peresandra PS,Robbery,2024-02-08,9
KA-11,Kollegala Town PS,Theft,2024-11-20,9
KA-17,Tumakur Rural PS,Drug Offence,2025-09-04,9
KA-11,Mallanduru PS,Burglary,2023-08-14,9
KA-07,Belur PS,Drug Offence,2022-03-17,9
KA-10,Kamasamudram PS,Vehicle Theft,2025-01-16,9
KA-22,Vemagal PS,Cyber Crime,2023-07-25,9
KA-29,Doddaballapura Rural PS,Assault,2024-05-22,9
KA-18,V.V. Puram PS,Burglary,2025-11-24,9
KA-29,Yeregera PS,Cyber Crime,2024-11-11,9
KA-26,Vidyaranyarpuram PS,Drug Offence,2022-10-14,9
KA-13,Shanthapur PS,Robbery,2022-04-18,9
KA-04,Vibanagara PS,Rioting,2025-10-04,9
KA-13,K.T.J Nagar PS,Drug Offence,2023-08-07,9
KA-03,Manna Ekhelli PS,Domestic Violence,2024-04-04,9
KA-14,Sakkaraya Patna PS,Robbery,2022-10-25,9
KA-22,Arakere PS,Vehicle Theft,2025-07-09,9
KA-11,Mangaluru North PS,Fraud,2022-02-22,9
KA-31,Mandya West PS,Rioting,2023-03-04,9
KA-02,Bidadi PS,Assault,2022-10-18,9
KA-02,Vemagal PS,Kidnapping,2024-05-18,9
KA-09,Madiwala PS,Assault,2024-02-16,9
KA-08,Udupi CEN Crime PS,Cyber Crime,2022-06-19,9
KA-05,Kalaburagi City CENCrime PS,Murder,2025-10-28,9
KA-15,Kollegala Town PS,Robbery,2025-09-07,9
KA-23,Ramanagara Women PS,Vehicle Theft,2023-09-17,9
KA-21,Kodagu CEN Crime PS,Murder,2025-12-02,9
KA-01,Sandur PS,Fraud,2024-04-06,9
KA-10,Besagaraghalli PS,Assault,2024-11-22,9
KA-14,Mico Layout PS,Burglary,2023-04-24,9
KA-01,Khadebazar PS,Vehicle Theft,2024-11-21,9
KA-20,Yeregera PS,Theft,2025-10-22,9
KA-08,Jayaprakash Nagar PS,Kidnapping,2025-03-09,9
KA-26,Kencharlahalli PS,Theft,2023-11-25,9
KA-03,Raichur Women PS,Robbery,2022-06-22,9
KA-19,Gandasi PS,Murder,2022-04-16,9
KA-24,Belur PS,Domestic Violence,2023-04-24,9
KA-07,Kodagu Women PS,Fraud,2024-03-23,8
KA-10,Jayanagar PS,Cyber Crime,2025-10-12,8
KA-27,Bharathi Nagar PS,Burglary,2024-04-09,8
KA-22,Devalagangapur PS,Theft,2022-12-28,8
KA-06,Tumakur Rural PS,Theft,2023-09-14,8
KA-18,Avalahally PS,Rioting,2025-07-08,8
KA-07,Hariharapura PS,Kidnapping,2024-12-18,8
KA-17,Kodigehalli PS,Cyber Crime,2024-04-13,8
KA-08,Napoklu PS,Burglary,2023-04-21,8
KA-04,Hortti PS,Vehicle Theft,2024-12-07,8
KA-16,Ghantikeri PS,Robbery,2023-10-13,8
KA-11,Byndoor PS,Murder,2023-12-10,8
KA-29,Byatarayanapura PS,Burglary,2024-09-27,8
KA-03,Cowlbazar PS,Robbery,2023-07-19,8
KA-23,Talakadu PS,Robbery,2025-04-10,8
KA-08,Doddawad PS,Theft,2024-07-11,8
KA-17,Kamakshipalya PS,Fraud,2024-11-10,8
KA-24,Chandra Layout PS,Rioting,2024-09-04,8
KA-25,Gadag Women PS,Rioting,2025-05-26,8
KA-15,Chitradurga Women PS,Kidnapping,2024-10-12,8
KA-04,Lingasugur PS,Drug Offence,2023-02-06,8
KA-01,Mico Layout PS,Rioting,2025-09-27,8
KA-28,Gandhi Chowk PS,Robbery,2022-08-09,8
KA-15,Chamarajanagar Rural PS,Theft,2025-08-25,8
KA-12,Thalaghattapura PS,Burglary,2024-02-21,8
KA-20,Sakkaraya Patna PS,Kidnapping,2025-01-04,8
KA-27,Shahapur PS,Assault,2025-02-27,8
KA-13,Byndoor PS,Robbery,2023-07-22,8
KA-07,Kasabapeth PS,Assault,2022-04-11,8
KA-17,Betageri Extention PS,Theft,2025-07-21,8
KA-19,Gokarna PS,Robbery,2024-07-07,8
KA-13,Badavanahalli PS,Burglary,2022-02-02,8
KA-24,Doddawad PS,Murder,2025-02-11,8
KA-29,Belagavi City Women PS,Rioting,2024-10-05,8
KA-15,Hampi Tourism PS,Domestic Violence,2024-11-22,8
KA-17,Konaje PS,Theft,2023-02-28,8
KA-06,Hadagali PS,Assault,2022-02-11,8
KA-19,Gadag Women PS,Drug Offence,2025-07-22,8
KA-21,Shanthapur PS,Vehicle Theft,2024-03-19,8
KA-16,Gokak Rural PS,Drug Offence,2025-01-05,8
KA-26,Kencharlahalli PS,Kidnapping,2023-11-25,8
KA-16,Tavaregera PS,Drug Offence,2025-11-23,8
KA-08,Belagavi Rural PS,Rioting,2024-02-23,8
KA-09,Mangalapet Market PS,Domestic Violence,2023-05-01,8
KA-09,Mangalapet Market PS,Fraud,2023-05-01,8
KA-07,Managoli PS,Assault,2022-10-12,8
KA-28,Bendigeri PS,Drug Offence,2025-04-01,8
KA-04,Abbinahole PS,Rioting,2023-09-24,8
KA-17,K.R. Nagar PS,Assault,2022-08-06,8
KA-14,P.D. Halli PS,Assault,2025-11-04,8
KA-12,Udupi Women PS,Cyber Crime,2023-08-13,8
KA-09,Srimangala PS,Theft,2024-05-23,8
KA-01,Chikkamagalur Women PS,Theft,2025-04-26,8
KA-04,Sagara Town PS,Drug Offence,2023-07-20,8
KA-03,Vijayanagar PS,Rioting,2023-09-27,8
KA-17,Turuvkere PS,Domestic Violence,2024-10-20,8
KA-02,Udupi CEN Crime PS,Burglary,2024-08-17,8
KA-09,Bharathi Nagar PS,Cyber Crime,2025-01-24,8
KA-28,Doddawad PS,Vehicle Theft,2025-02-22,8
KA-26,Kamalanagar PS,Drug Offence,2025-11-14,8
KA-03,Gokak Rural PS,Drug Offence,2024-04-25,8
KA-02,Talakadu PS,Theft,2023-07-11,8
KA-07,Revoor PS,Fraud,2025-08-17,8
KA-05,Shanthapur PS,Rioting,2025-03-28,8
KA-15,Byatarayanapura PS,Murder,2024-05-14,8
KA-16,Shahapura PS,Domestic Violence,2022-06-24,8
KA-29,Azad Nagar PS,Theft,2023-03-09,8
KA-04,Raichur Women PS,Cyber Crime,2025-03-19,8
KA-16,East CEN Crime PS,Vehicle Theft,2025-12-25,8
KA-21,Tavaregera PS,Cyber Crime,2022-02-27,8
KA-10,Azad Nagar PS,Cyber Crime,2023-09-15,8
KA-10,Bengaluru Dist Women PS,Assault,2025-11-09,8
KA-05,Hortti PS,Rioting,2023-04-14,8
KA-12,Kempegowda Nagar PS,Rioting,2025-08-06,8
KA-12,Dharwad Women PS,Rioting,2025-09-23,8
KA-21,Chittapura PS,Fraud,2023-11-01,8
KA-14,Abbinahole PS,Vehicle Theft,2022-12-10,8
KA-22,City Market PS,Theft,2024-08-14,8
KA-16,Metagalli PS,Vehicle Theft,2022-10-18,8
KA-25,Gadag Women PS,Burglary,2025-05-26,8
KA-21,Ramnagar PS,Murder,2022-07-23,8
KA-26,Bidar Town PS,Assault,2024-01-18,8
KA-29,Bailhongal PS,Burglary,2023-01-22,8
KA-05,Mysuru CEN Crime PS,Domestic Violence,2024-03-02,8
KA-16,K.R. Nagar PS,Domestic Violence,2022-01-19,8
KA-26,Gandasi PS,Murder,2023-12-12,8
KA-13,Gowribidanur Rural PS,Murder,2022-07-16,8
KA-30,Yelburga PS,Robbery,2024-04-21,8
KA-08,Balur PS,Assault,2023-03-13,8
KA-20,Santhebennur PS,Robbery,2024-11-12,8
KA-14,Koratagere PS,Drug Offence,2024-06-10,8
KA-17,Chowka PS,Rioting,2025-12-17,8
KA-24,CEN Crime PS Mysuru City,Drug Offence,2023-09-25,8
KA-21,Chikkaballapura CEN Crime PS,Vehicle Theft,2022-05-08,8
KA-02,Chikkamagalur Women PS,Vehicle Theft,2022-09-21,8
KA-31,Managoli PS,Rioting,2022-11-06,8
KA-09,Madiwala PS,Domestic Violence,2024-02-16,8
KA-03,Hosahalli PS,Theft,2025-05-11,8
KA-07,Jamakhandi Town PS,Kidnapping,2022-07-11,8
KA-05,Surathkal PS,Drug Offence,2024-05-15,8
KA-18,Chandra Layout PS,Drug Offence,2025-04-12,8
KA-12,Anavatti PS,Burglary,2022-10-11,8
KA-11,Ghantikeri PS,Theft,2024-03-06,8
KA-28,Guttal PS,Vehicle Theft,2022-04-20,8
KA-26,Kamalanagar PS,Vehicle Theft,2025-11-14,8
KA-20,Gundlupete PS,Kidnapping,2024-06-23,8
KA-18,Bellanduru PS,Robbery,2022-04-18,8
KA-18,Gownapalli PS,Kidnapping,2024-02-24,8
KA-12,Thalaghattapura PS,Kidnapping,2022-08-15,8
KA-12,Vidyaranyarpuram PS,Cyber Crime,2024-09-21,8
KA-19,Tumkur CEN Crime PS,Cyber Crime,2023-10-20,8
KA-31,Commercial Street PS,Murder,2024-10-27,8
KA-07,Doddawad PS,Vehicle Theft,2024-10-01,8
KA-22,Hospet Town PS,Vehicle Theft,2022-04-19,8
KA-11,Metagalli PS,Drug Offence,2025-12-06,8
KA-26,Ranebennur Town PS,Vehicle Theft,2023-08-13,8
KA-18,Balur PS,Fraud,2024-03-13,8
KA-30,Managoli PS,Cyber Crime,2022-12-09,8
KA-23,Goruru PS,Murder,2025-09-24,8
KA-20,Channapatna Town PS,Robbery,2023-03-14,8
KA-05,Bagalkot Women PS,Theft,2024-11-14,8
KA-10,Tavaregera PS,Fraud,2022-08-20,8
KA-26,Hirehadagali PS,Assault,2022-12-01,8
KA-05,Naragund PS,Fraud,2024-01-10,8
KA-01,Lakkavalli PS,Domestic Violence,2023-05-09,8
KA-21,Besagaraghalli PS,Fraud,2024-05-18,8
KA-13,Gandasi PS,Theft,2025-02-15,8
KA-06,Anavatti PS,Assault,2022-05-12,8
KA-06,Gandhi Chowk PS,Drug Offence,2024-04-17,8
KA-24,Karwar Town PS,Kidnapping,2022-06-12,8
KA-05,Banavasi PS,Vehicle Theft,2025-01-19,8
KA-30,Kodagu Women PS,Cyber Crime,2022-06-22,8
KA-14,Bidar Women PS,Cyber Crime,2022-09-10,8
KA-25,Kushalnagar Town PS,Fraud,2023-06-24,8
KA-02,Ashoknagar PS,Robbery,2022-11-28,8
KA-30,Mangaluru North PS,Theft,2022-10-25,8
KA-16,Vijayanagar PS,Drug Offence,2025-11-19,8
KA-31,Patapalya PS,Murder,2022-02-11,8
KA-19,Sampigehalli PS,Fraud,2024-03-04,8
KA-09,Ranebennur Town PS,Cyber Crime,2023-12-14,8
KA-12,Ashoknagar PS,Cyber Crime,2023-09-24,8
KA-07,Belagavi Rural PS,Theft,2022-06-15,8
KA-26,Mulbagal Rural PS,Fraud,2024-06-08,8
KA-26,Gokarna PS,Burglary,2025-03-16,8
KA-29,Yelburga PS,Fraud,2023-08-16,8
KA-29,Kodigehalli PS,Drug Offence,2025-07-02,8
KA-06,Malavalli Town PS,Drug Offence,2022-11-08,8
KA-25,Shankarpura PS,Kidnapping,2022-08-09,8
KA-07,Hortti PS,Drug Offence,2023-03-28,8
KA-09,Abbinahole PS,Vehicle Theft,2022-08-13,8
KA-09,Bhadravathi Rural PS,Fraud,2025-10-01,8
KA-27,Sringeri PS,Domestic Violence,2022-04-20,8
KA-04,Bidar Women PS,Rioting,2025-03-28,8
KA-28,Ankali PS,Drug Offence,2025-02-27,8
KA-28,Vibanagara PS,Fraud,2024-02-20,8
KA-02,Anavatti PS,Rioting,2024-10-16,8
KA-07,Mallanduru PS,Burglary,2023-12-27,8
KA-11,Chittapura PS,Cyber Crime,2022-10-01,8
KA-08,Turuvanur (Jogi) PS,Kidnapping,2022-06-14,8
KA-22,Kollegala Town PS,Domestic Violence,2022-06-28,8
KA-16,Chandrashekarpura PS,Assault,2024-12-16,8
KA-17,Chowka PS,Drug Offence,2025-12-17,8
KA-30,Mysore South PS,Theft,2025-07-01,8
KA-06,Yelburga PS,Assault,2024-11-04,8
KA-11,Yelahanka PS,Assault,2025-04-05,8
KA-30,Guttal PS,Burglary,2024-11-08,8
KA-25,Khadebazar PS,Assault,2022-11-01,8
KA-25,Jayaprakash Nagar PS,Assault,2023-03-14,8
KA-21,Sadashivanagar PS,Kidnapping,2022-06-09,8
KA-13,Gokarna PS,Domestic Violence,2023-03-06,8
KA-31,Navalgund PS,Theft,2023-03-14,8
KA-23,Thalak PS,Murder,2022-11-18,8
KA-17,Konanakunte PS,Burglary,2025-03-21,8
KA-13,Gowribidanur Rural PS,Vehicle Theft,2022-07-16,8
KA-01,Kempapura Agrahara PS,Burglary,2025-12-16,8
KA-09,Thalaghattapura PS,Cyber Crime,2025-10-10,8
KA-24,Ranebennur Town PS,Murder,2023-11-26,8
KA-03,Hebbal PS,Burglary,2022-01-06,8
KA-22,Kollegala Town PS,Rioting,2022-06-28,8
KA-27,Gownapalli PS,Theft,2025-11-05,8
KA-20,Champion Reefs  PS,Drug Offence,2023-10-12,8
KA-27,Kamasamudram PS,Kidnapping,2023-06-23,8
KA-22,Navalgund PS,Murder,2023-11-04,8
KA-07,Surathkal PS,Drug Offence,2025-04-18,8
KA-15,Byatarayanapura PS,Cyber Crime,2024-05-14,8
KA-05,Hortti PS,Kidnapping,2023-04-14,8
KA-23,Bhadravathi Old Town PS,Drug Offence,2024-08-28,8
KA-27,Thilakwadi PS,Theft,2022-10-14,8
KA-10,Sampigehalli PS,Fraud,2022-09-17,8
KA-09,Hassan Women PS,Vehicle Theft,2024-12-06,8
KA-12,Udupi CEN Crime PS,Drug Offence,2025-04-11,8
KA-19,Tumakur Rural PS,Domestic Violence,2023-02-27,8
KA-08,Teradal PS,Domestic Violence,2022-05-10,8
KA-25,Sanjay Nagara PS,Fraud,2023-01-18,8
KA-25,Humnabad PS,Cyber Crime,2024-01-17,8
KA-02,Kamasamudram PS,Vehicle Theft,2024-08-22,8
KA-18,Balur PS,Kidnapping,2023-01-18,8
KA-24,Jewargi PS,Assault,2025-05-01,8
KA-06,Khadebazar PS,Assault,2025-09-08,8
KA-03,Belagavi City Women PS,Vehicle Theft,2023-02-28,8
KA-08,K.R. Pet Town PS,Drug Offence,2024-07-23,8
KA-03,Talikot PS,Assault,2023-01-02,8
KA-31,Sindhanur Town PS,Murder,2023-05-07,8
KA-26,Navalgund PS,Theft,2022-02-01,8
KA-31,Jagalur PS,Robbery,2023-08-13,8
KA-15,Srirangapatna PS,Domestic Violence,2022-11-04,8
KA-13,Badavanahalli PS,Drug Offence,2022-02-02,8
KA-13,Miryan PS,Assault,2025-09-28,8
KA-02,K.B. Cross PS,Cyber Crime,2022-07-26,8
KA-31,Hadagali PS,Domestic Violence,2023-01-14,8
KA-29,Ashoknagar PS,Assault,2025-10-19,8
KA-14,Mico Layout PS,Robbery,2022-08-15,8
KA-14,Avalahally PS,Burglary,2024-01-13,8
KA-19,Sampigehalli PS,Kidnapping,2024-03-04,8
KA-15,Vibanagara PS,Cyber Crime,2025-05-28,8
KA-26,Haveri Town PS,Theft,2023-03-14,8
KA-29,Bindiganavile PS,Domestic Violence,2024-10-13,8
KA-15,Arakere PS,Assault,2025-02-25,8
KA-14,Shanthapur PS,Murder,2022-08-26,8
KA-06,Jigani PS,Robbery,2025-10-27,8
KA-16,Humnabad PS,Murder,2023-12-22,8
KA-07,Haveri Town PS,Murder,2024-07-18,8
KA-11,Kodigehalli PS,Murder,2025-03-15,8
KA-18,Chowka PS,Drug Offence,2022-09-10,8
KA-04,Dhannura PS,Cyber Crime,2023-12-22,8
KA-17,Yeshwanthapura PS,Domestic Violence,2023-10-04,8
KA-07,Devara Hipparagi PS,Rioting,2022-01-20,8
KA-31,Gundlupete PS,Vehicle Theft,2022-04-23,8
KA-17,Nanjanagudu Town PS,Assault,2022-06-03,8
KA-04,Hampi Tourism PS,Theft,2022-08-12,8
KA-12,Kapu PS,Theft,2024-04-04,8
KA-23,Bhadravathi Rural PS,Burglary,2025-02-08,8
KA-11,Sanjay Nagara PS,Domestic Violence,2025-05-03,8
KA-21,Navalgund PS,Theft,2024-10-09,8
KA-06,Mannalli PS,Domestic Violence,2025-12-26,8
KA-08,Hampi Tourism PS,Fraud,2023-01-06,8
KA-23,K.R. Nagar PS,Domestic Violence,2024-07-12,8
KA-02,P.D. Halli PS,Domestic Violence,2024-06-26,8
KA-11,Khadakalat PS,Vehicle Theft,2025-06-15,8
KA-05,Gokak Rural PS,Assault,2025-12-02,8
KA-26,Avalahally PS,Domestic Violence,2022-03-09,8
KA-01,Bhatkal Town PS,Cyber Crime,2025-01-03,8
KA-06,Chowka PS,Kidnapping,2022-02-16,8
KA-22,Vyalikaval PS,Kidnapping,2024-09-21,8
KA-21,Mandya Rural PS,Rioting,2023-08-16,8
KA-06,Shankarpura PS,Robbery,2024-08-09,8
KA-04,Tiptur Town PS,Domestic Violence,2024-06-16,8
KA-17,Chigateri PS,Rioting,2024-12-25,8
KA-28,Bagalur PS,Rioting,2023-11-07,8
KA-07,Kuvempunagar PS,Robbery,2025-05-01,8
KA-03,Doddawad PS,Domestic Violence,2023-03-12,8
KA-23,Tiptur Town PS,Drug Offence,2024-03-22,8
KA-01,Kudur PS,Kidnapping,2024-06-10,8
KA-05,Belagavi CEN Crime PS,Cyber Crime,2025-02-16,8
KA-19,Guttal PS,Murder,2024-12-22,8
KA-12,Gownapalli PS,Drug Offence,2024-02-03,8
KA-04,Bhatkal Town PS,Fraud,2024-10-04,8
KA-27,Devaraja PS,Robbery,2025-01-17,8
KA-05,Goruru PS,Cyber Crime,2024-02-23,8
KA-08,Jayanagara PS,Fraud,2025-10-12,8
KA-13,Gokarna PS,Kidnapping,2023-03-06,8
KA-10,Doddawad PS,Kidnapping,2024-02-16,8
KA-25,Talakadu PS,Robbery,2025-11-02,8
KA-09,Hortti PS,Kidnapping,2022-04-24,8
KA-09,Yamakanmardi PS,Kidnapping,2025-09-23,8
KA-23,Hortti PS,Robbery,2023-11-03,8
KA-25,Sadar Bazar PS,Robbery,2023-07-23,8
KA-09,Ramanagara Women PS,Vehicle Theft,2022-09-22,8
KA-12,K.T.J Nagar PS,Assault,2023-05-01,8
KA-29,Tumakur Rural PS,Murder,2023-01-07,8
KA-09,CEN Crime PS Mysuru City,Kidnapping,2023-03-13,8
KA-31,Hirehadagali PS,Fraud,2024-03-10,8
KA-12,Managoli PS,Rioting,2022-02-03,8
KA-07,Hassan Women PS,Fraud,2023-05-08,8
KA-18,Turuvanur (Jogi) PS,Domestic Violence,2024-11-11,8
KA-21,Sakkaraya Patna PS,Vehicle Theft,2022-05-14,8
KA-05,Belagavi CEN Crime PS,Vehicle Theft,2025-02-16,8
KA-20,Hampi Tourism PS,Kidnapping,2024-02-03,8
KA-23,Tekkalkota PS,Fraud,2025-11-10,8
KA-06,Chikkajala PS,Vehicle Theft,2023-03-10,8
KA-07,Peenya PS,Robbery,2023-06-17,8
KA-06,Shankarpura PS,Burglary,2024-08-09,8
KA-23,Mulbagal Rural PS,Cyber Crime,2024-10-24,8
KA-15,Hirehadagali PS,Burglary,2023-10-04,8
KA-13,Kamakshipalya PS,Robbery,2022-02-21,8
KA-08,Kuvempunagar PS,Cyber Crime,2022-02-13,8
KA-28,Konanur PS,Assault,2024-02-28,8
KA-22,Bemalkhed PS,Domestic Violence,2024-04-03,8
KA-20,Kembhavi PS,Robbery,2024-09-16,8
KA-23,Belagavi Rural PS,Murder,2025-07-23,8
KA-18,Gandhi Nagar PS,Drug Offence,2024-11-23,8
KA-30,Kodagu Women PS,Assault,2024-04-23,8
KA-13,Devalagangapur PS,Rioting,2023-09-08,8
KA-24,Thalak PS,Domestic Violence,2023-10-22,8
KA-13,Talakadu PS,Cyber Crime,2024-05-02,8
KA-19,APMC Navanagar,Drug Offence,2025-10-27,8
KA-08,Sathanuru PS,Rioting,2023-04-01,8
KA-31,Gundlupete PS,Cyber Crime,2022-04-23,8
KA-23,Konanur PS,Murder,2024-10-11,8
KA-12,Kapu PS,Murder,2025-07-17,8
KA-06,Sadar Bazar PS,Drug Offence,2025-09-09,8
KA-29,Andersonpet PS,Assault,2025-12-03,8
KA-13,Badavanahalli PS,Domestic Violence,2022-02-02,8
KA-14,Gadag Women PS,Theft,2022-08-21,8
KA-04,Khadebazar PS,Robbery,2023-11-25,8
KA-10,Jayaprakash Nagar PS,Vehicle Theft,2022-02-01,8
KA-15,Madiwala PS,Vehicle Theft,2023-03-13,8
KA-27,Santemaralli PS,Murder,2023-07-15,8
KA-17,Saragur PS,Theft,2024-12-15,8
KA-24,Lingasugur PS,Assault,2023-02-09,7
KA-11,Honnali PS,Fraud,2022-05-01,7
KA-19,Tiptur Town PS,Assault,2022-01-01,7
KA-05,Napoklu PS,Fraud,2024-05-26,7
KA-26,Whitefield PS,Kidnapping,2024-11-16,7
KA-07,Peenya PS,Fraud,2025-07-21,7
KA-07,Goruru PS,Fraud,2023-10-13,7
KA-01,Saragur PS,Burglary,2022-07-24,7
KA-23,Talakadu PS,Domestic Violence,2025-04-10,7
KA-08,Hadagali PS,Murder,2024-12-24,7
KA-24,Honnali PS,Murder,2022-07-12,7
KA-15,Doddaballapura Rural PS,Kidnapping,2025-03-05,7
KA-14,Kembhavi PS,Domestic Violence,2022-04-11,7
KA-23,Hortti PS,Vehicle Theft,2023-11-03,7
KA-10,Manvi PS,Vehicle Theft,2025-03-21,7
KA-04,Alur PS,Burglary,2024-05-19,7
KA-16,Ghantikeri PS,Rioting,2023-10-13,7
KA-07,APMC Navanagar,Burglary,2025-09-18,7
KA-20,Shahapura PS,Domestic Violence,2023-03-27,7
KA-11,Udupi CEN Crime PS,Robbery,2024-05-06,7
KA-18,Uppinangadi PS,Murder,2022-04-17,7
KA-08,Brahmavar PS,Domestic Violence,2024-08-11,7
KA-30,Malkhed PS,Murder,2024-06-27,7
KA-29,K.R. Pet Town PS,Domestic Violence,2025-09-22,7
KA-12,Chandrashekarpura PS,Drug Offence,2024-09-15,7
KA-17,Udupi Women PS,Assault,2025-12-11,7
KA-10,Miryan PS,Cyber Crime,2023-09-17,7
KA-09,Kanakagiri PS,Fraud,2023-11-24,7
KA-11,Kadaba PS,Vehicle Theft,2022-09-22,7
KA-14,Nanjanagudu Town PS,Rioting,2023-03-14,7
KA-18,Napoklu PS,Domestic Violence,2023-11-21,7
KA-08,Hassan CEN Crime PS,Cyber Crime,2023-05-02,7
KA-26,Manna Ekhelli PS,Assault,2025-06-06,7
KA-07,Maddur PS,Rioting,2023-06-14,7
KA-05,Subramanya Nagar PS,Theft,2024-09-15,7
KA-10,Malur PS,Murder,2023-11-28,7
KA-17,Mico Layout PS,Murder,2024-04-17,7
KA-03,Cowlbazar PS,Domestic Violence,2024-12-22,7
KA-17,Kodigehalli PS,Fraud,2024-04-13,7
KA-12,Jnanabharathi PS,Murder,2025-05-05,7
KA-26,Mulbagal Rural PS,Burglary,2022-02-01,7
KA-19,Nelamangala Town PS,Assault,2025-09-27,7
KA-22,Devalagangapur PS,Drug Offence,2022-12-28,7
KA-28,Raichur Women PS,Drug Offence,2024-05-08,7
KA-20,Besagaraghalli PS,Theft,2022-08-10,7
KA-24,Thalaghattapura PS,Robbery,2022-04-01,7
KA-13,Ramnagar PS,Fraud,2025-04-14,7
KA-29,Kalasipalya PS,Rioting,2023-02-19,7
KA-02,Vidyaranyarpuram PS,Burglary,2023-02-09,7
KA-08,Bagalkot Women PS,Domestic Violence,2023-06-22,7
KA-05,Naragund PS,Theft,2024-01-10,7
KA-09,Konanakunte PS,Burglary,2022-09-18,7
KA-10,Haveri Town PS,Kidnapping,2023-09-04,7
KA-02,City Market PS,Theft,2024-05-09,7
KA-24,Kamakshipalya PS,Fraud,2025-04-15,7
KA-08,Doddawad PS,Robbery,2024-07-11,7
KA-25,Mahagoan PS,Vehicle Theft,2025-06-18,7
KA-19,APMC Navanagar,Theft,2025-10-27,7
KA-13,Vibanagara PS,Cyber Crime,2023-06-14,7
KA-05,Kadra PS,Drug Offence,2024-05-08,7
KA-11,Bhadravathi Rural PS,Assault,2024-06-09,7
KA-05,Mandya West PS,Vehicle Theft,2023-07-21,7
KA-07,Hortti PS,Burglary,2023-03-28,7
KA-08,Gandhi Nagar PS,Vehicle Theft,2024-01-11,7
KA-04,Mannalli PS,Rioting,2022-10-08,7
KA-04,Shahabad Town PS,Vehicle Theft,2023-03-03,7
KA-31,Jayaprakash Nagar PS,Kidnapping,2023-04-03,7
KA-06,Bengaluru Dist Women PS,Robbery,2022-01-16,7
KA-15,Kamasamudram PS,Theft,2024-12-14,7
KA-01,Devara Hipparagi PS,Kidnapping,2023-11-06,7
KA-07,Kodagu Women PS,Domestic Violence,2024-03-23,7
KA-09,Hiriyur Rural PS,Domestic Violence,2024-01-28,7
KA-14,Udupi CEN Crime PS,Kidnapping,2023-02-05,7
KA-22,Mysore South PS,Assault,2025-12-01,7
KA-31,Chamarajanagar Rural PS,Burglary,2022-05-06,7
KA-27,Gokarna PS,Fraud,2024-07-16,7
KA-05,Kadra PS,Murder,2024-05-08,7
KA-06,Arakere PS,Murder,2022-01-02,7
KA-14,Ranebennur Town PS,Murder,2024-07-03,7
KA-10,Humnabad PS,Domestic Violence,2022-12-12,7
KA-24,Halageri PS,Theft,2022-05-18,7
KA-20,Mangaluru South PS,Murder,2025-08-15,7
KA-17,Ron PS,Cyber Crime,2022-03-18,7
KA-29,Sagara Town PS,Robbery,2024-02-28,7
KA-18,Santhebennur PS,Burglary,2024-05-18,7
KA-30,Shahapura PS,Theft,2022-02-22,7
KA-20,Besagaraghalli PS,Murder,2022-08-10,7
KA-13,Tumkur CEN Crime PS,Burglary,2023-06-01,7
KA-01,Yedrami PS,Rioting,2022-11-10,7
KA-31,Nandi Girighama PS,Theft,2024-09-23,7
KA-03,Thalak PS,Cyber Crime,2023-02-17,7
KA-18,Idapanur PS,Vehicle Theft,2025-10-04,7
KA-04,Kuknoor PS,Fraud,2024-09-09,7
KA-31,Shakti Nagar PS,Fraud,2024-10-19,7
KA-31,Bemalkhed PS,Domestic Violence,2025-06-22,7
KA-12,Marriyammanahalli PS,Rioting,2024-03-17,7
KA-11,Kadaba PS,Fraud,2022-09-22,7
KA-21,Mandya Rural PS,Assault,2023-08-16,7
KA-28,Bagalur PS,Burglary,2023-11-07,7
KA-12,Besagaraghalli PS,Robbery,2025-03-04,7
KA-18,Belagavi City Women PS,Kidnapping,2025-06-05,7
KA-15,Naragund PS,Assault,2024-05-16,7
KA-20,Malur PS,Domestic Violence,2022-09-12,7
KA-08,Bankapura PS,Drug Offence,2023-11-04,7
KA-03,Malpe PS,Drug Offence,2022-02-07,7
KA-17,Bemalkhed PS,Robbery,2024-05-23,7
KA-16,Huliyar PS,Rioting,2025-05-26,7
KA-07,Patapalya PS,Drug Offence,2025-09-04,7
KA-09,Bankapura PS,Theft,2022-05-04,7
KA-29,Jayanagar PS,Rioting,2023-11-03,7
KA-14,Varthur PS,Drug Offence,2025-07-05,7
KA-04,Ramanagara Women PS,Assault,2024-08-04,7
KA-04,Naragund PS,Vehicle Theft,2023-03-05,7
KA-10,Manvi PS,Robbery,2025-03-21,7
KA-17,Konaje PS,Vehicle Theft,2023-02-28,7
KA-27,Santemaralli PS,Vehicle Theft,2023-07-15,7
KA-30,Chikkaballapura CEN Crime PS,Theft,2025-01-23,7
KA-13,Shahapur PS,Cyber Crime,2022-02-14,7
KA-28,Champion Reefs  PS,Cyber Crime,2023-08-03,7
KA-15,Hampi Tourism PS,Assault,2024-11-22,7
KA-28,Besagaraghalli PS,Cyber Crime,2023-11-27,7
KA-10,Jamakhandi Town PS,Cyber Crime,2023-11-26,7
KA-05,Byappanahalli PS,Fraud,2022-05-06,7
KA-15,Bendigeri PS,Assault,2023-06-05,7
KA-29,Bagalkot Rural PS,Cyber Crime,2022-01-20,7
KA-01,K.R. Nagar PS,Burglary,2025-11-07,7
KA-29,Doddaballapura Rural PS,Kidnapping,2024-05-22,7
KA-14,Ron PS,Vehicle Theft,2022-10-27,7
KA-28,Andersonpet PS,Drug Offence,2025-09-23,7
KA-02,Kudur PS,Drug Offence,2022-02-02,7
KA-16,Munirabad PS,Rioting,2024-08-28,7
KA-25,APMC Navanagar,Theft,2023-02-28,7
KA-15,Arakere PS,Murder,2025-02-25,7
KA-03,Hebbal PS,Rioting,2022-01-06,7
KA-06,Vibanagara PS,Burglary,2022-01-04,7
KA-25,East CEN Crime PS,Domestic Violence,2025-11-03,7
KA-01,Saragur PS,Murder,2022-07-24,7
KA-10,Turvihal PS,Robbery,2025-02-27,7
KA-07,Sadar Bazar PS,Robbery,2024-11-01,7
KA-07,Dibburahalli PS,Robbery,2024-11-13,7
KA-02,Kodagu Women PS,Domestic Violence,2024-07-20,7
KA-25,Raibag PS,Domestic Violence,2023-10-19,7
KA-29,Malur PS,Fraud,2022-06-15,7
KA-23,Madanahipparga PS,Domestic Violence,2023-09-25,7
KA-11,Munirabad PS,Fraud,2022-06-22,7
KA-31,Saragur PS,Rioting,2025-12-28,7
KA-10,Chikkamagalur Women PS,Vehicle Theft,2025-05-27,7
KA-03,Kadra PS,Theft,2024-03-13,7
KA-09,Chittavadagi PS,Murder,2023-11-03,7
KA-04,Tekkalkota PS,Robbery,2022-07-05,7
KA-22,Gandhi Chowk PS,Robbery,2022-03-12,7
KA-09,Konanakunte PS,Vehicle Theft,2022-09-18,7
KA-26,Mangaluru South PS,Fraud,2024-02-01,7
KA-06,Vibanagara PS,Kidnapping,2022-02-02,7
KA-07,Arakere PS,Assault,2025-07-07,7
KA-07,Mangaluru South PS,Assault,2025-06-27,7
KA-11,Anavatti PS,Assault,2023-11-25,7
KA-05,Saragur PS,Assault,2023-02-25,7
KA-19,Huliyar PS,Drug Offence,2022-06-02,7
KA-05,Doddaballapura Rural PS,Fraud,2022-11-11,7
KA-16,Chandrashekarpura PS,Murder,2024-12-16,7
KA-28,Bendigeri PS,Murder,2025-04-01,7
KA-28,Chandra Layout PS,Theft,2024-12-02,7
KA-01,Kalaburagi City CENCrime PS,Assault,2023-11-21,6
KA-29,Channapatna Town PS,Domestic Violence,2022-07-27,6
KA-23,Tiptur Town PS,Assault,2024-03-22,6
KA-12,Hullahalli PS,Murder,2025-04-19,6
KA-07,Bidadi PS,Murder,2024-08-26,6
KA-04,Turuvanur (Jogi) PS,Vehicle Theft,2024-12-19,6
KA-11,Munirabad PS,Assault,2022-06-22,6
KA-01,Huliyar PS,Burglary,2024-07-19,6
KA-26,Raichur Women PS,Cyber Crime,2022-04-22,6
KA-18,Dandeli Town PS,Domestic Violence,2025-07-02,6
KA-24,Hassan CEN Crime PS,Fraud,2023-02-16,6
KA-02,Bidar Women PS,Theft,2022-09-24,6
KA-19,Sanjay Nagara PS,Robbery,2023-02-17,6
KA-25,Metagalli PS,Murder,2023-10-07,6
KA-21,Mandya Rural PS,Cyber Crime,2023-08-16,6
KA-06,Hirisave PS,Kidnapping,2024-12-21,6
KA-12,Kushtagi PS,Rioting,2025-08-22,6
KA-11,Byndoor PS,Cyber Crime,2023-12-10,6
KA-01,Vijayapura PS,Theft,2022-05-01,6
KA-31,Jayaprakash Nagar PS,Vehicle Theft,2024-03-21,6
KA-03,Gokak Rural PS,Fraud,2024-04-25,6
KA-24,Jayaprakash Nagar PS,Murder,2023-09-07,6
KA-29,Sampigehalli PS,Fraud,2024-11-15,6
KA-28,Tiptur Town PS,Theft,2022-10-11,6
KA-28,Doddawad PS,Theft,2025-02-22,6
KA-06,Hirisave PS,Vehicle Theft,2024-12-21,6
KA-26,Hosahalli PS,Domestic Violence,2024-01-14,6
KA-30,Sathanuru PS,Kidnapping,2025-03-27,6
KA-11,Hadagali PS,Cyber Crime,2022-07-18,6
KA-20,Doddaballapura Rural PS,Kidnapping,2024-06-24,6
KA-07,Raibag PS,Vehicle Theft,2023-05-24,6
KA-09,Mayakonda PS,Fraud,2023-07-28,6
KA-07,Napoklu PS,Drug Offence,2024-06-07,6
KA-21,Mandya Rural PS,Drug Offence,2023-08-16,6
KA-11,Sirsi Town PS,Drug Offence,2025-01-15,6
KA-11,Yelahanka PS,Murder,2025-04-05,6
KA-24,Anavatti PS,Rioting,2022-02-16,6
KA-12,Gowribidanur Rural PS,Assault,2022-02-10,6
KA-01,Chikkaballapura CEN Crime PS,Drug Offence,2022-10-25,6
KA-04,Sagara Town PS,Burglary,2023-07-20,6
KA-02,Basaralu PS,Theft,2023-08-02,6
KA-27,Bhatkal Town PS,Fraud,2022-12-24,6
KA-03,Thalak PS,Burglary,2023-02-17,6
KA-31,Kampli PS,Theft,2024-11-18,6
KA-20,Chamarajanagar Rural PS,Burglary,2024-12-02,6
KA-19,Byappanahalli PS,Cyber Crime,2025-10-06,6
KA-04,Ghantikeri PS,Rioting,2025-04-11,6
KA-30,Gokak Rural PS,Assault,2024-01-05,5
KA-29,Vyalikaval PS,Theft,2022-10-26,5
KA-21,Attibele PS,Cyber Crime,2022-10-20,5
KA-17,Chowka PS,Vehicle Theft,2025-12-17,5
KA-22,Guttal PS,Burglary,2023-10-01,5
KA-10,Bagalkot Rural PS,Theft,2025-12-10,5
KA-30,Gokak Rural PS,Domestic Violence,2024-01-05,5
KA-30,Maddur PS,Cyber Crime,2023-07-26,5
KA-25,Jigani PS,Kidnapping,2023-03-08,5
KA-30,Maddur PS,Murder,2023-07-26,5
KA-10,Channapatna Town PS,Drug Offence,2022-11-01,5
KA-07,Sindhanur Town PS,Drug Offence,2022-09-01,5
KA-11,Metagalli PS,Murder,2025-12-06,5
KA-08,Vemagal PS,Domestic Violence,2023-01-04,5
KA-25,Jigani PS,Vehicle Theft,2023-03-08,5
KA-25,Bhadravathi Rural PS,Assault,2023-12-06,5
KA-19,K.R. Pet Town PS,Domestic Violence,2025-01-17,5
KA-01,Chandrashekarpura PS,Rioting,2023-06-28,5
KA-01,Kalaburagi City CENCrime PS,Kidnapping,2023-11-21,5
KA-05,Shanthapur PS,Cyber Crime,2025-03-28,5
KA-10,Bagalkot Rural PS,Domestic Violence,2025-12-10,5
KA-19,Mallanduru PS,Domestic Violence,2022-04-28,5
KA-27,Bhatkal Town PS,Vehicle Theft,2022-12-24,5
KA-22,Bengaluru Dist Women PS,Vehicle Theft,2024-03-17,5
KA-29,Sampigehalli PS,Vehicle Theft,2024-11-15,5
KA-26,Chitradurga Women PS,Drug Offence,2022-03-03,5
KA-24,Varthur PS,Vehicle Theft,2022-07-25,5
KA-11,Metagalli PS,Theft,2025-12-06,5
KA-05,Teradal PS,Drug Offence,2025-10-12,5
KA-03,Jayanagara PS,Assault,2024-08-03,5
KA-20,Sadar Bazar PS,Rioting,2023-08-02,5
KA-14,Mico Layout PS,Robbery,2023-04-24,5
KA-31,Ranebennur Town PS,Theft,2024-08-02,5
KA-07,Santhebennur PS,Fraud,2023-11-10,5
KA-29,Vyalikaval PS,Burglary,2022-10-26,5
KA-20,Sadar Bazar PS,Assault,2023-08-02,5
KA-08,Viveknagar PS,Robbery,2022-11-21,5
KA-10,Chikkanayakanahalli PS,Robbery,2023-08-25,5
KA-31,Mudalgi PS,Kidnapping,2023-02-01,5
KA-22,Bengaluru Dist Women PS,Domestic Violence,2024-03-17,5
KA-28,Balur PS,Rioting,2025-08-06,5
KA-04,Naragund PS,Fraud,2023-03-05,5
KA-05,Mysuru CEN Crime PS,Kidnapping,2024-03-02,5
KA-07,Tadas PS,Domestic Violence,2023-02-11,5
KA-16,Manna Ekhelli PS,Drug Offence,2025-02-16,5
KA-29,Sampigehalli PS,Murder,2024-11-15,5
KA-25,Bhadravathi Rural PS,Vehicle Theft,2023-12-06,5
KA-24,Yeregera PS,Rioting,2022-08-04,5
KA-19,Mico Layout PS,Rioting,2022-02-25,5
KA-07,Vijayanagar PS,Vehicle Theft,2024-02-24,5
KA-16,Manna Ekhelli PS,Kidnapping,2025-02-16,5
KA-24,Karwar Town PS,Robbery,2022-06-12,5
KA-01,Chandrashekarpura PS,Murder,2023-06-28,5
KA-30,Maddur PS,Domestic Violence,2023-10-15,5
KA-12,Kanakagiri PS,Burglary,2024-01-19,5
KA-29,K.R. Pet Town PS,Rioting,2025-09-22,5
KA-21,East CEN Crime PS,Murder,2024-10-09,5
KA-01,Kalaburagi City CENCrime PS,Theft,2023-11-21,5
KA-29,K.R. Pet Town PS,Burglary,2025-09-22,5
KA-26,Dharwad Women PS,Kidnapping,2025-12-24,5
KA-11,Yelahanka PS,Rioting,2025-04-05,5
KA-10,Channapatna Town PS,Murder,2022-11-01,5
KA-24,Hospet Town PS,Kidnapping,2025-09-16,5
KA-05,Shanthapur PS,Drug Offence,2025-03-28,5
KA-02,Tavaregera PS,Fraud,2023-02-05,5
KA-25,Kushalnagar Town PS,Vehicle Theft,2023-06-24,5
KA-31,Dandeli Town PS,Robbery,2022-07-12,5
KA-21,Mandya Rural PS,Robbery,2023-08-16,5
KA-11,Yelahanka PS,Burglary,2025-04-05,5
KA-08,Honnali PS,Assault,2022-08-24,5
KA-15,Cowlbazar PS,Theft,2024-06-09,5
KA-27,Shikaripura Rural PS,Fraud,2025-03-23,5
KA-08,Vemagal PS,Cyber Crime,2023-01-04,5
KA-23,Gowribidanur Rural PS,Cyber Crime,2022-10-09,5
KA-09,Thalaghattapura PS,Murder,2025-10-10,5
KA-12,Hullahalli PS,Domestic Violence,2025-04-19,5
KA-21,East CEN Crime PS,Cyber Crime,2024-10-09,5
KA-03,Jayanagara PS,Cyber Crime,2024-08-03,5
KA-23,Hortti PS,Cyber Crime,2023-11-03,5
KA-29,Sampigehalli PS,Theft,2024-11-15,5
KA-22,Chandrashekarpura PS,Theft,2023-10-23,5
KA-11,Metagalli PS,Fraud,2025-12-06,5
KA-26,Kencharlahalli PS,Assault,2023-11-25,5
KA-29,Shanthapur PS,Robbery,2025-08-02,5
KA-22,Turuvkere PS,Rioting,2024-07-23,5
KA-19,Mico Layout PS,Theft,2022-02-25,5
KA-09,CEN Crime PS Mysuru City,Burglary,2023-03-13,5
KA-10,Chikkanayakanahalli PS,Theft,2023-08-25,5
KA-25,APMC Navanagar,Assault,2023-03-08,5
KA-17,Ron PS,Robbery,2022-03-18,5
KA-12,Hullahalli PS,Cyber Crime,2025-04-19,5
KA-19,Mico Layout PS,Vehicle Theft,2022-02-25,5
KA-17,Belur PS,Drug Offence,2022-01-18,5
KA-21,Mandya Rural PS,Fraud,2023-08-16,5
KA-25,Yedrami PS,Murder,2025-12-07,5
KA-10,Jamakhandi Town PS,Burglary,2023-11-26,5
KA-26,Dharwad Women PS,Rioting,2025-12-24,5
KA-22,Chandrashekarpura PS,Robbery,2023-10-23,5
KA-05,Chittapura PS,Vehicle Theft,2025-07-24,5
KA-20,Kembhavi PS,Theft,2025-09-28,5
KA-12,Kanakagiri PS,Domestic Violence,2024-01-19,5
KA-25,Gadag Women PS,Murder,2025-05-26,5
KA-17,Viveknagar PS,Assault,2022-02-20,5
KA-15,Malavalli Town PS,Kidnapping,2024-10-28,5
KA-21,Bilagi PS,Vehicle Theft,2025-09-17,5
KA-05,Mysuru CEN Crime PS,Drug Offence,2024-03-02,5
KA-08,Siddapura PS,Murder,2023-02-06,5
KA-14,Andersonpet PS,Fraud,2023-03-12,5
KA-09,CEN Crime PS Mysuru City,Drug Offence,2023-03-13,5
KA-11,Mannalli PS,Vehicle Theft,2022-01-09,5
KA-15,Hebbal PS,Fraud,2022-06-28,5
KA-09,Konanakunte PS,Cyber Crime,2022-09-16,5
KA-07,Peenya PS,Cyber Crime,2025-07-21,5
KA-03,Tumakur Rural PS,Theft,2025-12-08,5
KA-21,Attibele PS,Kidnapping,2022-10-20,5
KA-03,Hosahalli PS,Burglary,2025-05-11,5
KA-20,Commercial Street PS,Domestic Violence,2024-04-23,5
KA-02,East CEN Crime PS,Fraud,2022-05-20,5
KA-26,Sathanuru PS,Robbery,2025-05-02,5
KA-21,Attibele PS,Burglary,2022-10-20,5
KA-07,Kempapura Agrahara PS,Murder,2022-09-03,5
KA-20,Doddaballapura Rural PS,Burglary,2024-06-24,5
KA-03,Maddur PS,Theft,2025-06-04,5
KA-30,T.B. Dam PS,Vehicle Theft,2023-06-08,5
KA-19,Mico Layout PS,Robbery,2022-02-25,5
KA-06,Kapu PS,Domestic Violence,2025-06-22,5
KA-04,Lingasugur PS,Burglary,2023-02-06,5
KA-23,Gowribidanur Rural PS,Vehicle Theft,2022-10-09,5
KA-23,Andersonpet PS,Robbery,2024-07-23,5
KA-02,Bidar Women PS,Cyber Crime,2022-09-24,5
KA-01,Kudur PS,Theft,2024-06-10,5
KA-10,Channapatna Town PS,Kidnapping,2022-11-01,5
KA-07,Sindhanur Town PS,Murder,2022-09-01,5
KA-30,Maddur PS,Domestic Violence,2023-07-26,5
KA-22,Patanayakanahalli PS,Fraud,2022-10-25,5
KA-25,APMC Navanagar,Cyber Crime,2023-03-08,5
KA-15,Badavanahalli PS,Rioting,2025-04-25,5
KA-12,CEN Crime PS Hubballi Dharwad City,Theft,2025-10-06,5
KA-28,CEN Crime PS Hubballi Dharwad City,Kidnapping,2023-11-24,5
KA-26,Dharwad Women PS,Cyber Crime,2025-12-24,5
KA-27,Gokarna PS,Assault,2023-03-13,5
KA-27,Hokrana PS,Burglary,2023-02-13,5
KA-13,Jamakhandi Town PS,Drug Offence,2023-03-27,5
KA-12,Udupi Women PS,Fraud,2023-08-13,5
KA-12,Saragur PS,Vehicle Theft,2023-07-15,5
KA-26,Bilagi PS,Domestic Violence,2022-12-19,5
KA-29,Vyalikaval PS,Drug Offence,2022-10-26,5
KA-31,Jayaprakash Nagar PS,Burglary,2024-03-21,5
KA-30,Sagara Town PS,Theft,2022-04-06,5
KA-17,Balur PS,Drug Offence,2023-07-02,5
KA-15,Bajpe PS,Robbery,2023-08-15,5
KA-15,Ponnampet PS,Drug Offence,2022-03-26,5
KA-07,Udayagiri PS,Vehicle Theft,2023-06-07,5
KA-04,Chigateri PS,Cyber Crime,2022-10-23,5
KA-21,Gandasi PS,Burglary,2023-08-15,5
KA-13,Manvi PS,Kidnapping,2022-06-13,5
KA-11,Konaje PS,Burglary,2025-11-01,5
KA-12,Humnabad PS,Vehicle Theft,2025-10-22,5
KA-24,Bemalkhed PS,Domestic Violence,2022-04-01,5
KA-30,Maddur PS,Kidnapping,2023-07-26,5
KA-12,Hiriyur Rural PS,Vehicle Theft,2025-05-04,5
KA-25,Bidar Women PS,Theft,2024-12-19,5
KA-29,K.R. Pet Town PS,Vehicle Theft,2025-09-22,5
KA-24,Yelburga PS,Fraud,2025-12-05,5
KA-15,Malavalli Town PS,Fraud,2024-10-28,5
KA-03,Tavaregera PS,Robbery,2024-05-08,5
KA-25,Kushalnagar Town PS,Cyber Crime,2023-06-24,5
KA-14,Andersonpet PS,Theft,2023-03-12,5
KA-25,Naragund PS,Drug Offence,2025-05-20,5
KA-07,Goruru PS,Murder,2023-10-13,5
KA-02,Avalahally PS,Vehicle Theft,2023-08-11,5
KA-02,Chikkamagalur Women PS,Theft,2022-09-21,5
KA-06,Kutta PS,Burglary,2024-01-28,5
KA-30,Vidyaranyarpuram PS,Murder,2025-03-03,5
KA-29,Sampigehalli PS,Kidnapping,2024-11-15,5
KA-16,Dharwad Rural PS,Cyber Crime,2022-05-14,5
KA-29,Vyalikaval PS,Cyber Crime,2022-10-26,5
KA-14,Sampigehalli PS,Vehicle Theft,2022-09-04,5
KA-06,Kutta PS,Cyber Crime,2024-01-28,5
KA-01,Kalaburagi City CENCrime PS,Domestic Violence,2023-11-21,5
KA-20,Munirabad PS,Cyber Crime,2023-03-21,5
KA-21,Gandasi PS,Fraud,2023-08-15,5
KA-13,Ron PS,Burglary,2025-12-02,5
KA-30,Chikkamagalur Women PS,Murder,2023-12-03,5
KA-03,Jayanagara PS,Fraud,2024-08-03,5
KA-29,K.B. Cross PS,Rioting,2022-08-10,5
KA-14,Bhatkal Town PS,Assault,2023-09-10,5
KA-03,Kampli PS,Vehicle Theft,2024-02-05,5
KA-20,Kamasamudram PS,Fraud,2024-06-03,5
KA-22,Turuvkere PS,Robbery,2024-07-23,5
KA-17,Sirsi Town PS,Domestic Violence,2024-09-10,5
KA-08,Srimangala PS,Cyber Crime,2024-08-10,5
KA-06,Mannalli PS,Theft,2025-12-26,5
KA-25,Jigani PS,Theft,2023-03-08,5
KA-20,Gundlupete PS,Robbery,2024-06-23,5
KA-14,Nanjanagudu Town PS,Burglary,2023-03-14,5
KA-30,Maddur PS,Burglary,2023-07-26,5
KA-24,Vijayapura PS,Fraud,2022-02-27,5
KA-22,Patanayakanahalli PS,Kidnapping,2022-10-25,5
KA-09,Yelburga PS,Robbery,2025-10-05,5
KA-05,Bhadravathi Old Town PS,Fraud,2024-07-04,5
KA-27,Lingasugur PS,Drug Offence,2024-12-07,5
KA-18,Lakkavalli PS,Burglary,2025-02-20,5
KA-31,Malpe PS,Burglary,2024-07-08,5
KA-30,Yelburga PS,Theft,2024-04-21,5
KA-24,Honnali PS,Kidnapping,2022-07-12,5
KA-07,Sadashivanagar PS,Murder,2024-09-06,5
KA-17,Ponnampet PS,Fraud,2024-12-20,5
KA-27,Belagavi City Women PS,Burglary,2024-07-10,5
KA-07,Udayagiri PS,Domestic Violence,2023-06-07,5
KA-02,East CEN Crime PS,Vehicle Theft,2022-05-20,5
KA-17,Badavanahalli PS,Drug Offence,2025-09-20,5
KA-12,Thalaghattapura PS,Vehicle Theft,2022-08-15,5
KA-31,Ranebennur Town PS,Domestic Violence,2024-08-02,5
KA-18,Hirehadagali PS,Drug Offence,2024-11-25,5
KA-16,Mahagoan PS,Vehicle Theft,2025-11-19,5
KA-17,Kapu PS,Robbery,2024-08-07,5
KA-30,Gokak Rural PS,Vehicle Theft,2024-01-05,5
KA-30,Yelburga PS,Rioting,2024-04-21,5
KA-07,Tadas PS,Murder,2023-02-11,5
KA-16,Ghantikeri PS,Assault,2023-10-13,5
KA-10,Shivajinagar PS,Kidnapping,2024-12-23,5
KA-09,Madiwala PS,Fraud,2024-02-16,5
KA-24,Hospet Town PS,Robbery,2025-09-16,5
KA-16,V.V. Puram PS,Assault,2024-05-06,5
KA-26,Sathanuru PS,Vehicle Theft,2025-05-02,5
KA-12,Kempegowda Nagar PS,Assault,2025-08-06,5
KA-25,Kallambella PS,Kidnapping,2024-01-13,5
KA-05,Chittapura PS,Rioting,2025-07-24,5
KA-21,Golgumbaz PS,Murder,2025-10-19,5
KA-06,Gabbur PS,Robbery,2024-05-26,5
KA-08,Teradal PS,Drug Offence,2022-05-10,5
KA-11,Yelahanka PS,Murder,2024-01-28,5
KA-20,Munirabad PS,Theft,2023-03-21,5
KA-20,Sadar Bazar PS,Robbery,2023-08-02,5
KA-06,Kapu PS,Vehicle Theft,2025-06-22,5
KA-12,Yedrami PS,Kidnapping,2022-12-12,5
KA-04,Naragund PS,Robbery,2023-03-05,5
KA-26,Kalasa PS,Murder,2023-05-09,5
KA-19,Gokarna PS,Vehicle Theft,2024-07-07,5
KA-20,Gundlupete PS,Assault,2024-06-23,5
KA-08,Srimangala PS,Domestic Violence,2024-08-10,5
KA-10,Imangala PS,Fraud,2024-03-13,5
KA-19,Nanjanagudu Town PS,Vehicle Theft,2024-07-06,5
KA-21,Mannalli PS,Theft,2022-11-15,5
KA-25,Yedrami PS,Cyber Crime,2025-12-07,5
KA-04,Ghantikeri PS,Theft,2022-02-22,5
KA-14,Sampigehalli PS,Rioting,2022-09-04,5
KA-25,Mangaluru South PS,Rioting,2024-07-09,5
KA-08,Kalaburagi City CENCrime PS,Rioting,2023-12-02,5
KA-15,Napoklu PS,Cyber Crime,2023-03-12,5
KA-25,APMC Navanagar,Vehicle Theft,2023-02-28,5
KA-31,Vemagal PS,Domestic Violence,2022-09-26,5
KA-23,Gowribidanur Rural PS,Fraud,2022-10-09,5
KA-03,Tumakur Rural PS,Fraud,2025-12-08,5
KA-07,Kodagu Women PS,Kidnapping,2024-03-23,5
KA-03,Patapalya PS,Burglary,2024-01-05,5
KA-15,Imangala PS,Domestic Violence,2024-09-09,5
KA-20,Mallanduru PS,Kidnapping,2025-12-19,5
KA-09,Anavatti PS,Rioting,2023-08-19,5
KA-15,Ponnampet PS,Vehicle Theft,2022-03-26,5
KA-25,APMC Navanagar,Domestic Violence,2023-03-08,5
KA-30,Metagalli PS,Robbery,2022-03-23,5
KA-13,Miryan PS,Murder,2025-09-28,5
KA-27,Hokrana PS,Murder,2023-02-13,5
KA-18,Shahapur PS,Theft,2025-04-07,5
KA-30,Dhannura PS,Drug Offence,2022-04-22,5
KA-03,Tavaregera PS,Vehicle Theft,2024-05-08,5
KA-16,M.K. Doddi PS,Vehicle Theft,2023-11-22,5
KA-27,Devalagangapur PS,Kidnapping,2025-05-16,5
KA-24,Manna Ekhelli PS,Robbery,2025-11-01,5
KA-12,Kushnoor PS,Cyber Crime,2024-10-24,5
KA-09,Mangalapet Market PS,Assault,2023-05-01,5
KA-15,Kollegala Town PS,Drug Offence,2025-09-07,5
KA-15,Hebbal PS,Murder,2022-06-28,5
KA-11,Vibanagara PS,Domestic Violence,2022-02-16,5
KA-29,Mambali PS,Robbery,2025-04-18,5
KA-01,Chandrashekarpura PS,Assault,2023-06-28,5
KA-28,Guttal PS,Fraud,2022-04-20,5
KA-08,Hadagali PS,Domestic Violence,2024-12-24,5
KA-05,Bilagi PS,Drug Offence,2025-05-10,5
KA-22,Turuvkere PS,Cyber Crime,2024-07-23,5
KA-02,Udupi CEN Crime PS,Robbery,2024-08-17,5
KA-12,Kushtagi PS,Assault,2025-08-22,5
KA-26,Dharwad Women PS,Drug Offence,2025-12-24,5
KA-10,Shanthapur PS,Murder,2025-04-02,5
KA-29,Chittapura PS,Robbery,2022-04-14,5
KA-14,Hullahalli PS,Cyber Crime,2022-01-22,5
KA-12,Yedrami PS,Vehicle Theft,2022-12-12,5
KA-28,Tumakur Rural PS,Theft,2022-08-27,5
KA-01,Chikkaballapura CEN Crime PS,Cyber Crime,2022-10-25,5
KA-22,Devalagangapur PS,Assault,2022-12-28,5
KA-06,Gandhi Chowk PS,Vehicle Theft,2024-04-17,5
KA-20,Sadar Bazar PS,Theft,2023-08-02,5
KA-17,Konaje PS,Murder,2023-02-28,5
KA-16,Chikkanayakanahalli PS,Fraud,2022-12-13,5
KA-05,Subramanya Nagar PS,Assault,2024-09-15,5
KA-22,Jayaprakash Nagar PS,Domestic Violence,2023-03-16,5
KA-27,Shikaripura Rural PS,Robbery,2025-03-23,5
KA-09,APMC Navanagar,Rioting,2024-10-17,5
KA-04,Ghantikeri PS,Murder,2022-02-22,5
KA-27,Koratagere PS,Robbery,2022-03-11,5
KA-07,Santhebennur PS,Theft,2023-11-10,5
KA-04,Chigateri PS,Burglary,2022-10-23,5
KA-24,Honnali PS,Domestic Violence,2022-07-12,5
KA-30,Chikkamagalur Women PS,Cyber Crime,2023-12-03,5
KA-29,Devaraja PS,Robbery,2023-03-10,5
KA-19,Konanakunte PS,Fraud,2022-04-19,5
KA-22,Devalagangapur PS,Rioting,2022-12-28,5
KA-23,K.R. Nagar PS,Theft,2024-07-12,5
KA-10,Imangala PS,Drug Offence,2024-03-13,5
KA-16,Vijayanagar PS,Murder,2025-11-19,5
KA-17,Naragund PS,Burglary,2025-09-24,5
KA-23,Kasabapeth PS,Drug Offence,2023-08-22,5
KA-19,Balur PS,Kidnapping,2024-02-06,5
KA-14,Ron PS,Assault,2022-10-27,5
KA-06,Byndoor PS,Robbery,2025-05-01,5
KA-26,Raichur Women PS,Robbery,2022-04-22,5
KA-14,Hebbal PS,Fraud,2024-03-16,5
KA-05,Yelburga PS,Robbery,2025-04-19,5
KA-15,Santemaralli PS,Rioting,2025-06-25,5
KA-06,Kutta PS,Theft,2024-01-28,5
KA-03,Patapalya PS,Fraud,2024-01-05,5
KA-25,Thilakwadi PS,Drug Offence,2024-09-21,5
KA-24,Bemalkhed PS,Robbery,2022-04-01,5
KA-02,Chikkamagalur Women PS,Domestic Violence,2022-09-21,5
KA-24,Malur PS,Drug Offence,2023-02-25,5
KA-15,Shikaripura Rural PS,Assault,2022-03-15,5
KA-06,Kapu PS,Robbery,2025-06-22,5
KA-22,Devara Hipparagi PS,Theft,2022-06-15,5
KA-21,Kodagu CEN Crime PS,Fraud,2025-12-02,5
KA-07,Santhebennur PS,Cyber Crime,2023-11-10,5
KA-30,Maddur PS,Drug Offence,2023-07-26,5
KA-30,Chikkaballapura CEN Crime PS,Drug Offence,2025-01-23,5
KA-27,Koratagere PS,Theft,2022-03-11,5
KA-15,Hunusur Town PS,Fraud,2024-03-14,5
KA-19,Malur PS,Burglary,2022-05-13,5
KA-13,Shanthapur PS,Vehicle Theft,2022-04-18,5
KA-15,Ramnagar PS,Murder,2024-12-02,5
KA-28,Ankali PS,Burglary,2025-02-27,5
KA-01,Lingasugur PS,Rioting,2025-10-23,5
KA-07,Mico Layout PS,Vehicle Theft,2022-01-23,5
KA-17,Nanjanagudu Town PS,Robbery,2022-06-03,5
KA-29,Sampigehalli PS,Cyber Crime,2024-11-15,5
KA-15,Kollegala Town PS,Cyber Crime,2025-09-07,5
KA-07,Mangaluru South PS,Theft,2025-06-27,5
KA-09,Konanakunte PS,Kidnapping,2022-09-18,5
KA-16,Chikkanayakanahalli PS,Rioting,2022-12-13,5
KA-24,Jamakhandi Town PS,Theft,2023-06-06,5
KA-12,Hiriyur Rural PS,Kidnapping,2025-05-04,5
KA-16,V.V. Puram PS,Murder,2024-05-06,5
KA-14,Ranebennur Town PS,Drug Offence,2024-07-03,5
KA-26,Doddaballapura Rural PS,Cyber Crime,2023-11-09,5
KA-15,Bajpe PS,Fraud,2023-08-15,5
KA-20,Mangaluru South PS,Robbery,2025-08-15,5
KA-22,Turuvkere PS,Fraud,2024-07-23,5
KA-10,Channapatna Town PS,Rioting,2022-11-01,5
KA-01,Jayanagar PS,Kidnapping,2023-07-02,5
KA-28,Balur PS,Kidnapping,2025-08-06,5
KA-13,Srimangala PS,Fraud,2023-12-25,5
KA-28,Gandhi Chowk PS,Robbery,2023-05-23,5
KA-21,Mysore South PS,Theft,2024-10-14,5
KA-25,Chandra Layout PS,Assault,2022-05-12,5
KA-30,T.B. Dam PS,Fraud,2023-06-08,5
KA-14,Arakere PS,Kidnapping,2024-02-04,5
KA-06,Shankarpura PS,Vehicle Theft,2022-03-23,5
KA-02,Peenya PS,Rioting,2024-05-01,5
KA-27,Kamasamudram PS,Cyber Crime,2023-06-23,5
KA-18,Shahapur PS,Drug Offence,2025-04-07,5
KA-11,Chittavadagi PS,Theft,2023-08-22,5
KA-16,Mayakonda PS,Drug Offence,2023-02-13,5
KA-09,Anavatti PS,Kidnapping,2023-08-19,5
KA-31,Bengaluru Dist Women PS,Kidnapping,2024-01-24,5
KA-04,Sagara Town PS,Theft,2023-07-20,5
KA-19,Gokarna PS,Rioting,2024-07-07,5
KA-06,Gabbur PS,Rioting,2024-05-26,5
KA-07,Kempapura Agrahara PS,Drug Offence,2022-09-03,5
KA-07,Doddaballapura Rural PS,Cyber Crime,2023-05-27,5
KA-16,Balur PS,Theft,2022-08-26,5
KA-05,Vijayapura PS,Theft,2024-10-04,5
KA-28,Ankali PS,Rioting,2025-02-27,5
KA-10,Gabbur PS,Murder,2022-07-21,5
KA-13,Tumakur Rural PS,Theft,2022-10-10,5
KA-11,Khadebazar PS,Robbery,2022-11-20,5
KA-16,Dharwad Rural PS,Robbery,2022-05-14,5
KA-31,Besagaraghalli PS,Robbery,2022-10-12,5
KA-18,Gandhi Nagar PS,Domestic Violence,2024-11-23,5
KA-31,Kampli PS,Vehicle Theft,2024-11-18,5
KA-11,Mahagoan PS,Rioting,2024-10-27,5
KA-26,Whitefield PS,Robbery,2024-11-16,5
KA-13,Madanahipparga PS,Robbery,2023-08-25,5
KA-24,Anavatti PS,Murder,2024-04-12,5
KA-12,Hiriyur Rural PS,Domestic Violence,2025-05-04,5
KA-19,Chigateri PS,Rioting,2023-09-07,5
KA-30,Maddur PS,Rioting,2023-07-26,5
KA-11,Yelahanka PS,Kidnapping,2025-04-05,5
KA-09,Madiwala PS,Vehicle Theft,2024-02-16,5
KA-21,Tavaregera PS,Assault,2022-02-27,5
KA-06,Tadas PS,Kidnapping,2024-04-15,5
KA-14,Turuvkere PS,Cyber Crime,2025-10-04,5
KA-17,Turuvkere PS,Drug Offence,2024-07-09,5
KA-19,Nanjanagudu Town PS,Assault,2024-07-06,5
KA-21,Gandasi PS,Robbery,2023-08-15,5
KA-25,Devara Hipparagi PS,Burglary,2024-11-12,5
KA-09,APMC Navanagar,Kidnapping,2024-10-17,5
KA-16,V.V. Puram PS,Robbery,2024-05-06,5
KA-11,Gandhi Nagar PS,Burglary,2025-03-16,5
KA-11,Mannalli PS,Theft,2022-01-09,5
KA-25,Subramanya Nagar PS,Murder,2023-10-09,5
KA-05,Subramanya Nagar PS,Assault,2025-10-12,5
KA-26,M.K. Doddi PS,Cyber Crime,2024-05-17,5
KA-15,Doddaballapura Rural PS,Drug Offence,2025-03-05,5
KA-03,Tumakur Rural PS,Rioting,2025-12-08,5
KA-13,Gandhi Chowk PS,Assault,2024-09-10,5
KA-17,Talakadu PS,Robbery,2024-11-23,5
KA-31,East CEN Crime PS,Drug Offence,2023-01-01,5
KA-03,Raichur Women PS,Murder,2022-06-22,5
KA-15,Sathanuru PS,Murder,2025-03-05,5
KA-07,APMC Navanagar,Assault,2025-09-18,5
KA-02,Jayanagar PS,Drug Offence,2023-01-27,5
KA-17,Imangala PS,Kidnapping,2022-02-27,5
KA-25,Bhadravathi Rural PS,Rioting,2023-12-06,5
KA-21,Nelamangala Town PS,Assault,2023-01-03,5
KA-05,Koppal Rural PS,Kidnapping,2023-02-16,5
KA-26,Patanayakanahalli PS,Theft,2025-12-02,5
KA-06,Hadagali PS,Burglary,2022-02-11,5
KA-26,Bilagi PS,Robbery,2022-12-19,5
KA-10,Shanthapur PS,Assault,2025-04-02,5
KA-08,Hadagali PS,Drug Offence,2024-12-24,5
KA-21,Hassan CEN Crime PS,Kidnapping,2023-03-25,5
KA-10,Bhadravathi Rural PS,Kidnapping,2023-02-09,5
KA-17,Kuvempunagar PS,Theft,2024-09-20,5
KA-30,Bellanduru PS,Theft,2025-03-09,5
KA-20,Gownapalli PS,Burglary,2024-10-09,5
KA-20,Malur PS,Cyber Crime,2022-09-12,5
KA-05,K.R. Nagar PS,Murder,2025-04-06,5
KA-30,Maddur PS,Fraud,2023-07-26,5
KA-14,Gandasi PS,Burglary,2025-05-14,5
KA-13,Kempapura Agrahara PS,Vehicle Theft,2023-12-26,5
KA-15,Santemaralli PS,Cyber Crime,2025-06-25,5
KA-07,Udayagiri PS,Cyber Crime,2023-06-07,5
KA-28,Tumakur Rural PS,Burglary,2022-08-27,5
KA-12,Bharathi Nagar PS,Murder,2025-10-07,5
KA-10,Kodigehalli PS,Cyber Crime,2025-11-14,5
KA-17,Ponnampet PS,Drug Offence,2024-12-20,5
KA-05,Yadgir Rural PS,Fraud,2024-12-16,5
KA-25,Sanjay Nagara PS,Cyber Crime,2023-01-18,5
KA-25,APMC Navanagar,Drug Offence,2023-02-28,5
KA-14,Vemagal PS,Vehicle Theft,2024-10-05,5
KA-12,Hiriyur Rural PS,Robbery,2025-05-04,5
KA-25,Mangaluru South PS,Theft,2024-07-09,5
KA-11,Konanur PS,Cyber Crime,2022-04-01,5
KA-22,Sathanuru PS,Robbery,2024-05-14,5
KA-25,Kallambella PS,Drug Offence,2024-01-13,5
KA-09,Chitradurga Women PS,Kidnapping,2022-07-18,5
KA-11,Turvihal PS,Cyber Crime,2024-07-04,5
KA-09,K.R. Pet Town PS,Vehicle Theft,2022-03-18,5
KA-09,Bankapura PS,Kidnapping,2022-05-04,5
KA-24,Karwar Town PS,Burglary,2022-06-12,5
KA-01,Bhatkal Town PS,Fraud,2022-09-09,5
KA-07,Peenya PS,Rioting,2025-07-21,5
KA-24,Thalaghattapura PS,Theft,2022-04-01,5
KA-09,Mangaluru North PS,Theft,2025-06-28,5
KA-23,Vidyaranyarpuram PS,Rioting,2022-07-12,5
KA-14,Turvihal PS,Murder,2024-02-01,5
KA-31,H.S.R.Layout PS,Assault,2022-04-26,5
KA-25,Jigani PS,Burglary,2023-03-08,5
KA-26,Kencharlahalli PS,Cyber Crime,2023-11-25,5
KA-06,Commercial Street PS,Cyber Crime,2023-01-03,5
KA-11,Metagalli PS,Domestic Violence,2025-12-06,5
KA-28,Shakti Nagar PS,Rioting,2023-09-05,5
KA-31,Jagalur PS,Kidnapping,2023-08-13,5
KA-20,Kalasipalya PS,Fraud,2025-05-19,5
KA-30,Chandra Layout PS,Fraud,2025-04-28,5
KA-18,Ghantikeri PS,Vehicle Theft,2025-02-02,5
KA-30,Gokak Rural PS,Kidnapping,2024-01-05,5
KA-03,Kuvempunagar PS,Assault,2022-08-12,5
KA-14,Vemagal PS,Drug Offence,2024-10-05,5
KA-15,Gandhi Nagar PS,Drug Offence,2023-04-13,5
KA-30,Dhannura PS,Assault,2022-04-22,5
KA-19,Belur PS,Domestic Violence,2023-12-06,5
KA-18,Tumkur CEN Crime PS,Cyber Crime,2024-06-02,5
KA-27,Shahabad Town PS,Fraud,2024-04-18,5
KA-11,Kadaba PS,Assault,2022-09-22,5
KA-04,Abbinahole PS,Cyber Crime,2025-06-16,5
KA-03,Kushalnagar Town PS,Cyber Crime,2025-10-28,5
KA-16,Ghantikeri PS,Vehicle Theft,2024-09-17,5
KA-14,Turuvkere PS,Rioting,2025-10-04,5
KA-26,M.K. Doddi PS,Kidnapping,2024-05-17,5
KA-23,Gowribidanur Rural PS,Robbery,2022-10-09,5
KA-24,Madanahipparga PS,Rioting,2022-03-04,5
KA-08,Bilagi PS,Domestic Violence,2023-02-21,5
KA-10,Miryan PS,Rioting,2023-09-17,5
KA-03,Hebbal PS,Domestic Violence,2022-01-06,5
KA-18,Hirehadagali PS,Murder,2024-11-25,4
KA-19,Mico Layout PS,Cyber Crime,2022-02-25,4
KA-19,Mico Layout PS,Fraud,2022-02-25,4
KA-08,Balur PS,Drug Offence,2023-03-13,4
KA-26,Sathanuru PS,Domestic Violence,2025-05-02,4
KA-02,Avalahally PS,Cyber Crime,2023-08-11,4
KA-11,Vibanagara PS,Fraud,2022-02-16,4
KA-30,Yelburga PS,Cyber Crime,2024-04-21,4
KA-30,Yelburga PS,Vehicle Theft,2024-04-21,4
KA-09,Mangalapet Market PS,Robbery,2023-05-01,4
KA-24,Yeregera PS,Domestic Violence,2022-08-04,4
KA-27,Shikaripura Rural PS,Burglary,2025-03-23,4
KA-11,Konaje PS,Vehicle Theft,2025-11-01,4
KA-13,Devara Hipparagi PS,Rioting,2024-05-23,4
KA-11,Turvihal PS,Drug Offence,2024-12-10,4
KA-16,M.K. Doddi PS,Murder,2023-11-22,4
KA-31,Mudalgi PS,Burglary,2023-02-01,4
KA-11,Yelahanka PS,Theft,2025-04-05,4
KA-05,Subramanya Nagar PS,Vehicle Theft,2024-09-15,4
KA-29,Shanthapur PS,Theft,2025-08-02,4
KA-26,Sathanuru PS,Theft,2025-05-02,4
KA-24,Yelburga PS,Domestic Violence,2025-12-05,4
KA-25,Yedrami PS,Domestic Violence,2022-07-18,4
KA-25,Madanahipparga PS,Assault,2024-01-16,4
KA-20,Gownapalli PS,Cyber Crime,2024-10-09,4
KA-09,Byndoor PS,Domestic Violence,2025-10-02,4
KA-09,Mangalapet Market PS,Burglary,2023-05-01,4
KA-14,Ron PS,Kidnapping,2022-10-27,4
KA-08,Honnali PS,Domestic Violence,2022-08-24,4
KA-08,Chigateri PS,Rioting,2024-04-14,4
KA-17,Kembhavi PS,Murder,2024-01-07,4
KA-12,Shahapura PS,Kidnapping,2024-07-19,4
KA-19,K.R. Pet Town PS,Robbery,2025-01-17,4
KA-22,Patanayakanahalli PS,Drug Offence,2022-10-25,4
KA-15,Ramanagara Women PS,Theft,2024-02-20,4
KA-13,Miryan PS,Robbery,2025-09-28,4
KA-16,Manna Ekhelli PS,Cyber Crime,2025-02-16,4
KA-14,Jayanagar PS,Vehicle Theft,2024-06-06,4
KA-05,Chittapura PS,Cyber Crime,2025-07-24,4
KA-13,Teradal PS,Theft,2022-07-28,4
KA-17,Talakadu PS,Assault,2024-11-23,4
KA-22,Kadra PS,Rioting,2025-12-21,4
KA-10,Channapatna Town PS,Domestic Violence,2022-11-01,4
KA-24,Karwar Town PS,Murder,2022-06-12,4
KA-14,Besagaraghalli PS,Theft,2024-04-19,4
KA-24,Dandeli Town PS,Robbery,2024-02-21,4
KA-01,Sandur PS,Robbery,2024-04-06,4
KA-31,Malpe PS,Robbery,2024-07-08,4
KA-20,Doddaballapura Rural PS,Cyber Crime,2024-06-24,4
KA-27,Raibag PS,Drug Offence,2023-11-21,4
KA-07,Santhebennur PS,Rioting,2023-11-10,4
KA-29,K.B. Cross PS,Theft,2022-08-10,4
KA-16,Balur PS,Vehicle Theft,2022-08-26,4
KA-06,Ron PS,Fraud,2023-07-24,4
KA-17,Kembhavi PS,Cyber Crime,2024-01-07,4
KA-18,Chandra Layout PS,Cyber Crime,2025-04-12,4
KA-13,Ron PS,Rioting,2025-12-02,4
KA-14,Andersonpet PS,Burglary,2023-03-12,4
KA-24,Manna Ekhelli PS,Cyber Crime,2025-11-01,4
KA-07,Vijayanagar PS,Burglary,2024-02-24,4
KA-13,City Market PS,Cyber Crime,2023-02-27,4
KA-09,Srimangala PS,Rioting,2024-05-23,4
KA-10,Hebri PS,Theft,2022-09-26,4
KA-07,Hariharapura PS,Murder,2024-12-18,4
KA-02,Kampli PS,Vehicle Theft,2025-06-14,4
KA-27,Bhatkal Town PS,Robbery,2022-12-24,4
KA-27,Belagavi City Women PS,Kidnapping,2024-07-10,4
KA-07,Peenya PS,Murder,2025-07-21,4
KA-29,Kodigehalli PS,Robbery,2025-07-02,4
KA-18,Chandra Layout PS,Assault,2025-04-12,4
KA-31,Vyalikaval PS,Burglary,2025-11-04,4
KA-10,Nelamangala Town PS,Theft,2023-12-24,4
KA-25,APMC Navanagar,Robbery,2023-02-28,4
KA-07,Santemaralli PS,Murder,2023-08-05,4
KA-09,Nandini Layout PS,Burglary,2024-10-16,4
KA-06,Mannalli PS,Drug Offence,2025-12-26,4
KA-13,City Market PS,Fraud,2023-02-27,4
KA-19,Malur PS,Robbery,2022-05-13,4
KA-26,Patanayakanahalli PS,Fraud,2025-12-02,4
KA-12,Kollegala Town PS,Burglary,2024-08-11,4
KA-17,Belur PS,Kidnapping,2022-01-18,4
KA-05,Tekkalkota PS,Vehicle Theft,2022-09-03,4
KA-07,Kembhavi PS,Robbery,2025-11-20,4
KA-10,Nelamangala Town PS,Rioting,2023-12-24,4
KA-22,Gokarna PS,Domestic Violence,2025-02-28,4
KA-13,City Market PS,Burglary,2023-02-27,4
KA-22,City Market PS,Domestic Violence,2024-08-14,4
KA-15,Bendigeri PS,Robbery,2023-06-05,4
KA-03,Kuvempunagar PS,Vehicle Theft,2022-08-12,4
KA-29,Mambali PS,Drug Offence,2025-04-18,4
KA-30,Vidyaranyarpuram PS,Rioting,2025-03-03,4
KA-22,Konanakunte PS,Theft,2023-09-07,4
KA-19,Nanjanagudu Town PS,Kidnapping,2024-07-06,4
KA-08,Udupi CEN Crime PS,Murder,2022-06-19,4
KA-22,Srimangala PS,Robbery,2022-08-15,4
KA-17,Kapu PS,Murder,2024-08-07,4
KA-09,Bagalkot Women PS,Fraud,2025-12-20,4
KA-15,Ponnampet PS,Rioting,2022-03-26,4
KA-02,Ramnagar PS,Burglary,2022-06-08,4
KA-31,Jayaprakash Nagar PS,Assault,2024-03-21,4
KA-19,T.B. Dam PS,Domestic Violence,2022-08-03,4
KA-21,Bidar Town PS,Theft,2025-08-07,4
KA-13,Mandya Rural PS,Kidnapping,2022-12-13,4
KA-11,Konanur PS,Assault,2022-04-01,4
KA-10,Viveknagar PS,Assault,2025-10-07,4
KA-27,Goruru PS,Burglary,2023-01-04,4
KA-25,Kallambella PS,Cyber Crime,2024-01-13,4
KA-19,Chandrashekarpura PS,Cyber Crime,2024-08-17,4
KA-25,APMC Navanagar,Burglary,2023-02-28,4
KA-12,Hokrana PS,Burglary,2025-12-08,4
KA-11,Bhatkal Town PS,Theft,2022-09-24,4
KA-05,Mysuru CEN Crime PS,Assault,2024-03-02,4
KA-12,Yeshwanthapura PS,Fraud,2023-03-28,4
KA-29,Yeregera PS,Vehicle Theft,2024-11-11,4
KA-25,Devara Hipparagi PS,Drug Offence,2024-11-12,4
KA-06,Anavatti PS,Vehicle Theft,2022-05-12,4
KA-07,Kodagu Women PS,Burglary,2024-03-23,4
KA-08,Hassan CEN Crime PS,Burglary,2023-05-02,4
KA-07,Hariharapura PS,Domestic Violence,2024-12-18,4
KA-10,Shanthapur PS,Cyber Crime,2025-04-02,4
KA-02,Jayanagar PS,Murder,2023-01-27,4
KA-20,Chikkajala PS,Rioting,2025-12-22,4
KA-23,K.B. Cross PS,Domestic Violence,2022-06-11,4
KA-21,East CEN Crime PS,Robbery,2024-10-09,4
KA-16,Mayakonda PS,Robbery,2023-02-13,4
KA-04,Mangaluru North PS,Assault,2023-06-05,4
KA-02,Teradal PS,Vehicle Theft,2024-02-20,4
KA-08,Viveknagar PS,Theft,2022-11-21,4
KA-18,Guttal PS,Robbery,2022-01-22,4
KA-06,Shankarpura PS,Rioting,2022-03-23,4
KA-04,Dhannura PS,Burglary,2023-12-22,4
KA-28,Tumakur Rural PS,Robbery,2022-08-27,4
KA-17,Ron PS,Fraud,2022-03-18,4
KA-21,Attibele PS,Vehicle Theft,2023-01-04,4
KA-19,Doddawad PS,Drug Offence,2024-01-23,4
KA-17,Mico Layout PS,Theft,2024-04-17,4
KA-15,Chikkajala PS,Fraud,2022-06-26,4
KA-13,Mandya Rural PS,Murder,2022-12-13,4
KA-15,Huliyar PS,Vehicle Theft,2025-03-01,4
KA-27,Shahabad Town PS,Robbery,2024-04-18,4
KA-17,Dandeli Town PS,Burglary,2022-03-26,4
KA-22,Patanayakanahalli PS,Rioting,2022-10-25,4
KA-30,Bellanduru PS,Rioting,2025-03-09,4
KA-13,Gandhi Chowk PS,Fraud,2024-09-10,4
KA-13,Vibanagara PS,Cyber Crime,2025-11-23,4
KA-22,Chandrashekarpura PS,Burglary,2023-10-23,4
KA-06,Mannalli PS,Assault,2025-12-26,4
KA-13,Malur PS,Theft,2022-10-23,4
KA-26,Raichur Women PS,Domestic Violence,2022-04-22,4
KA-20,Chamarajanagar Rural PS,Vehicle Theft,2024-12-02,4
KA-11,Shahapura PS,Kidnapping,2023-11-07,4
KA-06,Shankarpura PS,Robbery,2022-03-23,4
KA-04,Mallanduru PS,Burglary,2025-07-06,4
KA-24,Sagara Town PS,Rioting,2022-04-15,3
KA-31,Dandeli Town PS,Theft,2022-07-12,3
KA-01,Kalaburagi City CENCrime PS,Robbery,2023-11-21,3
KA-11,Yelahanka PS,Fraud,2025-04-05,3
KA-20,Hortti PS,Robbery,2024-12-09,3
KA-19,Mallanduru PS,Rioting,2022-04-28,3
KA-21,Hassan CEN Crime PS,Theft,2023-03-25,3
KA-29,Shanthapur PS,Domestic Violence,2025-08-02,3
KA-20,Gundlupete PS,Cyber Crime,2024-06-23,3
KA-05,Mysuru CEN Crime PS,Theft,2024-03-02,3
KA-05,Shanthapur PS,Theft,2025-03-28,3
KA-08,Chigateri PS,Drug Offence,2024-04-14,3
KA-31,K.R. Nagar PS,Burglary,2024-09-11,3
KA-07,Kuvempunagar PS,Drug Offence,2025-05-01,3
KA-27,Shikaripura Rural PS,Cyber Crime,2025-03-23,3
KA-23,Khadakalat PS,Domestic Violence,2023-02-01,3
KA-31,Jayaprakash Nagar PS,Domestic Violence,2024-03-21,3
KA-01,Kalaburagi City CENCrime PS,Rioting,2023-11-21,3
KA-11,Konaje PS,Drug Offence,2025-11-01,3
KA-26,Chitradurga Women PS,Rioting,2022-03-03,3
KA-19,Gokarna PS,Domestic Violence,2024-07-07,3
KA-05,Mysuru CEN Crime PS,Burglary,2024-03-02,3
KA-11,Vibanagara PS,Murder,2022-02-16,3
KA-20,Hiriyur Rural PS,Assault,2022-04-03,3
KA-09,Anavatti PS,Fraud,2023-08-19,3
KA-16,Manna Ekhelli PS,Domestic Violence,2025-02-16,3
KA-07,Kuvempunagar PS,Theft,2025-05-01,3
KA-10,Jamakhandi Town PS,Drug Offence,2023-11-26,3
KA-09,K.R. Pet Town PS,Murder,2023-12-07,3
KA-30,Maddur PS,Burglary,2023-10-15,3
KA-31,Jayaprakash Nagar PS,Drug Offence,2024-03-21,3
KA-20,Kembhavi PS,Burglary,2025-09-28,3
KA-11,Honnali PS,Assault,2022-05-01,3
KA-03,Kampli PS,Murder,2024-02-05,3
KA-04,Lingasugur PS,Kidnapping,2023-02-06,3
KA-08,Kallambella PS,Murder,2023-09-08,3
KA-25,Bhadravathi Rural PS,Theft,2023-12-06,3
KA-24,Bemalkhed PS,Fraud,2022-04-01,3
KA-17,Imangala PS,Assault,2022-02-27,3
KA-16,Balur PS,Fraud,2022-08-26,3
KA-06,Ron PS,Domestic Violence,2023-07-24,3
KA-28,Ankali PS,Cyber Crime,2025-02-27,3
KA-30,T.B. Dam PS,Assault,2023-06-08,3
KA-05,Bhadravathi Old Town PS,Robbery,2024-07-04,3
KA-30,T.B. Dam PS,Murder,2023-06-08,3
KA-13,Kempapura Agrahara PS,Theft,2023-12-26,3
KA-25,Humnabad PS,Burglary,2025-05-08,3
KA-09,Tiptur Town PS,Cyber Crime,2023-03-01,3
KA-17,Turuvkere PS,Domestic Violence,2024-07-09,3
KA-30,Chikkamagalur Women PS,Robbery,2023-12-03,3
KA-19,Mico Layout PS,Assault,2022-02-25,3
KA-23,Gowribidanur Rural PS,Rioting,2022-10-09,3
KA-12,Kushnoor PS,Rioting,2024-10-24,3
KA-20,Gownapalli PS,Domestic Violence,2024-10-09,3
KA-22,Ballari Rural PS,Fraud,2022-07-06,3
KA-18,Guttal PS,Theft,2022-01-22,3
KA-16,Byappanahalli PS,Vehicle Theft,2024-10-19,3
KA-16,Manna Ekhelli PS,Murder,2025-02-16,3
KA-14,Gabbur PS,Fraud,2023-05-05,3
KA-09,CEN Crime PS Mysuru City,Robbery,2023-03-13,3
KA-17,Dhannura PS,Rioting,2025-12-09,3
KA-14,Ranebennur Town PS,Robbery,2024-07-03,3
KA-15,Gandhi Nagar PS,Cyber Crime,2023-04-13,3
KA-23,Mulbagal Rural PS,Assault,2024-10-24,3
KA-01,Hirisave PS,Burglary,2023-01-26,3
KA-10,Imangala PS,Kidnapping,2024-03-13,3
KA-13,Ramnagar PS,Domestic Violence,2025-04-14,3
KA-19,Saragur PS,Fraud,2025-02-28,3
KA-07,Vijayanagar PS,Murder,2024-02-24,3
KA-10,Thalak PS,Kidnapping,2025-06-10,3
KA-07,Yelburga PS,Vehicle Theft,2025-10-27,3
KA-25,Humnabad PS,Theft,2025-05-08,3
KA-12,Chandrashekarpura PS,Rioting,2024-09-15,3
KA-29,Kollegala Town PS,Murder,2024-09-11,3
KA-20,Chamarajanagar Rural PS,Fraud,2025-04-23,3
KA-27,Avalahally PS,Burglary,2022-01-04,3
KA-16,V.V. Puram PS,Domestic Violence,2024-05-06,3
KA-25,Jigani PS,Drug Offence,2023-03-08,3
KA-11,City Market PS,Theft,2025-10-05,3
KA-09,Thalaghattapura PS,Vehicle Theft,2025-10-10,3
KA-02,Cubbon Park PS,Robbery,2022-06-23,3
KA-22,Ramnagar PS,Assault,2022-05-03,3
KA-22,City Market PS,Assault,2024-08-14,3
KA-22,Kadra PS,Fraud,2025-12-21,3
KA-28,Ankali PS,Theft,2025-02-27,3
KA-11,Bhatkal Town PS,Vehicle Theft,2022-09-24,3
KA-04,Chikkaballapura CEN Crime PS,Robbery,2023-04-13,3
KA-02,Avalahally PS,Theft,2023-08-11,3
KA-21,Golgumbaz PS,Kidnapping,2025-10-19,3
KA-20,Bagalur PS,Fraud,2024-04-22,3
KA-04,Chigateri PS,Robbery,2022-10-23,3
KA-30,Guttal PS,Drug Offence,2024-11-08,3
KA-09,Mangalapet Market PS,Vehicle Theft,2023-05-01,3
KA-02,Jayanagar PS,Burglary,2023-01-27,3
KA-20,Kamasamudram PS,Drug Offence,2024-06-03,3
KA-23,K.R. Nagar PS,Vehicle Theft,2024-07-12,3
KA-08,Kapu PS,Robbery,2024-09-27,3
KA-12,Hokrana PS,Kidnapping,2025-12-08,3
KA-17,Badavanahalli PS,Robbery,2025-09-20,3
KA-31,Jayaprakash Nagar PS,Rioting,2024-03-21,3
KA-25,Thilakwadi PS,Theft,2024-09-21,3
KA-04,Raichur Women PS,Vehicle Theft,2025-03-19,3
KA-26,Kalasa PS,Burglary,2023-05-09,3
KA-28,Balur PS,Theft,2025-08-06,2
KA-20,Gundlupete PS,Vehicle Theft,2024-06-23,2
KA-24,Karwar Town PS,Rioting,2022-06-12,2
KA-07,Sindhanur Town PS,Assault,2022-09-01,2
KA-02,Vidyaranyarpuram PS,Fraud,2023-02-09,2
KA-31,Ranebennur Town PS,Vehicle Theft,2024-08-02,2
KA-07,Peenya PS,Domestic Violence,2025-07-21,2
KA-21,Attibele PS,Domestic Violence,2022-10-20,2
KA-12,Jnanabharathi PS,Kidnapping,2025-05-05,2
KA-24,Sagara Town PS,Burglary,2022-04-15,2
KA-15,Shikaripura Rural PS,Fraud,2022-03-15,2
KA-09,Byndoor PS,Theft,2025-10-02,2
KA-16,Byappanahalli PS,Theft,2024-10-19,2
KA-08,Balur PS,Fraud,2023-03-13,2
KA-20,Chamarajanagar Rural PS,Fraud,2024-12-02,2
KA-04,Golgumbaz PS,Murder,2023-02-03,2
KA-10,Thalak PS,Murder,2025-06-10,2
KA-30,Gokak Rural PS,Assault,2022-03-03,2
KA-12,Vidyaranyarpuram PS,Kidnapping,2024-09-21,2
KA-13,Teradal PS,Burglary,2022-07-28,2
KA-24,Thalaghattapura PS,Kidnapping,2022-04-01,2
KA-06,Hadagali PS,Fraud,2022-02-11,2
KA-19,Srimangala PS,Drug Offence,2024-11-11,2
KA-13,Kempapura Agrahara PS,Cyber Crime,2023-12-26,2
KA-22,Srimangala PS,Burglary,2022-08-15,2
KA-19,Basaralu PS,Cyber Crime,2024-12-26,2
KA-15,Chitradurga Women PS,Cyber Crime,2024-10-12,2
KA-22,Ramnagar PS,Rioting,2022-05-03,2
KA-19,Mico Layout PS,Domestic Violence,2022-02-25,2
KA-22,Abbinahole PS,Robbery,2024-08-05,2
KA-15,Chamarajanagar Rural PS,Rioting,2025-08-25,2
KA-11,Metagalli PS,Assault,2025-12-06,1
KA-11,Metagalli PS,Kidnapping,2025-12-06,1
KA-23,Andersonpet PS,Rioting,2024-07-23,1
KA-23,Andersonpet PS,Fraud,2024-07-23,1
KA-30,Gokak Rural PS,Burglary,2024-01-05,1
KA-17,Chowka PS,Theft,2025-12-17,1
KA-11,Metagalli PS,Vehicle Theft,2025-12-06,1
KA-17,Chowka PS,Fraud,2025-12-17,1
KA-17,Dhannura PS,Kidnapping,2025-12-09,1
KA-17,Chowka PS,Domestic Violence,2025-12-17,1
KA-11,Metagalli PS,Rioting,2025-12-06,1
KA-30,Gokak Rural PS,Cyber Crime,2024-01-05,1
KA-17,Chowka PS,Kidnapping,2025-12-17,1
KA-17,Dhannura PS,Burglary,2025-12-09,1
KA-17,Dhannura PS,Robbery,2025-12-09,1
KA-23,Andersonpet PS,Cyber Crime,2024-07-23,1
KA-17,Chowka PS,Murder,2025-12-17,1
KA-23,Gowribidanur Rural PS,Burglary,2022-10-09,1
KA-22,Guttal PS,Assault,2023-10-01,1
KA-05,Shanthapur PS,Kidnapping,2025-03-28,1
KA-05,Chittapura PS,Assault,2025-07-24,1
KA-23,Andersonpet PS,Vehicle Theft,2024-07-23,1
KA-31,Dandeli Town PS,Drug Offence,2022-07-12,1
KA-18,Hirehadagali PS,Domestic Violence,2024-11-25,1
KA-28,Balur PS,Burglary,2025-08-06,1
KA-17,Dhannura PS,Cyber Crime,2025-12-09,1
KA-22,Guttal PS,Theft,2023-10-01,1
KA-05,Shanthapur PS,Burglary,2025-03-28,1
KA-25,Jigani PS,Murder,2023-03-08,1
KA-30,Maddur PS,Assault,2023-07-26,1
KA-06,Kutta PS,Domestic Violence,2024-01-28,1
KA-06,Kutta PS,Murder,2024-01-28,1
KA-28,Balur PS,Domestic Violence,2025-08-06,1
KA-16,Balur PS,Murder,2022-08-26,1
KA-11,Metagalli PS,Cyber Crime,2025-12-06,1
KA-18,Hirehadagali PS,Burglary,2024-11-25,1
KA-25,Jigani PS,Rioting,2023-03-08,1
KA-29,Vyalikaval PS,Rioting,2022-10-26,1
KA-20,Sadar Bazar PS,Kidnapping,2023-08-02,1
