id,act_code,act_name,act_number,year,enactment_date,description
1,ACT NO. 13 OF 1855,"THE FATAL ACCIDENTS ACT, 1855",13,1855,"[27th March, 1855.]","An Act to provide compensation to families for loss occasioned by the death of a person caused by actionable wrong. Preamble.—WHEREAS no action or suit is now maintainable in any Court against a person who, by his wrongful act, neglect or default, may have caused the death of another person and it is often-times right and expedient that the wrong-doer in such case should be answerable in damages for the injury so caused by him"
2,ACT NO. 2 OF 1882,"THE INDIAN TRUSTS ACT, 1882",2,1882,"[13th January, 1882.]",An Act to define and amend the law relating to Private Trusts and Trustees. Preamble.—WHEREAS it is expedient to define and amend the law relating to private trusts and trustees
3,ACT NO. 7 OF 1887,"THE SUITS VALUATION ACT, 1887",7,1887,"[11th February, 1887.]",An Act to prescribe the mode of valuing certain suits for the purpose of determining the jurisdiction of Courts with respect thereto. WHEREAS it is expedient to prescribe the mode of valuing certain suits for the purpose of determining the jurisdiction of Courts with respect thereto
4,ACT NO. 8 OF 1890,"THE GUARDIANS AND WARDS ACT, 1890",8,1890,"[21st March, 1890.]",An Act to consolidate and amend the law relating to Guardian and Ward. WHEREAS it is expedient to consolidate and amend the law relating to guardian and ward
5,ACT NO. 8 OF 1891,EASEMENTS (EXTENDING ACT V OF 1882),8,1891,"[6th March, 1891.]","An Act to extend the Indian Easements Act, 1882, to certain areas in which that Act is not in force. WHEREAS it is expedient to extend the Indian Easements Act, 1882 (5 of 1882), to certain areas in which that Act is not in force"
6,ACT NO. 4 OF 1893,"THE PARTITION ACT, 1893",4,1893,"[9th March, 1893.]",An Act to amend the Law relating to Partition. WHEREAS it is expedient to amend the law relating to partition
7,ACT NO. 10 OF 1897,"THE GENERAL CLAUSES ACT, 1897",10,1897,"[11th March, 1897.]","An Act to consolidate and extend the General Clauses Act, 1868 and 1887. WHEREAS it is expedient to consolidate and extend the General Clauses Acts, 1868 (1 of 1868) and 1887 (1 of 1887);"
8,ACT NO. 3 OF 1900,"THE PRISONERS ACT, 1900",3,1900,"[2nd February, 1900.]",An Act to consolidate the law relating to Prisoners confined by order of a Court. WHEREAS it is expedient to consolidate the law relating to prisoners confined by order of a Court
9,ACT NO. 7 OF 1909,"THE ANAND MARRIAGE ACT, 1909",7,1909,"[22nd October, 1909.]",An Act to remove doubts as to the validity of the marriage ceremony common among the Sikhs called Anand. WHEREAS it expedient to remove any doubts as to the validity of the marriage ceremony common among the Sikhs called Anand
10,ACT NO. 15 OF 1916,"THE HINDU DISPOSITION OF PROPERTY ACT, 1916",15,1916,"[28th September, 1916.]",An Act to remove certain existing disabilities in respect of the power of disposition of property by Hindus for the benefit of persons not in existence at the date of such disposition. WHEREAS it is expedient to remove certain existing disabilities in respect of the power of disposition of property by Hindus for the benefit of persons not in existence at the date of such disposition
11,ACT NO. 5 OF 1923,"THE BOILERS ACT, 1923",5,1923,"[23rd February, 1923.]",An Act to consolidate and amend the law relating to steam-boilers. WHEREAS it is expedient to consolidate and amend the law relating to steam-boilers;
12,ACT NO. 16 OF 1926,"THE TRADE UNIONS ACT, 1926 (Modified as on 24th August, 2020)",16,1926,"[25th March, 1926.]",An Act to provide for the registration of Trade Unions and in certain respects to define the law relating to registered Trade Unions 2***. WHEREAS it is expedient to provide for the registration of Trade Unions and in certain respects to define the law relating to registered Trade Unions 2***;
13,ACT NO. 3 OF 1930,"THE SALE OF GOODS ACT, 1930",3,1930,"[15th March, 1930.]",An Act to define and amend the law relating to the sale of goods. WHEREAS it is expedient to define and amend the law relating to the sale of goods
14,ACT NO. 4 OF 1938,"THE INSURANCE ACT, 1938",4,1938,"[26th February, 1938.]",An Act to consolidate and amend the law relating to the business of insurance. WHEREAS it is expedient to consolidate and amend the law relating to the business of insurance ;
15,ACT NO. 8 OF 1939,"THE DISSOLUTION OF MUSLIM MARRIAGES ACT, 1939",8,1939,"[17th March, 1939.]",An Act to consolidate and clarify the provisions of Muslim law relating to suits for dissolution of marriage by women married under Muslim law and to remove doubts as to the effect of the renunciation of Islam by a married Muslim woman on her marriage tie. WHEREAS it is expedient to consolidate and clarify the provisions of Muslim law relating to suits for dissolution of marriage by women married under Muslim law and to remove doubts as to the effect of the renunciation of Islam by a married Muslim woman on her marriage tie
16,ACT NO. 14 OF 1947,"THE INDUSTRIAL DISPUTES ACT, 1947",14,1947,"[11th March, 1947.]","An Act to make provision for the investigation and settlement of industrial disputes, and for certain other purposes. WHEREAS it is expedient to make provision for the investigation and settlement of industrial disputes, and for certain other purposes hereinafter appearing;"
17,ACT NO. 48 OF 1947,"THE INDIAN NURSING COUNCIL ACT, 1947",48,1947,"[31st December, 1947.]","An Act to constitute an Indian Nursing Council. WHEREAS it is expedient to constitute an Indian Nursing Council in order to establish a uniform standard of training for nurses, midwives and health visitors;"
18,ACT NO. 8 OF 1948,"THE PHARMACY ACT, 1948",8,1948,"[4th March, 1948.]",An Act to regulate the profession of pharmacy. WHEREAS it is expedient to make better provision for the regulation of the profession and practice of pharmacy and for that purpose to constitute Pharmacy Councils;
19,ACT NO. 14 OF 1948,"THE DAMODAR VALLEY CORPORATION ACT, 1948",14,1948,"[27th March, 1948.]","An Act to provide for the establishment and regulation of a Corporation for the development of the Damodar Valley in the Provinces of Bihar and West Bengal. WHEREAS it is expedient to provide for the establishment and regulation of a Corporation for the development of the Damodar Valley in the Provinces of Bihar and West Bengal: AND WHEREAS in pursuance of section 103 of the Government of India Act, 1935, (26 Geo. 5, c. 2.) resolutions have been passed by all the Chambers of the Provincial Legislatures of the said Provinces to the effect that certain matters dealt with in this Act which are enumerated in the Provincial Legislative List should be regulated in those Provinces by Act of the Dominion Legislature;"
20,ACT NO. 66 OF 1948,"THE DELHI AND AJMER-MERWARA LAND DEVELOPMENT ACT, 1948",66,1948,"[24th September, 1948.]","An Act to provide for the preparation and execution of land development schemes, the reclamation of waste-land and the control of private forests and grass-land, in the Provinces of Delhi and Ajmer-Merwara. WHEREAS it is expedient to provide for the preparation and execution of land development schemes, the reclamation of waste-land and the control of private forests and grass-land in the Provinces of Delhi and Ajmer-Merwara;"
21,ACT NO. 38 OF 1949,"THE CHARTERED ACCOUNTANTS ACT, 1949",38,1949,"[1st May, 1949.]",An Act to make provision for the regulation of the 1[profession of chartered accountants]. WHEREAS it is expedient to make provision for the regulation of the 1[profession of chartered accountants] and for that purpose to establish an Institute of Chartered Accountants;
22,ACT NO. 42 OF 1950,"THE AJMER TENANCY AND LAND RECORDS ACT, 1950",42,1950,"[10th May, 1950.]","An Act to declare and amend the law relating to agricultural tenancies, record-of-rights and certain other matters in Ajmer."
23,ACT NO. 64 OF 1950,"THE ROAD TRANSPORT CORPORATIONS ACT, 1950",64,1950,"[4th December, 1950.]",An Act to provide for the incorporation and regulation of Road Transport Corporations.
24,ACT NO. 29 OF 1951,"THE VISVA-BHARATI ACT, 1951",29,1951,"[9th May, 1951.]",An Act to declare the institution known as “Visva-Bharati” to be an institution of national importance and to provide for its functioning as a unitary teaching and residential university.
25,ACT NO. 63 OF 1951,"THE STATE FINANCIAL CORPORATIONS ACT, 1951",63,1951,"[31st October, 1951.]",An Act to provide for the establishment of State Financial Corporations.
26,ACT NO. 69 OF 1951,"THE PLANTATIONS LABOUR ACT, 1951",69,1951,"[2nd November, 1951.]","An Act to provide for the welfare of labour, and to regulate the conditions of work, in plantations."
27,ACT NO. 31 OF 1952,"THE PRESIDENTIAL AND VICE-PRESIDENTIAL ELECTIONS ACT, 1952",31,1952,"[14th March, 1952.]",An Act to regulate certain matters relating to or connected with elections to the offices of President and Vice-President of India.
28,ACT NO. 37 OF 1952,"THE CINEMATOGRAPH ACT, 1952",37,1952,"[21st March, 1952.]",An Act to make provision for the certification of cinematograph films for exhibition and for regulating exhibitions by means of cinematographs.
29,ACT NO. 38 OF 1952,"THE DELHI AND AJMER RENT CONTROL ACT, 1952",38,1952,"[15th April, 1952.]","An Act to provide for the control of rents and evictions, and for the lease of vacant premises to Government, in certain areas in the States of Delhi and Ajmer."
30,ACT NO. 62 OF 1952,"THE RESERVE AND AUXILIARY AIR FORCES ACT, 1952",62,1952,"[22nd August, 1952.]",An Act to provide for the constitution and regulation of certain Air Force Reserve and also an Auxiliary Air Force and for matters connected therewith.
31,ACT NO. 74 OF 1952,"THE FORWARD CONTRACTS (REGULATION) ACT, 1952",74,1952,"[26th December, 1952.]","An Act to provide for the regulation of certain matters relating to forward contracts, the prohibition of options in goods and for matters connected therewith."
32,ACT NO. 30 OF 1953,"THE ANDHRA STATE ACT, 1953",30,1953,"[14th September, 1953.]","An Act to provide for the formation of the State of Andhra, the increasing of the area of the State of Mysore and the diminishing of the area of the State of Madras, and for matters connected therewith."
33,ACT NO. 21 OF 1954,"THE DRUGS AND MAGIC REMEDIES (OBJECTIONABLE ADVERTISEMENTS) ACT, 1954",21,1954,"[30th April, 1954.]","An Act to control the advertisement of drugs in certain cases, to prohibit the advertisement for certain purposes of remedies alleged to possess magic qualities and to provide for matters connected therewith."
34,ACT NO. 43 OF 1954,"THE SPECIAL MARRIAGE ACT, 1954",43,1954,"[9th October, 1954.]","An Act to provide a special form of marriage in certain cases, for the registration of such and certain other marriages and for divorce."
35,ACT NO. 42 OF 1955,"THE PRIZE COMPETITIONS ACT, 1955",42,1955,"[22nd October, 1955.]","An Act to provide for the control and regulation of prize competitions. WHEREAS it is expedient to provide for the control and regulation of prize Competitions; AND WHEREAS the Legislatures of the States of Andhra, Bombay, Madras, Orissa, Uttar Pradesh, Hyderabad, Madhya Bharat, Patiala and East Punjab States Union and Saurashtra have passed resolutions in terms of clause (1) of article 252 of the Constitution in relation to the above-mentioned matter and matters ancillary thereto in so far as such matters are matters enumerated in List II in the Seventh Schedule to the Constitution;"
36,ACT NO. 56 OF 1955,"THE MANIPUR (COURTS) ACT, 1955",56,1955,"[30th December, 1955.]",An Act to provide for the establishment of a Judicial Commissioner’s Court and other Courts in Manipur.
37,ACT NO. 3 OF 1956,"THE UNIVERSITY GRANTS COMMISSION ACT, 1956",3,1956,"[3rd March, 1956.]","An Act to make provision for the co-ordination and determination of standards in Universities and for that purpose, to establish a University Grants Commission."
38,ACT NO. 25 OF 1956,"THE ALL-INDIA INSTITUTE OF MEDICAL SCIENCE ACT, 1956",25,1956,"[2nd June, 1956.]",An Act to provide for the establishment of 1[All-India Institutes of Medical Sciences].
39,ACT NO. 31 OF 1956,"THE LIFE INSURANCE CORPORATION ACT, 1956",31,1956,"[18th June, 1956.]",An Act to provide for the nationalisation of life insurance business in India by transferring all such business to a Corporation established for the purpose and to provide for the regulation and control of the business of the Corporation and for matters connected therewith or incidental thereto.
40,ACT NO. 32 OF 1956,"THE HINDU MINORITY AND GUARDIANSHIP ACT, 1956",32,1956,"[25th August, 1956.]",An Act to amend and codify certain parts of the law relating to minority and guardianship among Hindus.
41,ACT NO. 40 OF 1956,"THE BIHAR AND WEST BENGAL (TRANSFER OF TERRITORIES) ACT, 1956",40,1956,"[1st September, 1956.]",An Act to provide for the transfer of certain territories from Bihar to West Bengal and for matters connected therewith.
42,ACT NO. 49 OF 1956,"THE RIVER BOARDS ACT, 1956",49,1956,"[12th September, 1956.]",An Act to provide for the establishment of River Boards for the regulation and development of inter-State rivers and river valleys.
43,ACT NO. 78 OF 1956,"THE HINDU ADOPTIONS AND MAINTENANCE ACT, 1956",78,1956,"[21st December, 1956.]",An Act to amend and codify the law relating to adoptions and maintenance among Hindus.
44,ACT NO. 80 OF 1956,"THE MANIPUR (VILLAGE AUTHORITIES IN HILL AREAS) ACT, 1956",80,1956,"[22nd December, 1956.]",An Act to consolidate and amend the law relating to the constitution and functions of Village Authorities in the hill areas of the Union territory of Manipur.
45,ACT NO. 90 OF 1956,"THE FARIDABAD DEVELOPMENT CORPORATION ACT, 1956",90,1956,"[28th December, 1956.]","An Act to provide for the establishment and regulation of a trading Corporation for the purpose of carrying on and promoting trade and industry in the town of Faridabad, assisting in the rehabilitation of displaced persons settled therein and for matters connected therewith."
46,ACT NO. 96 OF 1956,"THE SLUM AREAS (IMPROVEMENT AND CLEARANCE) ACT, 1956",96,1956,"[29th December, 1956.]",An Act to provide for the improvement and clearance of slum areas in certain Union territories and for the protection of tenants in such areas from eviction.
47,ACT NO. 20 OF 1958,"THE PROBATION OF OFFENDERS ACT, 1958",20,1958,"[16th May, 1958.]",An Act to provide for the release of offenders on probation or after due admonition and for matters connected therewith.
48,ACT NO. 23 OF 1959,"THE COST AND WORKS ACCOUNTANTS ACT, 1959",23,1959,"[19th May, 1959.]",An Act to make provision for the regulation of the profession of cost and works accountants.
49,ACT NO. 56 OF 1959,"THE ANDHRA PRADESH AND MADRAS (ALTERATION OF BOUNDARIES) ACT, 1959",56,1959,"[24th December, 1959.]",An Act to provide for the alteration of boundaries of the States of Andhra Pradesh and Madras and for matters connected therewith.
50,ACT NO. 11 OF 1960,"THE BOMBAY REORGANISATION ACT, 1960",11,1960,"[25th April, 1960.]",An Act to provide for the reorganisation of the State of Bombay and for matters connected therewith.
51,ACT NO. 33 OF 1960,"THE MANIPUR LAND REVENUE AND LAND REFORMS ACT, 1960",33,1960,[13th September 1960.],An Act to consolidate and amend the law relating to land revenue in the Union territory of Manipur and to provide for certain measures of land reform.
52,ACT NO. 39 OF 1960,"THE DELHI PRIMARY EDUCATION ACT, 1960",39,1960,"[20th September, 1960.]",An Act to provide for free and compulsory Primary education for children in the Union territory of Delhi.
53,ACT NO. 43 OF 1960,"THE TRIPURA LAND REVENUE AND LAND REFORMS ACT, 1960",43,1960,"[21st September, 1960.]",An Act to consolidate and amend the law relating to land revenue in the Union territory of Tripura and to provide for the acquisition of estates and for certain other measures of land reform.
54,ACT NO. 26 OF 1961,"THE SALAR JUNG MUSEUM ACT, 1961",26,1961,"[19th May, 1961.]",An Act to declare the Salar Jung Museum together with the Salar Jung Library at Hyderabad to be an institution of national importance and to provide for its administration and certain other connected matters.
55,ACT NO. 28 OF 1961,"THE DOWRY PROHIBITION ACT, 1961",28,1961,"[20th May, 1961.]",An Act to prohibit the giving or taking of dowry.
56,ACT NO. 47 OF 1961,"THE DEPOSIT INSURANCE AND CREDIT GUARANTEE CORPORATION ACT, 1961",47,1961,"[7th December, 1961.]",An Act to provide for the establishment of a corporation for the purpose of insurance of deposits 2[and guaranteeing of credit facilities] and for other matters connected therewith or incidental thereto.
57,ACT NO. 59 OF 1961,"THE INSTITUTES OF TECHNOLOGY ACT, 1961",59,1961,"[19th December, 1961.]","An Act to declare certain institutions of technology to be institutions of national importance and to provide for certain matters connected with such institutions and the Indian Institute of Technology, Kharagpur."
58,ACT NO. 27 OF 1962,"THE STATE OF NAGALAND ACT, 1962",27,1962,"[4th September, 1962.]",An Act to provide for the formation of the State of Nagaland and for matters connected therewith.
59,ACT 33 OF 1962,"THE ATOMIC ENERGY ACT, 1962",,1962,"[15th September, 1962.]","An Act to provide for the development, control and use of atomic energy for the welfare of the people of India and for other peaceful purposes and for matters connected therewith."
60,ACT NO. 34 OF 1962,"THE EXTRADITION ACT, 1962",34,1962,"[15th September, 1962.]",An Act to consolidate and amend the law relating to the extradition of fugitive criminals 1[and to provide for matters connected therewith or incidental thereto.]
61,ACT NO. 55 OF 1962,"THE MANIPUR (SALES OF MOTOR SPIRIT AND LUBRICANTS) TAXATION ACT, 1962",55,1962,"[13th December, 1962.]",An Act to consolidate and amend the law relating to the levy of a tax on sales of motor spirit and lubricants in the Union territory of Manipur.
62,ACT NO. 57 OF 1962,"THE DELHI MOTOR VEHICLES TAXATION ACT, 1962",57,1962,"[15th December, 1962.]",An Act to impose a tax on motor vehicles in the Union territory of Delhi and for other matters connected therewith.
63,ACT NO. 11 OF 1963,"THE MARINE INSURANCE ACT, 1963",11,1963,"[18th April, 1963.]",An Act to codify the law relating to marine insurance.
64,ACT NO. 20 OF 1963,"THE GOVERNMENT OF UNION TERRITORIES ACT, 1963",20,1963,"[10th May, 1963.]",An Act to provide for Legislative Assemblies and Councils of Ministers for certain Union territories and for certain other matters.
65,ACT NO. 47 OF 1963,"THE SPECIFIC RELIEF ACT, 1963",47,1963,"[13th December, 1963.]",An Act to define and amend the law relating to certain kinds of specific relief.
66,ACT NO. 7 OF 1964,"THE COMPANIES (PROFITS) SURTAX ACT, 1964",7,1964,"[2nd May, 1964.]",An Act to impose a special tax on the profits of certain companies.
67,ACT NO. 37 OF 1964,"THE FOOD CORPORATIONS ACT, 1964",37,1964,"[10th December, 1964.]",An Act to provide for the establishment of Food Corporations for the purpose of trading in foodgrains and other foodstuffs and for matters connected therewith and incidental thereto.
68,ACT NO. 4 OF 1966,"THE SEAMEN’S PROVIDENT FUND ACT, 1966",4,1966,"[26th March, 1966.]",An Act to provide for the institution of a provident fund for seamen.
69,ACT NO. 26 OF 1966,"THE DELHI HIGH COURT ACT, 1966",26,1966,"[5th September, 1966.]","An Act to provide for the constitution of a High Court for the Union territory of Delhi, for the extension of the jurisdiction of that High Court to the Union territory of Himachal Pradesh and for matters connected therewith."
70,ACT NO. 31 OF 1966,"THE PUNJAB REORGANISATION ACT, 1966",31,1966,"[18th September, 1966.]",An Act to provide for the reorganisation of the existing State of Punjab and for matters connected therewith.
71,ACT NO. 51 OF 1966,"THE POST-GRADUATE INSTITUTE OF MEDICAL EDUCATION AND RESEARCH, CHANDIGARH ACT, 1966",51,1966,"[17th December, 1966.]","An Act to declare the institution known as the Post-Graduate Institute of Medical Education and Research, Chandigarh, to be an institution of national importance and to provide for its incorporation and matters connected therewith."
72,ACT NO. 54 OF 1966,"THE SEEDS ACT, 1966",54,1966,"[29th December, 1966.]","An Act to provide for regulating the quality of certain seeds for sale, and for matters connected therewith."
73,ACT NO. 15 OF 1967,"THE PASSPORTS ACT, 1967",15,1967,"[24th June, 1967.]","An Act to provide for the issue of passports and travel documents, to regulate the departure from India of citizens of India and other persons and for matters incidental or ancillary thereto."
74,ACT NO.37 OF 1967,"THE UNLAWFUL ACTIVITIES (PREVENTION) ACT, 1967",37,1967,"[30th December, 1967.]","An Act to provide for the more effective prevention of certain unlawful activities of individuals and associations 1[, and for dealing with terrorist activities,] and for matters connected therewith. 2[WHEREAS the Security Council of the United Nations in its 4385th meeting adopted Resolution 1373 (2001) on 28th September, 2001, under Chapter VII of the Charter of the United Nations requiring all the States to take measures to combat international terrorism; AND WHEREAS Resolutions 1267 (1999), 1333 (2000), 1363 (2001), 1390 (2002), 1455 (2003), 1526 (2004), 1566 (2004), 1617 (2005), 1735 (2006) and 1822 (2008) of the Security Council of the United Nations require the States to take action against certain terrorists and terrorist organisations, to freeze the assets and other economic resources, to prevent the entry into or the transit through their territory, and prevent the direct or indirect supply, sale or transfer of arms and ammunitions to the individuals or entities listed in the Schedule; AND WHEREAS the Central Government, in exercise of the powers conferred by section 2 of the United Nations (Security Council) Act, 1947 (43 of 1947) has made the Prevention and Suppression of Terrorism (Implementation of Security Council Resolutions) Order, 2007; AND WHEREAS it is considered necessary to give effect to the said Resolutions and the Order and to make special provisions for the prevention of, and for coping with, terrorist activities and for matters connected therewith or incidental thereto.]"
75,ACT NO. 24 OF 1968,"THE BIHAR AND UTTAR PRADESH (ALTERATION OF BOUNDARIES) ACT, 1968",24,1968,"[22nd May, 1968.]",An Act to provide for the alteration of boundaries of the States of Bihar and Uttar Pradesh and for matters connected therewith.
76,ACT NO. 34 OF 1968,"THE ENEMY PROPERTY ACT, 1968",34,1968,"[20th August, 1968.]","An Act to provide for the continued vesting of enemy property vested in the Custodian of Enemy Property for India under the Defence of India Rules, 1962 1[and the Defence of India Rules, 1971], and for matters connected therewith."
77,ACT NO. 18 OF 1969,"THE REGISTRATION OF BIRTHS AND DEATHS ACT, 1969",18,1969,"[31st May, 1969.]",An Act to provide for the regulation of registration of births and deaths and for matters connected therewith
78,ACT NO. 43 OF 1969,"THE KHUDA BAKHSH ORIENTAL PUBLIC LIBRARY ACT, 1969",43,1969,"[26th December, 1969.]",An Act to declare the Khuda Bakhsh Oriental Public Library at Patna to be an institution of national importance and to provide for its administration and certain other connected matters.
79,ACT NO. 44 OF 1969,"THE OATHS ACT, 1969",44,1969,"[26th December, 1969.]",An Act to consolidate and amend the law relating to judicial oaths and for certain other purposes.
80,ACT NO. 55 OF 1969,"THE ASSAM REORGANISATION (MEGHALAYA) ACT, 1969",55,1969,"[29th December, 1969.]",An Act to provide for the formation within the State of Assam of an autonomous State to be known as Meghalaya and for matters connected therewith.
81,ACT NO. 16 OF 1970,"THE HARYANA AND PUNJAB AGRICULTURAL UNIVERSITIES ACT, 1970",16,1970,"[2nd April, 1970.]","An Act to provide for the establishment of two independent Agricultural Universities in place of the Punjab Agricultural University constituted by the Punjab Agricultural University Act, 1961, and for matters consequential on, or connected with the establishment of those independent Agricultural Universities. WHEREAS, for the development of agriculture in the States of Haryana and Punjab, it is expedient to provide for the establishment of two independent Agricultural Universities in place of the Punjab Agricultural University constituted by the Punjab Agricultural University Act, 1961; AND WHEREAS, the Legislatures of the States of Haryana and Punjab have passed resolutions in terms of clause (1) of article 252 of the Constitution in relation to the above-mentioned matter and matters ancillary thereto in so far as such matters are matters enumerated in List II in the Seventh Schedule to the Constitution;"
82,ACT NO. 53 OF 1970,"THE STATE OF HIMACHAL PRADESH ACT, 1970",53,1970,"[25th December, 1970.]",An Act to provide for the establishment of the State of Himachal Pradesh and for matters connected therewith.
83,ACT NO. 34 OF 1971,"THE MEDICAL TERMINATION OF PREGNANCY ACT, 1971",34,1971,"[10th August, 1971.]",An Act to provide for the termination of certain pregnancies by registered medical practitioners and for matters connected therewith or incidental thereto.
84,ACT NO. 70 OF 1971,"THE CONTEMPT OF COURTS ACT, 1971",70,1971,"[24th December, 1971.]",An Act to define and limit the powers of certain courts in punishing contempts of courts and to regulate their procedure in relation thereto.
85,ACT NO. 76 OF 1971,"THE MANIPUR (HILL AREAS) DISTRICT COUNCILS ACT, 1971",76,1971,"[26th December, 1971.]",An Act to provide for the establishment of District Councils in the Hill Areas in the Union territory of Manipur.
86,ACT NO. 81 OF 1971,"THE NORTH-EASTERN AREAS (REORGANISATION) ACT, 1971",81,1971,"[30th December, 1971.]",An Act to provide for the establishment of the States of Manipur and Tripura and to provide for the formation of the State of Meghalaya and of the Union territories of Mizoram and Arunachal Pradesh by reorganisation of the existing State of Assam and for matters connected therewith.
87,ACT NO. 82 OF 1971,"THE DELHI SIKH GURDWARAS ACT, 1971",82,1971,"[30th December, 1971.]",An Act to provide for the proper management of the Sikh Gurdwaras and Gurdwara property in Delhi and for matters connected therewith.
88,ACT NO. 20 OF 1972,"THE ARCHITECTS ACT, 1972",20,1972,"[31st May, 1972.]",An Act to provide for the registration of architects and for matters connected therewith.
89,ACT NO. 28 OF 1972,"THE NATIONAL SERVICE ACT, 1972",28,1972,"[9th June, 1972.]",An Act to provide for the registration of qualified persons and for the rendering of national service by such persons and for matters connected therewith.
90,ACT NO. 35 OF 1972,"THE DELHI CO-OPERATIVE SOCIETIES ACT, 1972",35,1972,"[17th June, 1972.]",An Act to consolidate and amend the law relating to co-operative societies in the Union territory of Delhi
91,ACT NO. 78 OF 1972,"THE RICHARDSON AND CRUDDAS LIMITED (ACQUISITION AND TRANSFER OF UNDERTAKING) ACT, 1972",78,1972,"[30th December, 1972.]","An Act to provide for the acquisition and transfer of the undertaking of the Richardson and Cruddas Limited, for the reconstruction of the register of its members and for matters connected therewith or incidental thereto. WHEREAS the Richardson and Cruddas Limited, a company formed and registered under the Indian Companies Act, 1913 (7 of 1913), is engaged in the production of goods needed by the defence establishments, railways, steel plants and power projects; AND WHEREAS the mismanagement of the said company by its erstwhile managing agents and Board of Directors had seriously affected the production and supply of goods by the said company; AND WHEREAS it is not possible for the said company to provide for its proper management by a duly constituted Board of Directors in view of the existence of a large number of duplicate shares in the capital of the said company; AND WHEREAS for ensuring, in the interests of the community, the continuity of production and supply of goods by the said company, it is expedient in the public interest to acquire the undertaking of the said company;"
92,ACT NO. 57 OF 1972,"THE GENERAL INSURANCE BUSINESS (NATIONALISATION) ACT, 1972",57,1972,"[20th September, 1972.]","An Act to provide for the acquisition and transfer of shares of Indian insurance companies and undertakings of other existing insurers in order to serve better the needs of the economy by securing the development of general insurance business in the best interests of the community and to ensure that the operation of the economic system does not result in the concentration of wealth to the common detriment, for the regulation and control of such business and for matters connected therewith or incidental thereto."
93,ACT NO. 18 OF 1973,"THE DELHI SCHOOL EDUCATION ACT, 1973",18,1973,"[9th April, 1973.]",An Act to provide for better organisation and development of school education in the Union territory of Delhi and for matters connected therewith or incidental thereto.
94,ACT NO. 24 OF 1973,"THE NORTH-EASTERN HILL UNIVERSITY ACT, 1973",24,1973,"[26th May, 1973.]","An Act to establish and incorporate a teaching and affiliating University for the hill areas of the North-Eastern region. WHEREAS it is expedient to establish and incorporate a teaching and affiliating University for the benefit of the people of the hill areas of the North-Eastern region and to develop the intellectual, academic and cultural background of the said people; AND WHEREAS in pursuance of clause (1) of article 252 of the Constitution, resolutions have been passed by the Legislatures of the States of Meghalaya and Nagaland to the effect that the setting up of a Central University for the hill areas of the North-Eastern region shall be regulated by Parliament by law;"
95,ACT NO. 39 OF 1974,"THE UNIVERSITY OF HYDERABAD ACT, 1974",39,1974,"[3rd September, 1974.]",An Act to establish and incorporate a teaching University in the State of Andhra Pradesh and to provide for matters connected therewith or incidental thereto.
96,ACT NO. 45 OF 1974,"THE INTEREST-TAX ACT, 1974",45,1974,"[23rd September, 1974.]",An Act to impose a special tax on interest in certain cases.
97,ACT NO. 57 OF 1974,"THE SICK TEXTILE UNDERTAKINGS (NATIONALISATION) ACT, 1974",57,1974,"[21st December, 1974.]","An Act to provide for the acquisition and transfer of the sick textile undertakings, and the right, title and interest of the owners in respect of the sick textile undertakings, specified in the First Schedule with a view to re-organising and rehabilitating such sick textile undertakings so as to subserve the interests of the general public by the augmentation of the production and distribution, at fair prices, of different verieties of cloth and yarn, and for matters connected therewith or incidental thereto."
98,ACT NO. 2 OF 1974,"THE CODE OF CRIMINAL PROCEDURE, 1973",2,1974,"[25th January, 1974.]",An Act to consolidate and amend the law relating to Criminal Procedure.
99,ACT NO. 4 OF 1975,"THE TOBACCO BOARD ACT, 1975",4,1975,"[19th March, 1975.]",An Act to provide for the development under the control of the Union of the tobacco industry.
100,ACT NO. 22 OF 1975,"THE RAMPUR RAZA LIBRARY ACT, 1975",22,1975,"[9th May, 1975.]",An Act to declare the Rampur Raza Library to be an institution of national importance and to provide for its administration and matters connected therewith or incidental thereto.
101,ACT NO. 43 OF 1975,"THE DELHI SALES TAX ACT, 1975",43,1975,"[7th August, 1975.]",An Act to consolidate and amend the law relating to the levy of tax on sale of goods in the Union territory of Delhi.
102,ACT NO 51 OF 1975,"THE CUSTOMS TARIFF ACT, 1975",,1975,"[18th August, 1975]",An Act to consolidate and amend the law relating to Customs Duties.
103,ACT NO. 100 OF 1976,"THE METAL CORPORATION (NATIONALISATION AND MISCELLANEOUS PROVISIONS) ACT, 1976",100,1976,"[7th September, 1976.]","An Act to provide for the taking over of the management of the undertaking of the Metal Corporation, after such undertaking is deemed to have been transferred to, and re-vested in, the said Corporation, and for the subsequent acquisition of the undertaking of the Metal Corporation for the purpose of enabling the Central Government, in the public interest, to exploit to the fullest extent possible, the zinc and lead deposits in and around Zawar area in the State of Rajasthan and to utilise those minerals in such manner as to subserve the common good, and for matters connected therewith or incidental thereto."
104,ACT NO. 19 OF 1976,"THE BONDED LABOUR SYSTEM (ABOLITION) ACT, 1976",19,1976,"[9th February, 1976.]",An Act to provide for the abolition of bonded labour system with a view to preventing the economic and physical exploitation of the weaker sections of the people and for matters connected therewith or incidental thereto.
105,ACT NO. 21 OF 1976,"THE REGIONAL RURAL BANKS ACT, 1976",21,1976,"[9th February, 1976.]","An Act to provide for the incorporation, regulation and winding up of Regional Rural Banks with a view to developing the rural economy by providing, for the purpose of development of agriculture, trade, commerce, industry and other productive activities in the rural areas, credit and other facilities, particularly to the small and marginal farmers, agricultural labourers, artisans and small entrepreneurs, and for matters connected therewith and incidental thereto."
106,ACT NO.16 OF 1978,"THE PUBLIC SECTOR IRON AND STEEL COMPANIES (RESTRUCTURING) AND MISCELLANEOUS PROVISIONS ACT, 1978",16,1978,"[30th April, 1978.]",An Act to provide for restructuring of the iron and steel companies in the public sector so as to secure better management and greater efficiency in their working and for matters connected therewith or incidental thereto.
107,ACT NO. 30 OF 1978,"THE COAST GUARD ACT, 1978",30,1978,"[18th August, 1978.]",An Act to provide for the constitution and regulation of an Armed Force of the Union for ensuring the security of the maritime zones of India with a view to the protection of maritime and other national interests in such zones and for matters connected therewith.
108,ACT NO. 33 OF 1978,"THE METRO RAILWAYS (CONSTRUCTION OF WORKS) ACT, 1978",33,1978,"[21st August, 1978.]",An Act to provide for the construction of works relating to metro railways in the metropolitan cities and for matters connected therewith.
109,ACT NO. 34 OF 1978,"THE DELHI POLICE ACT, 1978",34,1978,"[27th August, 1978.]",An Act to amend and consolidate the law relating to the regulation of the police in the Union territory of Delhi.
110,ACT NO. 41 OF 1978,"THE BRITANNIA ENGINEERING COMPANY LIMITED (MOKAMEH UNIT) AND THE ARTHUR BUTLER AND COMPANY (MUZAFFARPORE) LIMITED (ACQUISITION AND TRANSFER OF UNDERTAKINGS) ACT, 1978",41,1978,"[8th December, 1978.]","An Act to provide for the acquisition and transfer of the right, title and interest of the undertakings of Britannia Engineering Company in relation to the Mokameh unit owned by it and the right, title and interest of Arthur Butler and Company in relation to the undertakings owned by it, with a view to ensuring the continued manufacture of railway wagons and other goods essential to the needs of the country in general and the Railways in particular, and for matters connected therewith or incidental thereto. WHEREAS Britannia Engineering Company at the Mokameh unit and Arthur Butler and Company were engaged in the manufacture of railway wagons and other goods; AND WHEREAS as a result of the closure of the wagon and other undertakings owned by the companies aforesaid, there was a substantial fall in the manufacture of railway wagons and other goods; AND WHEREAS for the purpose of bringing the closed works of the companies aforesaid into operation the management of the Mokameh unit of Britannia Engineering Company and the management of the undertakings of Arthur Butler and Company were taken over by the Central Government under the Industries (Development and Regulation) Act, 1951 (65 of 1951); AND WHEREAS it is necessary to acquire the said wagon and other undertakings to ensure the continued manufacture of railway wagons and other goods which are essential to the needs of the country in general, and the Railways in particular;"
111,ACT NO. 43 OF 1978,"THE PRIZE CHITS AND MONEY CIRCULATION SCHEMES (BANNING) ACT, 1978",43,1978,"[12th December, 1978.]",An Act to ban the promotion or conduct of prize chits and money circulation schemes and for matters connected therewith or incidental thereto.
112,ACT NO. 30 OF 1979,"THE INTER-STATE MIGRANT WORKMEN (REGULATION OF EMPLOYMENT AND CONDITIONS OF SERVICE) ACT, 1979",30,1979,"[11th June, 1979.]",An Act to regulate the employment of inter-State migrant workmen and to provide for their conditions of service and for matters connected therewith.
113,ACT NO. 31 OF 1979,"THE HARYANA AND UTTAR PRADESH (ALTERATION OF BOUNDARIES) ACT, 1979",31,1979,"[11th June, 1979.]",An Act to provide for the alteration of boundaries of the States of Haryana and Uttar Pradesh and for matters connected therewith.
114,ACT NO. 7 OF 1980,"THE PREVENTION OF BLACKMARKETING AND MAINTENANCE OF SUPPLIES OF ESSENTIAL COMMODITIES ACT, 1980",7,1980,"[12th February, 1980.]",An Act to provide for detention in certain cases for the purpose of prevention of black marketing and maintenance of supplies of commodities essential to the community and for matters connected therewith.
115,ACT NO. 42 OF 1980,"THE NATIONAL COMPANY LIMITED (ACQUISITION AND TRANSFER OF UNDERTAKINGS) ACT, 1980",42,1980,"[19th July, 1980.]","An Act to provide for the acquisition and transfer of the undertakings of Messrs. National Company Limited with a view to securing the proper management of such undertakings so as to subserve the interests of the general public by ensuring the continued manufacture, production and distribution of articles made of jute, which are essential to the needs of the economy of the country and for matters connected therewith or incidental thereto. WHEREAS Messrs. National Company Limited had been engaged in the manufacture and production of articles mentioned in the First Schedule to the Industries (Development and Regulation) Act, 1951 (65 of 1951), namely, textiles made wholly or in part of jute; AND WHEREAS the management of the undertakings of Messrs. National Company Limited was taken over by the Central Government under section 18AA of the Industries (Development and Regulation) Act, 1951 (65 of 1951); AND WHEREAS it is necessary to acquire the undertakings of Messrs. National Company Limited to ensure that the interests of the general public are served by the continuance, by the undertakings of the Company, of the manufacture, production and distribution of the aforesaid articles, which are essential to the needs of the economy of the country;"
116,ACT NO. 46 OF 1980,"THE BRAHMAPUTRA BOARD ACT, 1980",46,1980,"[1st September, 1980.]",An Act to provide for the establishment of a Board for the planning and integrated implementation of measures for the control of floods and bank erosion in the Brahmaputra Valley and for matters connected therewith.
117,ACT NO. 52 OF 1980,"THE SREE CHITRA TIRUNAL INSTITUTE FOR MEDICAL SCIENCES AND TECHNOLOGY, TRIVANDRUM, ACT, 1980",52,1980,"[3rd December, 1980.]","An Act to declare the Sree Chitra Tirunal Medical Centre Society for Advanced Studies in Specialities, Trivandrum, in the State of Kerala, to be an institution of national importance and to provide for its incorporation and matters connected therewith."
118,ACT NO. 54 OF 1980,"THE HOTEL-RECEIPTS TAX ACT, 1980",54,1980,"[9th December, 1980.]",An Act to impose a special tax on gross receipts of certain hotels.
119,ACT NO. 56 OF 1980,"THE COMPANY SECRETARIES ACT, 1980",56,1980,"[10th December, 1980.]",An Act to make provision for the regulation and development of the profession of Company Secretaries.
120,ACT NO. 62 OF 1980,"THE JUTE COMPANIES (NATIONALISATION) ACT, 1980",62,1980,"[21st December, 1980.]","An Act to provide for the acquisition and transfer of the undertakings of the jute companies, specified in the First Schedule with a view to securing the proper management of such undertakings so as to subserve the interests of the general public by ensuring the continued manufacture, production and distribution of articles made of jute, which are essential to the needs of the economy of the country and for matters connected therewith or incidental thereto. WHEREAS the said jute companies had been engaged in the manufacture and production of articles mentioned in the First Schedule to the Industries (Development and Regulation) Act, 1951 (65 of 1951), namely, textiles made wholly or in part of jute; AND WHEREAS the management of the undertakings of each of the said jute companies was taken over by the Central Government under the Industries (Development and Regulation) Act, 1951 (65 of 1951); AND WHEREAS it is necessary to acquire the undertakings of the said jute companies to ensure that the interests of the general public are served by the continuance, by the undertakings of the said jute companies, of the manufacture, production and distribution of the aforesaid articles which are essential to the needs of the economy of the country;"
121,ACT NO. 65 OF 1980,"THE NATIONAL SECURITY ACT, 1980",65,1980,"[27th December, 1980.]",An Act to provide for preventive detention in certain cases and for matters connected therewith.
122,ACT NO. 67 OF 1980,"THE BIRD AND COMPANY LIMITED (ACQUISITION AND TRANSFER OF UNDERTAKINGS AND OTHER PROPERTIES) ACT, 1980",67,1980,"[27th December, 1980.]","An Act to provide for the acquisition and transfer of the undertakings of the Bird and Company Limited for the purpose of ensuring the continuity of production of goods which are vital to the needs of the country and for the acquisition of shares held by the Bird and Company Limited in the specified companies for the purpose of securing to those undertakings the facilities and advantages derived by reason of such shareholding with respect to the operation and functioning of those undertakings and also to enable the Central Government to exercise such control over the affairs of the specified companies as is necessary to ensure that the affairs of those companies are not mismanaged and for matters connected therewith or incidental thereto. WHEREAS the Bird and Company Limited were engaged in the manufacture of E.O.T. cranes and other varieties of cranes; polystyrene based cation exchange resin; equipment for fertilizers, oil refineries, steel plants, petro-chemical and other industries; tanks and vessels of various shapes and sizes, water treatment equipment and other types of equipment for the control of water pollution and were also engaged in various other activities; AND WHEREAS the top management of the Bird and Company Limited had so mismanaged the affairs of that Company as to cause heavy losses to the Company and had also managed the affairs of the Company in a manner prejudicial to the interests of the Company and the public interest; AND WHEREAS in view of the mismanagement aforesaid, the Central Government had, in pursuance of the provisions of section 408 of the Companies Act, 1956 (1 of 1956), appointed six directors on the Board of directors of the Bird and Company Limited; AND WHEREAS investment of a large amount is necessary for the maintenance and development of the production of the undertakings of the Company; AND WHEREAS it is necessary in the public interest to acquire the undertakings of the Bird and Company Limited to enable the Central Government to have such investment made and to ensure that the interests of the general public are served by the continuance, by the undertakings of the Company, of the manufacture, production and distribution of goods or articles which are essential to the needs of the economy of the country; AND WHEREAS the Bird and Company Limited is holding shares in the specified companies which are either engaged in the production, distribution or marketing of goods which are vital to the needs of the country or are engaged in providing finance to other companies which are so engaged and it is expedient in the public interest to acquire the said shares to secure for the undertakings of the Company the facilities and advantages derived by reason of such shareholding with respect to the operation and functioning of such undertakings and also to enable the Central Government to exercise, through such shareholdings, such control on the affairs of those companies as may be necessary to prevent their mismanagement;"
123,ACT NO. 69 OF 1980,"THE FOREST (CONSERVATION) ACT, 1980",69,1980,"[27th December, 1980.]",An Act to provide for the conservation of forests and for matters connected therewith or ancillary or incidental thereto.
124,ACT NO. 70 OF 1980,"THE HIND CYCLES LIMITED AND SEN-RALEIGH LIMITED (NATIONALISATION) ACT, 1980",70,1980,"[27th December, 1980.]","An Act to provide for the acquisition of the undertakings of the Hind Cycles Limited, and Sen-Raleigh Limited, with a view to securing the proper management of such undertakings so as to subserve the interests of the general public by ensuring the continued manufacture, production and distribution of bicycles, and their component parts and accessories which are essential to the needs of the economy of the country and for matters connected therewith or incidental thereto. WHEREAS Hind Cycles Limited and Sen-Raleigh Limited had been engaged in the manufacture production of articles mentioned in the First Schedule to the Industries (Development and Regulation) Act, 1951(65 of 1951), namely, bicycle and their component parts and accessories; AND WHEAREAS the management of the undertakings of Hind Cycles Limited and Sen-Raleigh Limited were taken over by the Central Government under the provisions of the Industries (Development and Regulation) Act, 1951(65 of 1951); AND WHEAREAS it is necessary to acquire the undertakings of Hind Cycles Limited and Sen-Raleigh Limited to ensure that the interests of the general public are served by the continuance, by the undertakings of the two companies, of the manufacture, production and distribution of the aforesaid articles which are essential to the needs of the economy of the country;"
125,ACT NO. 28 OF 1981,"THE EXPORT-IMPORT BANK OF INDIA ACT, 1981",28,1981,"[11th September, 1981.]","An Act to establish a corporation to be known as the Export-Import Bank of India for providing financial assistance to exporters and importers, and for functioning as the principal financial institution for co-ordinating the working of institutions engaged in financing export and import of goods and services with a view to promoting the country’s international trade and for matters connected therewith or incidental thereto."
126,ACT NO. 42 OF 1981,"THE MARITIME ZONES OF INDIA (REGULATION OF FISHING BY FOREIGN VESSELS) ACT, 1981",42,1981,"[28th September, 1981.]",An Act to provide for the regulation of fishing by foreign vessels in certain maritime zones of India and for matters connected therewith.
127,ACT NO. 43 OF 1982,"THE GOVERNORS (EMOLUMENTS, ALLOWANCES AND PRIVILEGES) ACT, 1982",43,1982,"[28th August, 1982.]","An Act to determine the emoluments, allowances and privileges of Governors."
128,ACT NO. 27 OF 1983,"THE JUTE MANUFACTURES DEVELOPMENT COUNCIL ACT, 1983",27,1983,"[7th September, 1983.]","An Act to provide for the establishment of a Council for the development of production of jute manufactures by increasing the efficiency and productivity in the jute industry, the financing of activities for such development and for matters connected therewith."
129,ACT NO. 31 OF 1983,"THE EMIGRATION ACT, 1983",31,1983,"[10th September, 1983.]",An Act to consolidate and amend the law relating to emigration of citizens of India.
130,ACT NO. 3 OF 1984,"THE PREVENTION OF DAMAGE TO PUBLIC PROPERTY ACT, 1984",3,1984,"[16th March, 1984.]",An Act to provide for prevention of damage to public property and for matters connected therewith.
131,ACT NO. 17 OF 1984,"THE INCHEK TYRES LIMITED AND NATIONAL RUBBER MANUFACTURERS LIMITED (NATIONALISATION) ACT, 1984",17,1984,"[31st March, 1984.]","An Act to provide for the acquisition and transfer of the undertakings of the Inchek Tyres Limited and the National Rubber Manufacturers Limited, with a view to securing the proper management of such undertakings so as to subserve the interests of the general public by ensuring the continued manufacture, production and distribution of tyres, tubes and other rubber goods which are essential to the needs of the economy of the country and for matters connected therewith or incidental thereto. WHEREAS the Inchek Tyres Limited and the National Rubber Manufacturers Limited had been engaged in the manufacture, production and distribution of articles mentioned in the First Schedule to the Industries (Development and Regulation) Act, 1951 (65 of 1951), namely, tyres, tubes and other rubber goods; AND WHEREAS the management of the undertakings of the Inchek Tyres Limited and the management of the undertakings of the National Rubber Manufacturers Limited were taken over by the Central Government under the provisions of the Industries (Development and Regulation) Act, 1951 (65 of 1951); AND WHEREAS for the purpose of securing the optimum utilisation of the available facilities for the manufacture, production and distribution of tyres, tubes and other rubber goods by the undertakings of the two companies, investment of a large amount is necessary; AND WHEREAS it is necessary to acquire the undertakings of the Inchek tyres Limited and the National Rubber Manufacturers Limited to enable the Central Government to have such investments made and to ensure that the interests of the general public are served by the continuance, by the undertakings of the companies, of the manufacture, production and distribution of the aforesaid articles which are essential to the needs of the economy of the country;"
132,ACT NO. 55 OF 1984,"THE HOOGHLY DOCKING AND ENGINEERING COMPANY LIMITED (ACQUISITION AND TRANSFER OF UNDERTAKINGS) ACT, 1984",55,1984,"[23rd August, 1984.]","An Act to provide for the acquisition and transfer of the undertakings of the Hooghly Docking and Engineering Company Limited with a view to securing the better utilisation of the available infrastructure thereof, to modernise and increase the capacity for ship building and ship repairing so as to reduce the import of ships, vessels and craft and to augment the production of grey iron, non-ferrous and alloy castings by the said undertakings so as to subserve the interests of the general public by ensuring the continued supply of the said articles which are essential to the needs of the economy of the country, and for matters connected therewith and incidental thereto. WHEREAS the Hooghly Docking and Engineering Company Limited is, through its undertakings, engaged in shipbuilding, ship repairing, general engineering and other activities; AND WHEREAS the Company has the capacity and infrastructure to effect an increase in the country’s capacity to manufacture ships and other vessels and craft; AND WHEREAS an increase in the production of such vessels and craft would reduce the need of the country to make imports of such vessels and craft and would thereby enable the country to save foreign exchange; AND WHEREAS the Company is also engaged in the production of grey iron, non-ferrous and alloy castings which are essential to the needs of the economy of the country; AND WHEREAS the Company had been suffering heavy losses for a number of years mainly due to lack of fresh investment and modernisation; AND WHEREAS further investment of substantial sums of money is needed to run and modernise the undertakings of the Company: but in view of the serious adverse financial condition of the Company it is not in a position to secure such investment; AND WHEREAS the liquidation of the Company, by reason of its inability to pay its debts, would prejudicially affect the country’s capacity to manufacture such ships, vessels and craft and would thereby be prejudicial to the public interest; AND WHEREAS in view of the position aforesaid it is necessary to acquire the undertaking of the said Company to enable the Central Government to make necessary investments for securing the proper utilisation of the available facilities for shipbuilding and ship repairing (including the production of vessels and craft) and also for the production of grey iron, non-ferrous and alloy castings which are essential to the needs of the economy of the country;"
133,ACT NO. 2 OF 1985,"THE NATIONAL CAPITAL REGION PLANNING BOARD ACT, 1985",2,1985,"[9th February, 1985.]","An Act to provide for the constitution of a Planning Board for the preparation of a plan for the development of the National Capital Region and for co-ordinating and monitoring the implementation of such plan and for evolving harmonized policies for the control of land-uses and development of infrastructure in the National Capital Region so as to avoid any haphazard development of that region and for matters connected therewith or incidental thereto. WHEREAS it is expedient in the public interest to provide for the constitution of a Planning Board for the preparation of a plan for the development of the National Capital Region and for co-ordinating and monitoring the implementation of such plan and for evolving harmonized policies for the control of land-uses and development of infrastructure in the National Capital Region so as to avoid any haphazard development thereof; AND WHEREAS Parliament has no power to make laws for the States with respect of any of the matters aforesaid, except as provided in articles 249 and 250 of the Constitution; AND WHEREAS in pursuance of the provisions of clause (1) of article 252 of the Constitution, resolutions have been passed by all the Houses of the Legislatures of the States of Haryana, Rajasthan and Uttar Pradesh to the effect that the matters aforesaid should be regulated in those States by Parliament by law;"
134,ACT NO. 50 OF 1985,"THE INDIRA GANDHI NATIONAL OPEN UNIVERSITY ACT, 1985",50,1985,"[2nd September, 1985.]",An Act to establish and incorporate an open University at the national level for the introduction and promotion of the open university and distance education systems in the educational pattern of the country and for the co-ordination and determination of standards in such systems.
135,ACT NO. 53 OF 1985,"THE PONDICHERRY UNIVERSITY ACT, 1985",53,1985,"[4th September, 1985.]",An Act to establish and incorporate a teaching and affiliating University in the Union territory of Pondicherry and to provide for matters connected therewith or incidental thereto.
136,ACT NO. 59 OF 1985,"THE JUDGES (PROTECTION) ACT, 1985",59,1985,"[6th September, 1985.]",An Act for securing additional protection for Judges and others acting Judicially and for matters connected therewith.
137,ACT NO. 61 OF 1985,"THE NARCOTIC DRUGS AND PSYCHOTROPIC SUBSTANCES, ACT, 1985",61,1985,"[16th September, 1985.]","An Act to consolidate and amend the law relating to narcotic drugs, to make stringent provisions for the control and regulation of operations relating to narcotic drugs and psychotropic substances 1[, to provide for the forfeiture of property derived from, or used in, illicit traffic in narcotic drugs and psychotropic substances, to implement the provisions of the International Conventions on Narcotic Drugs and Psychotropic Substances] and for matters connected therewith."
138,ACT NO. 2 OF 1986,"THE AGRICULTURAL AND PROCESSED FOOD PRODUCTS EXPORT DEVELOPMENT AUTHORITY ACT, 1985",2,1986,"[8th January, 1986.]",An Act to provide for the establishment of an Authority for the development and promotion of exports of certain agricultural and processed food products and for matters connected therewith.
139,ACT NO. 10 OF 1986,"THE SPICES BOARD ACT, 1986",10,1986,"[20th March, 1986.]",An Act to provide for the constitution of a Board for the development of export of spices and for the control of cardamom industry including the control of cultivation of cardamom and matters connected therewith.
140,ACT NO. 25 OF 1986,"THE MUSLIM WOMEN (PROTECTION OF RIGHTS ON DIVORCE) ACT, 1986",25,1986,"[19th May, 1986.]","An Act to protect the rights of Muslim women who have been divorced by, or have obtained divorce from, their husbands and to provide for matters connected therewith or incidental thereto."
141,ACT NO. 30 OF 1986,"THE SWADESHI COTTON MILLS COMPANY LIMITED (ACQUISITION AND TRANSFER OF UNDERTAKINGS) ACT, 1986",30,1986,"[30th May, 1986.]","An Act to provide for the acquisition and transfer of certain textile undertakings of the Swadeshi Cotton Mills Company Limited, with a view to securing the proper management of such undertakings so as to subserve the interests of the general public by ensuring the continued manufacture, production and distribution of different varieties of cloth and yarn and thereby to give effect to the policy of the State towards securing the principles specified in clauses (b) and (c) of article 39 of the Constitution and for matters connected therewith or incidental thereto. WHEREAS the Swadeshi Cotton Mills Company Limited has, through its six textile undertakings, been engaged in the manufacture and production of different varieties of cloth and yarn; AND WHEREAS the management of the said textile undertakings was taken over by the Central Government under section 18AA of the Industries (Development and Regulation) Act, 1951(65 of 1951); AND WHEREAS large sums of money have been invested with a view to making the said textile undertakings viable; AND WHEREAS further investment of very large sums of money is necessary for the purpose of securing the optimum utilisation of the available facilities for the manufacture, production and distribution of cloth and yarn by the said textile undertakings of the Company; AND WHEREAS such investment is also necessary for securing the continued employment of the workmen employed in the said textile undertakings; AND WHEREAS it is necessary in the public interest to acquire the said textile undertakings of the Swadeshi Cotton Mills Company Limited to ensure that the interests of the general public are served by the continuance by the said undertakings of the Company of the manufacture, production and distribution of different varieties of cloth and yarn which are vital to the needs of the country; AND WHEREAS such acquisition is for giving effect to the policy of the State towards securing the principles specified in clauses (a) and (b) of article 39 of the Constitution;"
142,ACT NO. 34 OF 1986,"THE STATE OF MIZORAM ACT, 1986",34,1986,"[14th August, 1986.]",An Act to provide for the establishment of the State of Mizoram and for matters connected therewith.
143,ACT NO. 47 OF 1986,"THE NATIONAL SECURITY GUARD ACT, 1986",47,1986,"[22nd September, 1986.]",An Act to provide for the constitution and regulation of an armed force of the Union for combating terrorist activities with a view to protecting States against internal disturbances and for matters connected therewith.
144,ACT NO. 58 OF 1986,"THE DELHI APARTMENT OWNERSHIP ACT, 1986",58,1986,"[23rd December, 1986.]","An Act to provide for the ownership of an individual apartment in a multi-storeyed building and of an undivided interest in the common areas and facilities appurtenant to such apartment and to make such apartment and interest heritable and transferable and for matters connected therewith or incidental thereto. WHEREAS with a view to securing that the ownership and control of the material resources of the community are so distributed as to sub-serve the common good, it is expedient to provide for the ownership of an individual apartment in a multi-storeyed building and of an undivided interest in the common areas and facilities appurtenant to such apartment, and to make such apartment and interest heritable and transferable and to provide for matters connected therewith or incidental thereto;"
145,ACT NO. 60 OF 1986,"THE INDECENT REPRESENTATION OF WOMEN (PROHIBITION) ACT, 1986",60,1986,"[23rd December, 1986.]","An Act to prohibit indecent representation of women through advertisements or in publications, writings, paintings, figures or in any other manner and for matters connected therewith or incidental thereto."
146,ACT NO. 69 OF 1986,"THE STATE OF ARUNACHAL PRADESH ACT, 1986",69,1986,"[24th December, 1986.]",An Act to provide for the establishment of the State of Arunachal Pradesh and for matters connected therewith.
147,ACT NO. 53 OF 1987,"THE NATIONAL HOUSING BANK ACT, 1987",53,1987,"[23rd December, 1987.]",An Act to establish a bank to be known as the National Housing Bank to operate as a principal agency to promote housing finance institutions both at local and regional levels and to provide financial and other support to such institutions and for matters connected therewith or incidental thereto.
148,ACT NO. 18 OF 1987,"THE GOA, DAMAN AND DIU REORGANISATION ACT, 1987",18,1987,"[23rd May, 1987.]","An Act to provide for the reorganisation of the Union territory of Goa, Daman and Diu and for matters connected therewith."
149,ACT NO. 37 OF 1987,"THE NATIONAL DAIRY DEVELOPMENT BOARD ACT, 1987",37,1987,"[15th September, 1987.]","An Act to declare the institution known as the National Dairy Development Board in the State of Gujarat to be an institution of national importance and to provide for its incorporation and for the vesting in that body corporate of the undertakings of the Indian Dairy Corporation with a view to provide for the administration and the carrying on of the functions to be performed by the body corporate more effectively throughout the country and for matters connected therewith and incidental thereto. WHEREAS the National Dairy Development Board, a society formed and registered under the Societies Registration Act, 1860 (21 of 1860) has been serving the country by the adoption of a co-operative strategy, being a strategy evolved at Anand (Gujarat), for the economic development of the rural masses and has been playing a vital role in improving the quality of life of the people through co-operative effort; AND WHEREAS the objects of the National Dairy Development Board are such as to make it an institution of national importance and to constitute it as a body corporate; AND WHEREAS the functions of the Indian Dairy Corporation, a company formed and registered under the Companies Act, 1956 (1 of 1956), and the functions of the National Dairy Development Board are complementary to each other and aimed at achieving common objectives; AND WHEREAS it is necessary that the freedom and flexibility of operation hitherto available to the National Dairy Development Board should continue to be available to it so as to enable it to perform its functions more effectively and to play a wider and increasingly important role in serving the nation; AND WHEREAS it is considered necessary to vest the undertakings of the Indian Dairy Corporation in the National Dairy Development Board and to dissolve the said Corporation with a view to provide for the administration and the carrying on of the functions to be performed by the body corporate more effectively."
150,ACT NO. 39 OF 1987,"THE LEGAL SERVICES AUTHORITIES ACT, 1987",39,1987,"[11th October, 1987.]","An Act to constitute legal services authorities to provide free and competent legal services to the weaker sections of the society to ensure that opportunities for securing justice are not denied to any citizen by reason of economic or other disabilities, and to organize Lok Adalats to secure that the operation of the legal system promotes justice on a basis of equal opportunity."
151,ACT NO. 52 OF 1987,"THE ALL INDIA COUNCIL FOR TECHNICAL EDUCATION ACT, 1987",52,1987,"[23rd December, 1987.]","An Act to provide for the establishment of an All India Council for Technical Education with a view to the proper planning and co-ordinated development of the technical education system throughout the country, the promotion of qualitative improvement of such education in relation to planned quantitative growth and the regulation and proper maintenance of norms and standards in the technical education system and for matters connected therewith."
152,ACT NO. 41 OF 1988,"THE RELIGIOUS INSTITUTIONS (PREVENTION OF MISUSE) ACT, 1988",41,1988,"[1st September, 1988.]",An Act to prevent the misuse of religious institutions for political and other purposes.
153,ACT NO. 54 OF 1988,"THE AUROVILLE FOUNDATION ACT, 1988",54,1988,"[29th September, 1988.]","An Act to provide for the acquisition and transfer of the undertakings of Auroville and to vest such undertakings in a foundation established for the purpose with a view to making long-term arrangements for the better management and further development of Auroville in accordance with its original charter and for matters connected therewith or incidental thereto. WHEREAS Auroville was founded by the „Mother‟ on the 28th day of February, 1968 as an international cultural township; AND WHEREAS in view of the serious difficulties which had arisen with regard to the management of Auroville, the management thereof had been vested in the Central Government for a limited period by the Auroville (Emergency Provisions) Act, 1980 (59 of 1980); AND WHEREAS under the management of the Central Government and under the overall guidance of the International Advisory Council set up under the aforesaid Act, Auroville had been able to develop during the last eight years along several important lines and the residents of Auroville have also carried on activities for the development of Auroville which need further encouragement and consolidation; AND WHEREAS Auroville was developed as a cultural township with the aid of funds received from different organisations in and outside India as also from substantial grants received from the Central and State Governments, and the United Nations Educational Scientific and Cultural Organisation also had, from time to time, reflected in its resolutions that the project on Auroville is contributing to international understanding and promotion of peace; AND WHEREAS for the purpose of encouraging, continuing and consolidating the aforesaid activities of Auroville, it is necessary in the public interest to acquire the undertakings of Auroville and to vest them in a body corporate established for the purpose;"
154,ACT NO. 58 OF 1988,"THE JAMIA MILLIA ISLAMIA ACT, 1988",58,1988,"[8th October, 1988.]","An Act to establish and incorporate a teaching University in the Union territory of Delhi and to provide for matters connected therewith or incidental thereto. WHEREAS it is expedient to establish and incorporate a teaching University at New Delhi, to dissolve the “Jamia Millia Islamia Society, Delhi”, a society registered under the Societies Registration Act, 1860 (21 of 1860) and to transfer to and vest in the said University all properties and rights of the said Society;"
155,ACT NO. 68 OF 1988,"THE NATIONAL HIGHWAYS AUTHORITY OF INDIA ACT, 1988",68,1988,"[16th December, 1988.]","An Act to provide for the constitution of an Authority for the development, maintenance and management of national highways and for matters connected therewith or incidental thereto."
156,ACT NO. 45 OF 1988,"THE PROHIBITION OF BENAMI PROPERTY TRANSACTIONS ACT, 1988",45,1988,"[5th September, 1988.]",An Act to prohibit benami transactions and the right to recover property held benami and for matters connected therewith or incidental thereto.
157,ACT NO. 59 OF 1988,"THE MOTOR VEHICLES ACT, 1988",59,1988,"[14th October, 1988.]",An Act to consolidate and amend the law relating to motor vehicles.
158,ACT NO. 23 OF 1989,"THE ASSAM UNIVERSITY ACT, 1989",23,1989,"[23rd May, 1989.]",An Act to establish and incorporate a teaching and affiliating University in the State of Assam and to provide for matters connected therewith or incidental thereto.
159,ACT NO. 35 OF 1989,"THE NAGALAND UNIVERSITY ACT, 1989",35,1989,"[20th October, 1989.]",An Act to establish and incorporate a teaching and affiliating University in the State of Nagaland and to provide for matters connected therewith or incidental thereto.
160,ACT NO. 39 OF 1989,"THE SMALL INDUSTRIES DEVELOPMENT BANK OF INDIA ACT, 1989",39,1989,"[25th October, 1989.]","An Act to establish the Small Industries Development Bank of India as the principal financial institution for the promotion, financing and development of industry in the small-scale sector and to co-ordinate the functions of the institutions engaged in the promotion, financing or developing industry in the small-scale sector and for matters connected therewith or incidental thereto."
161,ACT NO. 20 OF 1990,"THE NATIONAL COMMISSION FOR WOMEN ACT, 1990",20,1990,"[30th August, 1990.]",An Act to constitute a National Commission for Women and to provide for matters connected therewith or incidental thereto.
162,ACT NO. 1 OF 1992,"THE GOVERNMENT OF NATIONAL CAPITAL TERRITORY OF DELHI ACT, 1991",1,1992,"[2nd January, 1992.]",An Act to supplement the provisions of the Constitution relating to the Legislative Assembly and a Council of Ministers for the National Capital Territory of Delhi and for matters connected therewith or incidental thereto.
163,ACT NO. 19 OF 1992,"THE NATIONAL COMMISSION FOR MINORITIES ACT, 1992",19,1992,"[17th May, 1992.]",An Act to constitute a National Commission for Minorities and to provide for matters connected therewith or incidental thereto.
164,ACT NO. 34 OF 1992,"THE REHABILITATION COUNCIL OF INDIA ACT, 1992",34,1992,"[1st September, 1992.]","An Act to provide for the constitution of the Rehabilitation Council of India for regulating 1[and monitoring the training of rehabilitation professionals and personnel, promoting research in rehabilitation and special education,] the maintenance of a Central Rehabilitation Register and for matters connected therewith or incidental thereto."
165,ACT NO. 40 OF 1992,"THE CENTRAL AGRICULTURAL UNIVERSITY ACT, 1992",40,1992,"[26th December, 1992.]",An Act to provide for the establishment and incorporation of a University for the North-Eastern region for the development of agriculture and for the furtherance of the advancement of learning and prosecution of research in agriculture and allied sciences in that region.
166,ACT NO. 41 OF 1992,"THE INFANT MILK SUBSTITUTES, FEEDING BOTTLES AND INFANT FOODS (REGULATION OF PRODUCTION, SUPPLY AND DISTRIBUTION) ACT, 1992",41,1992,"[29th December, 1992.]","An Act to provide for the regulation of production, supply and distribution of infant milk substitutes, feeding bottles and infant foods with a view to the protection and promotion of breast-feeding and ensuring the proper use of infant foods and for matters connected therewith or incidental thereto."
167,ACT NO. 45 OF 1993,"THE TEZPUR UNIVERSITY ACT, 1993",45,1993,"[1st June, 1993.]",An Act to establish and incorporate a teaching and residential University in the State of Assam at Tezpur and to provide for matters connected therewith or incidental thereto.
168,ACT NO. 46 OF 1993,"THE EMPLOYMENT OF MANUAL SCAVENGERS AND CONSTRUCTION OF DRY LATRINES (PROHIBITION) ACT, 1993",46,1993,"[5th June, 1993.]","An Act to provide for the prohibition of employment of manual scavengers as well as construction or continuance of dry latrines and for the regulation of construction and maintenance of water-seal latrines and for matters connected therewith or incidental thereto. WHEREAS fraternity assuring the dignity of the individual has been enshrined in the Preamble to the Constitution; AND WHEREAS article 47 of the Constitution, inter alia, provides that the State shall regard raising the standard of living of its people and the improvement of public health as among its primary duties; AND WHEREAS the dehumanizing practice of manual scavenging of human excreta still continues in many parts of the country; AND WHEREAS the municipal laws by themselves as a measure for conversion of dry latrines into water-seal latrines and prevention of construction of dry latrines are not stringent enough to eliminate this practice; AND WHEREAS it is necessary to enact a uniform legislation for the whole of India for abolishing manual scavenging by declaring employment of manual scavengers for removal of human excreta an offence and thereby ban the further proliferation of dry latrines in the country; AND WHEREAS it is desirable for eliminating the dehumanising practice of employment of manual scavengers and for protecting and improving the human environment to make it obligatory to convert dry latrines into water-seal latrines or to construct water-seal latrines in new construction; AND WHEREAS Parliament has no power to make laws for the States with respect to the matters aforesaid, except as provided in articles 249 and 250 of the Constitution; AND WHEREAS in pursuance of clause (1) of article 252 of the Constitution, resolutions have been passed by all the Houses of the Legislatures of the States of Andhra Pradesh, Goa, Karnataka, Maharashtra, Tripura and West Bengal that the matters aforesaid should be regulated in those States by Parliament by law;"
169,ACT NO. 64 OF 1993,"THE NATIONAL COMMISSION FOR SAFAI KARAMCHARIS ACT, 1993",64,1993,"[4th September, 1993.]",An Act to constitute a National Commission for Safai Karamcharis and to provide for matters connected therewith or incidental thereto.
170,ACT NO. 73 OF 1993,"THE NATIONAL COUNCIL FOR TEACHER EDUCATION ACT, 1993",73,1993,"[29th December, 1993.]","An Act to provide for the establishment of a National Council for Teacher Education with a view to achieving planned and co-ordinated development of the teacher education system throughout the country, the regulation and proper maintenance of norms and standards in the teacher education system 1[including qualifications of school teachers] and for matters connected therewith."
171,ACT NO. 6 OF 1994,"THE KALAKSHETRA FOUNDATION ACT, 1993",6,1994,"[4th January, 1994.]","An Act to declare Kalakshetra of Madras to be an institution of national importance to provide for the establishment and incorporation of a Foundation for its administration, to make provisions for further development of Kalakshetra in accordance with the aims and objects for which Kalakshetra was founded and for matters connected therewith or incidental thereto."
172,NO. 26 OF 1994,"THE MANIPUR PANCHAYATI RAJ ACT, 1994",26,1994,"[23rd April, 1994.]","An Act to provide for the constitution and organisation of Panchayats as units of local self-Government in the rural areas of Manipur and for matters connected therewith and incidental thereto. WHEREAS it is expedient to reorganise Panchayats in rural areas of Manipur by comprehensive enactment to establish a two-tier Panchayati Raj system in the State with elected bodies at the Gram and District levels, in keeping with the Constitutional provisions relating to Panchayats for greater participation of the people and more effective implementation of rural development programmes."
173,ACT NO. 42 OF 1994,"THE TRANSPLANTATION OF HUMAN ORGANS AND TISSUES ACT, 1994",42,1994,"[8th July, 1994.]","An Act to provide for the regulation of removal, storage and transplantation of 1[human organs and tissues for therapeutic purposes and for the prevention of commercial dealings in human organs and tissues] and for matters connected therewith or incidental thereto. WHEREAS it is expedient to provide for the regulation of removal, storage and transplantation of 2[human organs or tissues or both] for therapeutic purposes and for the prevention of commercial dealings in 2[human organs or tissues or both]; AND WHEREAS in Parliament has no power to make laws for the States with respect to any of the matters aforesaid except as provided in articles 249 and 250 of the Constitution; AND WHEREAS in pursuance of clause (1) of article 252 of the Constitution, resolutions have been passed by all the Houses of the Legislatures of the States of Goa, Himachal Pradesh and Maharashtra to the effect that the matters aforesaid should be regulated in those States by Parliament by law;"
174,ACT NO. 43 OF 1994,"THE MANIPUR MUNICIPALITIES ACT, 1994",43,1994,"[8th July, 1994.]",An Act to provide for constitution and organisation of municipalities in the Urban areas of Manipur and for matters connected therewith and incidental thereto.
175,ACT NO. 44 OF 1994,"THE NEW DELHI MUNICIPAL COUNCIL ACT, 1994",44,1994,"[14th July, 1994.]",An Act to provide for the establishment of the New Delhi Municipal Council and for matters connected therewith or incidental thereto.
176,ACT NO. 57 OF 1994,"THE PRE-CONCEPTION AND PRE-NATAL DIAGNOSTIC TECHNIQUES (PROHIBITION OF SEX SELECTION) ACT, 1994",57,1994,"[20th September, 1994.]","1[An Act to provide for the prohibition of sex selection, before or after conception, and for regulation of pre-natal diagnostic techniques for the purposes of detecting genetic abnormalities or metabolic disorders or chromosomal abnormalities or certain congenital malformations or sex-linked disorders and for the prevention of their misuse for sex determination leading to female foeticide and for matters connected therewith or incidental thereto.]"
177,ACT NO. 58 OF 1994,"THE BABASAHEB BHIMRAO AMBEDKAR UNIVERSITY ACT, 1994",58,1994,"[30th September, 1994.]",An Act to establish and incorporate a teaching and residential University in the State of Uttar Pradesh and to provide for matters connected therewith or incidental thereto.
178,ACT NO. 43 OF 1995,"THE WAQF ACT, 1995",43,1995,"[22nd November, 1995.]",An Act to provide for the better administration of 1[Auqaf] and for matters connected therewith or incidental thereto.
179,ACT NO. 2 OF 1997,"THE MAULANA AZAD NATIONAL URDU UNIVERSITY ACT, 1996",2,1997,"[8th January, 1997.]",An Act to establish and incorporate in University at the national level mainly to promote and develop Urdu language and to import vocational and technical education in Urdu medium through conventional teaching and distance education system and to provide for matters connected therewith or incidental thereto.
180,ACT NO. 3 OF 1997,"THE MAHATMA GANDHI ANTARRASHTRIYA HINDI VISHWAVIDYALAYA ACT, 1996",3,1997,"[8th January, 1997.]","An Act to establish and incorporate a teaching University for the promotion and development of Hindi language and literature, through teaching and research, with a view to enabling Hindi to achieve greater functional efficiency and recognition as a major international language and to provide for matters connected therewith or incidental thereto."
181,ACT NO. 13 OF 1998,"THE NATIONAL INSTITUTE OF PHARMACEUTICAL EDUCATION AND RESEARCH ACT, 1998",13,1998,"[26th June, 1998]",An Act to declare the institution known as the National Institute of Pharmaceutical Education and Research to be an institution of national importance and to provide for its incorporation and matters connected therewith.
182,ACT NO. 44 OF 1999,"THE NATIONAL TRUST FOR WELFARE OF PERSONS WITH AUTISM, CEREBRAL PALSY, MENTAL RETARDATION AND MULTIPLE DISABILITIES ACT, 1999",44,1999,"[30th December, 1999.]","An Act to provide for the constitution of a body at the National level for the Welfare of Persons with Autism, Cerebral Palsy, Mental Retardation and Multiple Disabilities and for matters connected therewith or incidental thereto."
183,ACT No. 8 OF 2000,"THE MIZORAM UNIVERSITY ACT, 2000",8,2000,"[25th April, 2000.]",An Act to establish and incorporate a teaching and affiliating University in the State of Mizoram and to provide for matters connected therewith or incidental thereto.
184,ACT NO. 16 OF 2000,"THE DESIGNS ACT, 2000",16,2000,"[25th May, 2000.]",An Act to consolidate and amend the law relating to protection of designs.
185,ACT NO. 29 OF 2000,"THE UTTAR PRADESH REORGANISATION ACT, 2000",29,2000,"[25th August, 2000.]",An Act to provide for the reorganisation of the existing State of Uttar Pradesh and for matters connected therewith.
186,ACT NO. 30 OF 2000,"THE BIHAR REORGANISATION ACT, 2000",30,2000,"[25th August, 2000.]",An Act to provide for the reorganisation of the existing State of Bihar and for matters connected therewith.
187,ACT NO. 37 OF 2000,"THE SEMICONDUCTOR INTEGRATED CIRCUITS LAYOUT-DESIGN ACT, 2000",37,2000,"[4th September, 2000.]"," WHEREAS the Final Act embodying the results of the Uruguay Round of Multilateral Trade Negotiations done at Marrakesh on the 15th day of April, 1994 provides for establishment of the World Trade Organisation; AND WHEREAS the Agreement on Trade Related Aspects of Intellectual Property Rights is part of the said Final Act; AND WHEREAS the Government of India, having ratified the said Final Act, should, inter alia, make provisions for giving effect to section 6 in Part II of the Agreement on Trade Related Aspects of Intellectual Property Rights relating to Layout-Design (Topographies) of Integrated Circuits."
188,ACT NO. 29 OF 2001,"THE INDIAN COUNCIL OF WORLD AFFAIRS ACT, 2001",29,2001,"[3rd September, 2001.]",An Act to declare the Indian Council of World Affairs to be an institution of national importance and to provide for its incorporation and matters connected therewith.
189,ACT NO. 45 OF 2001,"THE ADVOCATES’ WELFARE FUND ACT, 2001",45,2001,"[14th, September, 2001.]",An Act to provide for the constitution of a welfare fund for the benefit of advocates and for matters connected therewith or incidental thereto.
190,ACT NO. 52 OF 2001,"THE ENERGY CONSERVATION ACT, 2001",52,2001,"[29th September, 2001.]",An Act to provide for efficient use of energy and its conservation and for matters connected therewith or incidental thereto.
191,ACT NO. 53 OF 2001,"THE PROTECTION OF PLANT VARIETIES AND FARMERS’ RIGHTS ACT, 2001",53,2001,"[30th October, 2001.]","An Act to provide for the establishment of an effective system for protection of plant varieties, the rights of farmers and plant breeders and to encourage the development of new varieties of plants. WHEREAS it is considered necessary to recognise and protect the rights of the farmers in respect of their contribution made at any time in conserving, improving and making available plant genetic resources for the development of new plant varieties; AND WHEREAS for accelerated agricultural development in the country, it is necessary to protect plant breeders' rights to stimulate investment for research and development, both in the public and private sector, for the development of new plant varieties; AND WHEREAS such protection will facilitate the growth of the seed industry in the country which will ensure the availability of high quality seeds and planting material to the farmers; AND WHEREAS, to give effect to the aforesaid objectives, it is necessary to undertake measures for the protection of the rights of farmers and plant breeders; AND WHEREAS India, having ratified the Agreement on Trade Related Aspects of Intellectual Property Rights should, inter alia, make provision for giving effect to sub-paragraph (b) of paragraph 3 of article 27 in Part II of the said Agreement relating to protection of plant varieties."
192,ACT NO. 33 OF 2002,"THE DELIMITATION ACT, 2002",33,2002,"[3rd June, 2002.]","An Act to provide for the readjustment of the allocation of seats in the House of the People to the States, the total number of seats in the Legislative Assembly of each State, the division of each State and each Union territory having a Legislative Assembly into territorial constituencies for elections to the House of the People and Legislative Assemblies of the States and Union territories and for matters connected therewith."
193,ACT NO. 35 OF 2002,"THE HAJ COMMITTEE ACT, 2002",35,2002,"[11th June, 2002.]","An Act to establish a Haj Committee of India and State Haj Committees for making arrangements for the pilgrimage of Muslims for Haj, and for matters connected therewith."
194,ACT NO. 39 OF 2002,"THE MULTI-STATE CO-OPERATIVE SOCIETIES ACT, 2002",39,2002,"[3rd July, 2002.]","An Act to consolidate and amend the law relating to co-operative societies, with objects not confined to one State and serving the interests of members in more than one State, to facilitate the voluntary formation and democratic functioning of co-operative s as people’s institutions based on self-help and mutual aid and to enable them to promote their economic and social betterment and to provide functional autonomy and for matters connected therewith or incidental thereto."
195,ACT 58 OF 2002,"THE UNIT TRUST OF INDIA (TRANSFER OF UNDERTAKING AND REPEAL) ACT, 2002",,2002,"[17th December, 2002.]","An Act to provide for the transfer and vesting of the undertaking (excluding the specified undertaking) of the Unit Trust of India to the specified company to be formed and registered under the Companies Act, 1956, and the transfer and vesting of the specified undertaking of the Unit Trust of India in the Administrator and for matters connected therewith or incidental thereto and also to repeal the Unit Trust of India Act, 1963."
196,ACT NO. 17 OF 2003,"THE OFFSHORE AREAS MINERAL (DEVELOPMENT AND REGULATION) ACT, 2002",17,2003,"[30th January, 2003.]","An Act to provide for development and regulation of mineral resources in the territorial waters, continental shelf, exclusive economic zone and other maritime zones of India and to provide for matters connected therewith or incidental thereto."
197,ACT NO. 18 OF 2003,"THE BIOLOGICAL DIVERSITY ACT, 2002",18,2003,"[5th February, 2003.]","An Act to provide for conservation of biological diversity, sustainable use of its components and fair and equitable sharing of the benefits arising out of the use of biological resources, knowledge and for matters connected therewith or incidental thereto. WHEREAS India is rich in biological diversity and associated traditional and contemporary knowledge system relating thereto. AND WHEREAS India is a party to the United Nations Convention on Biological Diversity signed at Rio de Janeiro on the 5th day of June, 1992; AND WHEREAS the said Convention came into force on the 29th December, 1993; AND WHEREAS the said Convention reaffirms the sovereign rights of the States over their biological resources; AND WHEREAS the said Convention has the main objective of conservation of biological diversity, sustainable use of its components and fair and equitable sharing of the benefits arising out of utilisation of genetic resources; AND WHEREAS it is considered necessary to provide for conservation, sustainable utilisation and equitable sharing of the benefits arising out of utilisation of genetic resources and also to give effect to the said Convention."
198,ACT NO. 45 OF 2003,"THE CENTRAL VIGILANCE COMMISSION ACT, 2003",45,2003,"[11th September, 2003.]","An Act to provide for the constitution of a Central Vigilance Commission to inquire or cause inquiries to be conducted into offences alleged to have been committed under the Prevention of Corruption Act, 1988 by certain categories of public servants of the Central Government, corporations established by or under any Central Act, Government companies, societies and local authorities owned or controlled by the Central Government and for matters connected therewith or incidental thereto."
199,ACT NO. 2 OF 2005,"THE NATIONAL COMMISSION FOR MINORITY EDUCATIONAL INSTITUTIONS ACT, 2004",2,2005,"[6th January, 2005.]",An Act to constitute a National Commission for Minority Educational Institutions and to provide for matters connected therewith or incidental thereto.
200,ACT NO. 21 OF 2005,"THE WEAPONS OF MASS DESTRUCTION AND THEIR DELIVERY SYSTEMS (PROHIBITION OF UNLAWFUL ACTIVITIES) ACT, 2005",21,2005,"[6th June, 2005.]","An Act to prohibit unlawful activities, in relation to weapons of mass destruction and their delivery systems and for matters connected therewith or incidental thereto. WHEREAS India is determined to safeguard its national security as a Nuclear Weapon State; AND WHEREAS India is committed not to transfer nuclear weapons or other nuclear explosive devices, or to transfer control over such weapons or explosive devices, and not in any way to assist, encourage, or induce any other country to manufacture nuclear weapons or other nuclear explosive devices; AND WHEREAS India is committed to prevent a non-State actor and a terrorist from acquiring weapons of mass destruction and their delivery systems; AND WHEREAS India is committed to the objective of global nuclear disarmament; AND WHEREAS India is committed to its obligations as a State Party to the Convention on the Prohibition of the Development, Production, Stockpiling and Use of Chemical Weapons and on their Destruction and the Convention on the Prohibition of the Development, Production and Stockpiling of Bacteriological (Biological) and Toxin Weapons and on their Destruction; AND WHEREAS India is exercising controls over the export of chemicals, organisms, materials, equipment and technologies in relation to weapons of mass destruction and their delivery systems under other relevant Acts; AND WHEREAS it is considered necessary to provide for integrated legal measures to exercise controls over the export of materials, equipment and technologies and to prohibit unlawful activities in relation to weapons of mass destruction and their means of delivery."
201,ACT NO. 22 OF 2005,"THE RIGHT TO INFORMATION ACT, 2005",22,2005,"[15th June, 2005.]","An Act to provide for setting out the practical regime of right to information for citizens to secure access to information under the control of public authorities, in order to promote transparency and accountability in the working of every public authority, the constitution of a Central Information Commission and State Information Commissions and for matters connected therewith or incidental thereto. WHEREAS the Constitution of India has established democratic Republic; AND WHEREAS democracy requires an informed citizenry and transparency of information which are vital to its functioning and also to contain corruption and to hold Governments are their instrumentalities accountable to the governed; AND WHEREAS revelation of information in actual practice is likely to conflict with other public interests including efficient operations of the Governments, optimum use of limited fiscal resources and the preservation of confidentiality of sensitive information; AND WHEREAS it is necessary to harmonise these conflicting interests while preserving the paramountcy of the democratic ideal; Now, THEREFORE, it is expendient to provide for furnishing certain information to citizens who desire to have it."
202,ACT NO. 24 OF 2005,"THE COASTAL AQUACULTURE AUTHORITY ACT, 2005",24,2005,"[23rd June, 2005.]",An Act to provide for the establishment of a Coastal Aquaculture Authority for regulating the activities connected with coastal aquaculture in the coastal areas and for matters connected therewith or incidental thereto.
203,ACT NO. 26 OF 2005,"THE UNIVERSITY OF ALLAHABAD ACT, 2005",26,2005,"[23rd June, 2005.]",An Act to declare the University of Allahabad to be an institution of national importance and to provide for its incorporation and matters connected therewith or incidental thereto.
204,ACT NO. 29 OF 2005,"THE PRIVATE SECURITY AGENCIES (REGULATION) ACT, 2005",29,2005,"[23rd June, 2005.]",An Act to provide for the regulation of private security agencies and for matters connected therewith or incidental thereto.
205,ACT NO. 30 OF 2005,"THE CREDIT INFORMATION COMPANIES (REGULATION) ACT, 2005",30,2005,"[23rd June, 2005.]",An Act to provide for regulation of credit information companies and to facilitate efficient distribution of credit and for matters connected therewith or incidental thereto.
206,ACT NO. 43 OF 2005,"THE PROTECTION OF WOMEN FROM DOMESTIC VIOLENCE ACT, 2005",43,2005,"[13th September, 2005.]",An Act to provide for more effective protection of the rights of women guaranteed under the Constitution who are victims of violence of any kind occurring within the family and formatters connected therewith or incidental thereto.
207,ACT NO. 53 OF 2005,"THE DISASTER MANAGEMENT ACT, 2005",53,2005,"[23rd December, 2005.]",An Act to provide for the effective management of disasters and for matters connected therewith or incidental thereto.
208,ACT NO. 54 OF 2005,"THE MANIPUR UNIVERSITY ACT, 2005",54,2005,"[28th December, 2005.]",An Act to establish and incorporate a teaching and affiliating University in the State of Manipur and to provide for matters connected therewith or incidental thereto.
209,ACT NO. 4 OF 2006,"THE COMMISSIONS FOR PROTECTION OF CHILD RIGHTS ACT, 2005",4,2006,"[20th January, 2006.]","An Act to provide for the constitution of a National Commission and State Commissions for Protection of Child Rights and Children's Courts for providing speedy trial of offences against children or of violation of child rights and for matters connected therewith or incidental thereto. WHEREAS India participated in the United Nations (UN) General Assembly Summit in1990, which adopted a Declaration on Survival, Protection and Development of Children; AND WHEREAS India has also acceded to the Convention on the Rights of the Child (CRC) on the 11th December, 1992; AND WHEREAS CRC is an international treaty that makes it incumbent upon the signatory States to take all necessary steps to protect children's rights enumerated in the Convention; AND WHEREAS in order to ensure protection of rights of children one of the recent initiatives that the Government have taken for Children is the adoption of National Charter for Children, 2003; AND WHEREAS the UN General Assembly Special Session on Children held in May, 2002 adopted an Outcome Document titled “A World Fit for Children” containing the goals, objectives, strategies and activities to be undertaken by the member countries for the current decade; AND WHEREAS it is expedient to enact a law relating to children to give effect to the policies adopted by the Government in this regard, standards prescribed in the CRC, and all other relevant international instruments;"
210,ACT NO. 19 OF 2006,"THE PETROLEUM AND NATURAL GAS REGULATORY BOARD ACT, 2006",19,2006,"[31st March, 2006.]","An Act to provide for the establishment of Petroleum and Natural Gas Regulatory Board to regulate the refining, processing, storage, transportation, distribution, marketing and sale of petroleum, petroleum products and natural gas excluding production of crude oil and natural gas so as to protect the interests of consumers and entities engaged in specified activities relating to petroleum, petroleum products and natural gas and to ensure uninterrupted and adequate supply of petroleum, petroleum products and natural gas in all parts of the country and to promote competitive markets and for matters connected therewith or incidental thereto."
211,ACT NO. 28 OF 2006,"THE NATIONAL INSTITUTE OF FASHION TECHNOLOGY ACT, 2006",28,2006,"[13th July, 2006.]",An Act to establish and incorporate the National Institute of Fashion Technology for the promotion and development of education and research in fashion technology and for matters connected therewith and incidental thereto.
212,ACT NO. 35 OF 2006,"THE ACTUARIES ACT, 2006",35,2006,"[27th August, 2006.]",An Act to provide for regulating and developing the profession of Actuaries and for matters connected therewith or incidental thereto.
213,ACT NO. 41 OF 2006,"THE CANTONMENTS ACT, 2006",41,2006,"[13th September, 2006.]","An Act to consolidate and amend the law relating to the administration of cantonments with a view to impart greater democratisation, improvement of their financial base to make provisions for developmental activities and for matters connected therewith or incidental thereto."
214,ACT NO. 47 OF 2006,"THE ASSAM RIFLES ACT, 2006",47,2006,"[3rd November, 2006.]","An Act to consolidate and amend the law relating to the governance of the Assam Rifles, an Armed Force of the Union for ensuring the security of the borders of India, to carry out Counter Insurgency Operations in the specified areas and to act in aid of civil authorities for the maintenance of the law and order and for matters connected therewith."
215,ACT NO. 2 OF 2007,"THE SCHEDULED TRIBES AND OTHER TRADITIONAL FOREST DWELLERS (RECOGNITION OF FOREST RIGHTS) ACT, 2006",2,2006,"[29th December, 2006.]","An Act to recognise and vest the forest rights and occupation in forest land in forest dwelling Scheduled Tribes and other traditional forest dwellers who have been residing in such forests for generations but whose rights could not be recorded; to provide for a framework for recording the forest rights so vested and the nature of evidence required for such recognition and vesting in respect of forest land. WHEREAS the recognised rights of the forest dwelling Scheduled Tribes and other traditional forest dwellers include the responsibilities and authority for sustainable use, conservation of biodiversity and maintenance of ecological balance and thereby strengthening the conservation regime of the forests while ensuring livelihood and food security of the forest dwelling Scheduled Tribes and other traditional forest dwellers; AND WHEREAS the forest rights on ancestral lands and their habitat were not adequately recognised in the consolidation of State forests during the colonial period as well as in independent India resulting in historical injustice to the forest dwelling Scheduled Tribes and other traditional forest dwellers who are integral to the very survival and sustainability of the forest ecosystem; AND WHEREAS it has become necessary to address the long standing insecurity of tenurial and access rights of forest dwelling Scheduled Tribes and other traditional forest dwellers including those who were forced to relocate their dwelling due to State development interventions."
216,ACT NO. 8 OF 2007,"THE RAJIV GANDHI UNIVERSITY ACT, 2006",8,2007,"[10th January, 2007.]",An Act to establish and incorporate a teaching and affiliating University in the State of Arunachal Pradesh and to provide for matters connected therewith or incidental thereto.
217,ACT NO. 9 OF 2007,"THE TRIPURA UNIVERSITY ACT, 2006",9,2007,"[10th January, 2007.]",An Act to establish and incorporate a teaching and affiliating University in the State of Tripura and to provide for matters connected therewith or incidental thereto.
218,ACT NO. 10 OF 2007,"THE SIKKIM UNIVERSITY ACT, 2006",10,2007,"[10th January, 2007.]",An Act to establish and incorporate a teaching and affiliating University in the State of Sikkim and to provide for matters connected therewith or incidental thereto.
219,ACT NO. 52 OF 2007,"THE INDIRA GANDHI NATIONAL TRIBAL UNIVERSITY ACT, 2007",52,2007,"[20th December, 2007.]",An Act to establish and incorporate a teaching and affiliating University at Amarkantak in the State of Madhya Pradesh to facilitate and promote avenues of higher education and research facilities for the tribal population in India and to provide for matters connected therewith or incidental thereto.
220,ACT NO. 54 OF 2007,"THE RAJIV GANDHI INSTITUTE OF PETROLEUM TECHNOLOGY ACT, 2007",54,2007,"[20th December, 2007.]",An Act to declare the institution known as the Rajiv Gandhi Institute of Petroleum Technology to be an institution of national importance and to provide for its incorporation and for matters connected therewith.
221,ACT NO. 56 OF 2007,"THE MAINTENANCE AND WELFARE OF PARENTS AND SENIOR CITIZENS ACT, 2007",56,2007,"[29 December, 2007.]",An Act to provide for more effective provisions for the maintenance and welfare of parents and senior citizens guaranteed and recognised under the Constitution and for matters connected therewith or incidental thereto.
222,ACT NO. 19 OF 2008,"THE JAWAHARLAL INSTITUTE OF POST-GRADUATE MEDICAL EDUCATION AND RESEARCH, PUDUCHERRY ACT, 2008",19,2008,"[16th May, 2008.]","An Act to declare the Institution known as the Jawaharlal Institute of Post-Graduate Medical Education and Research, Puducherry, to be an institution of national importance and to provide for its incorporation and matters connected therewith."
223,ACT NO. 22 OF 2008,"THE INDIAN MARITIME UNIVERSITY ACT, 2008",22,2008,"[11th November, 2008.]","An Act to establish and incorporate a teaching and affiliating University at the national level to facilitate and promote maritime studies and research and to achieve excellence in areas of marine science and technology, marine environment and other related fields, and to provide for matters connected therewith or incidental thereto."
224,ACT NO. 4 OF 2009,"THE GRAM NYAYALAYAS ACT, 2008",4,2009,"[7th January, 2009.]","An Act to provide for the establishment of Gram Nyayalayas at the grass roots level for the purposes of providing access to justice to the citizens at their doorsteps and to ensure that opportunities for securing justice are not denied to any citizen by reason of social, economic or other disabilities and for matters connected therewith or incidental thereto."
225,ACT NO. 8 OF 2009,"THE SOUTH ASIAN UNIVERSITY ACT, 2008",8,2009,"[11th January, 2009.]","An Act to give effect to the Agreement for the establishment of South Asian University and for matters connected therewith or incidental thereto. WHEREAS an Agreement for the establishment of the South Asian University was signed on behalf of the respective Governments of the Member States of the South Asian Association for Regional Co-operation (SAARC) on the 4th day of April, 2007; AND WHEREAS Article 1 of the said Agreement provides that the main campus of the University shall be located in India, therefore, it is expedient to make provisions for giving effect to the said Agreement;"
226,ACT NO. 12 OF 2009,"THE NATIONAL JUTE BOARD ACT, 2008",12,2009,[12th February 2009.],"An Act to provide for the establishment of a National Jute Board for the development of the cultivation, manufacture and marketing of jute and jute products and for matters connected therewith and incidental thereto."
227,ACT NO. 35 OF 2009,"THE RIGHT OF CHILDREN TO FREE AND COMPULSORY EDUCATION ACT, 2009",35,2009,"[26th August, 2009.]",An Act to provide for free and compulsory education to all children of the age of six to fourteen years.
228,ACT NO. 1 OF 2010,"THE LEGAL METROLOGY ACT, 2009",1,2010,"[13th January, 2010.]","An Act to establish and enforce standards of weights and measures, regulate trade and commerce in weights, measures and other goods which are sold or distributed by weight, measure or number and for matters connected therewith or incidental thereto."
229,ACT NO. 31 OF 2010,"THE LAND PORTS AUTHORITY OF INDIA ACT, 2010",31,2010,"[31st August, 2010.]",An Act to provide for the establishment of the Land Ports Authority of India to put in place systems which address security imperatives and for the development and management of facilities for cross border movement of passengers and goods at designated points along the international borders of India and for matters connected therewith or incidental thereto.
230,ACT NO. 38 OF 2010,"THE CIVIL LIABILITY FOR NUCLEAR DAMAGE ACT, 2010",38,2010,"[21st September, 2010.]","An Act to provide for civil liability for nuclear damage and prompt compensation to the victims of a nuclear incident through a no-fault liability regime channeling liability to the operator, appointment of Claims Commissioner, establishment of Nuclear Damage Claims Commission and for matters connected therewith or incidental thereto."
231,ACT NO. 39 OF 2010,"THE NALANDA UNIVERSITY ACT, 2010",39,2010,"[21st September, 2010.]","An Act to implement the decisions arrived at the Second East Asia Summit held on the 15th January, 2007, at Philippines and subsequently at the Fourth East Asia Summit held on the 25th October, 2009, at Thailand for the establishment of the Nalanda University in the State of Bihar as an international institution for pursuit of intellectual, philosophical, historical and spiritual studies and for matters connected therewith or incidental thereto. WHEREAS, the Second East Asia Summit held on the15th January, 2007 in the city of Cebu, Republic of Philippines, agreed to strengthen regional educational co-operation by tapping the East Asia Region’s centres of excellence in education and for the revival of the Nalanda University located in the State of Bihar to improve regional understanding and the appreciation of one another’s heritage and history; AND WHEREAS, the Fourth East Asia Summit held on the 25th October, 2009 in Hua Hin, Thailand, supported the establishment of the Nalanda University and encouraged the networking and collaboration between the proposed Nalanda University and existing centres of excellence in the East Asia Summit so as to participating countries to build a community of learning where students, scholars, researchers and academicians can work together symbolising the spirituality that unites all mankind; AND WHEREAS, it is considered expedient to make provision for implementing the decisions arrived at in the aforesaid East Asia Summits for establishment of the Nalanda University in the State of Bihar and declare it to be an institution of national importance."
232,ACT NO. 42 OF 2010,"THE FOREIGN CONTRIBUTION (REGULATION) ACT, 2010",42,2010,"[26th September, 2010.]",An Act to consolidate the law to regulate the acceptance and utilisation of foreign contribution or foreign hospitality by certain individuals or associations or companies and to prohibit acceptance and utilisation of foreign contribution or foreign hospitality for any activities detrimental to the national interest and for matters connected therewith or incidental thereto.
233,ACT NO. 11 OF 2011,"THE COINAGE ACT, 2011",11,2011,"[1st September, 2011.]","An Act to consolidate the laws relating to coinage and the Mints, the protection of coinage and to provide for the prohibition of melting or destruction of coins and prohibit the making or the possession thereof for issue and for matters connected therewith or incidental thereto."
234,ACT NO. 12 OF 2012,"THE FACTORING REGULATION ACT, 2011",12,2012,"[22nd January, 2012.]",An Act to provide for and regulate assignment of receivables by making provision for registration there for and rights and obligations of parties to contract for assignment of receivables and for matters connected therewith or incidental thereto.
235,ACT NO. 32 OF 2012,"THE PROTECTION OF CHILDREN FROM SEXUAL OFFENCES ACT, 2012",32,2012,"[19th June, 2012.]","An Act to protect children from offences of sexual assault, sexual harassment and pornography and provide for establishment of Special Courts for trial of such offences and for matters connected therewith or incidental thereto. WHEREAS clause (3) of article 15 of the Constitution, inter alia, empowers the State to make special provisions for children; AND WHEREAS, the Government of India has acceded on the 11th December, 1992 to the Convention on the Rights of the Child, adopted by the General Assembly of the United Nations, which has prescribed a set of standards to be followed by all State parties in securing the best interests of the child; AND WHEREAS it is necessary for the proper development of the child that his or her right to privacy and confidentiality be protected and respected by every person by all means and through all stages of a judicial process involving the child; AND WHEREAS it is imperative that the law operates in a manner that the best interest and well being of the child are regarded as being of paramount importance at every stage, to ensure the healthy physical, emotional, intellectual and social development of the child;  AND WHEREAS sexual exploitation and sexual abuse of children are heinous crimes and need to be effectively addressed."
236,ACT NO. 35 OF 2012,"THE RAJIV GANDHI NATIONAL INSTITUTE OF YOUTH DEVELOPMENT ACT, 2012",35,2012,"[30th August, 2012.]","An Act to declare the institution known as the Rajiv Gandhi National Institute of Youth Development, to be an institution of national importance and to provide for its incorporation and for matters connected therewith or incidental thereto."
237,ACT NO. 38 OF 2012,"THE NATIONAL INSTITUTE OF MENTAL HEALTH AND NEURO-SCIENCES, BANGALORE ACT, 2012",38,2012,"[13th September, 2012.]","An Act to declare the institution known as the National Institute of Mental Health and Neuro- Sciences, Bangalore, to be an institution of national importance and to provide for its incorporation and for matters connected therewith."
238,ACT NO. 14 OF 2013,"THE SEXUAL HARASSMENT OF WOMEN AT WORKPLACE (PREVENTION, PROHIBITION AND REDRESSAL) ACT, 2013",14,2013,"[22nd April, 2013]","An Act to provide protection against sexual harassment of women at workplace and for the prevention and redressal of complaints of sexual harassment and for matters connected therewith or incidental thereto. WHEREAS sexual harassment results in violation of the fundamental rights of a woman to equality under articles 14 and 15 of the Constitution of India and her right to life and to live with dignity under article 21 of the Constitution and right to practice any profession or to carry on any occupation, trade or business with includes a right to a safe environment free from sexual harassment; AND WHEREAS the protection against sexual harassment and the right to work with dignity are universally recognised human rights by international conventions and instruments such as Convention on the Elimination of all Forms of Discrimination against Women, which has been ratified on the 25th June, 1993 by the Government of India; AND WHEREAS it is expedient to make provisions for giving effect to the said Convention for protection of women against sexual harassment at workplace."
239,ACT NO. 20 OF 2013,"THE NATIONAL FOOD SECURITY ACT, 2013",20,2013,"[10th September, 2013.]","An Act to provide for food and nutritional security in human life cycle approach, by ensuring access to adequate quantity of quality food at affordable prices to people to live a life with dignity and for matters connected therewith or incidental thereto."
240,ACT NO. 23 OF 2013,"THE PENSION FUND REGULATORY AND DEVELOPMENT AUTHORITY ACT, 2013",23,2013,"[18th September, 2013.]","An Act to provide for the establishment of an Authority to promote old age income security by establishing, developing and regulating pension funds, to protect the interests of subscribers to schemes of pension funds and for matters connected therewith or incidental thereto."
241,ACT NO. 25 OF 2013,"THE PROHIBITION OF EMPLOYMENT AS MANUAL SCAVENGERS AND THEIR REHABILITATION ACT, 2013",25,2013,"[18th September, 2013.]","An Act to provide for the prohibition of employment as manual scavengers, rehabilitation of manual scavengers and their families, and for matters connected therewith or incidental thereto. WHEREAS promoting among the citizens fraternity assuring the dignity of the individual is enshrined as one of the goals in the Preamble to the Constitution; AND WHEREAS the right to live with dignity is also implicit in the Fundamental Rights guaranteed in Part III of the Constitution; AND WHEREAS article 46 of the Constitution, inter alia, provides that the State shall protect the weaker sections, and, particularly, the Scheduled Castes and the Scheduled Tribes from social injustice and all forms of exploitation; AND WHEREAS the dehumanising practice of manual scavenging, arising from the continuing existence of insanitary latrines and a highly iniquitous caste system, still persists in various parts of the country, and the existing laws have not proved adequate in eliminating the twin evils of insanitary latrines and manual scavenging; AND WHEREAS it is necessary to correct the historical injustice and indignity suffered by the manual scavengers, and to rehabilitate them to a life of dignity."
242,ACT NO. 26 OF 2013,"THE RAJIV GANDHI NATIONAL AVIATION UNIVERSITY ACT, 2013",26,2013,"[18th September, 2013.]","An Act to establish and incorporate a national aviation University to facilitate and promote aviation studies and research to achieve excellence in areas of aviation management, policy, science and technology, aviation environment, training in governing fields of safety and security regulations on aviation and other related fields to produce quality human resources to cater to the needs of the aviation sector and to provide for matters connected therewith or incidental thereto."
243,ACT NO. 1 OF 2014,"THE LOKPAL AND LOKAYUKTAS ACT, 2013",1,2014,"[1st January, 2014.]","An Act to provide for the establishment of a body of Lokpal for the Union and Lokayukta for States to inquire into allegations of corruption against certain public functionaries and for matters connected therewith or incidental thereto. WHEREAS the Constitution of India established a Democratic Republic to ensure justice for all; AND WHEREAS India has ratified the United Nations Convention Against Corruption; AND WHEREAS the Government's commitment to clean and responsive governance has to be reflected in effective bodies to contain and punish acts of corruption; NOW, THEREFORE, it is expedient to enact a law, for more effective implementation of the said Convention and to provide for prompt and fair investigation and prosecution in cases of Corruption."
244,ACT NO. 6 OF 2014,"THE ANDHRA PRADESH REORGANISATION ACT, 2014",6,2014,"[1st March, 2014.]",An Act to provide for the reorganisation of the existing State of Andhra Pradesh and for matters connected therewith.
245,ACT NO. 10 OF 2014,"THE RANI LAKSHMI BAI CENTRAL AGRICULTURAL UNIVERSITY ACT, 2014",10,2014,"[4th March, 2014.]",An Act to provide for the establishment and incorporation of a University in the Bundelkhand region for the development of agriculture and for the furtherance of the advancement of learning and pursuit of research in agriculture and allied sciences and declare it to be an institution of national importance.
246,ACT NO. 37 OF 2014,"THE SCHOOL OF PLANNING AND ARCHITECTURE ACT, 2014",37,2014,"[18th December, 2014.]",An Act to establish and declare Schools of Planning and Architecture as Institutions of national importance in order to promote education and research in architectural studies including planning of human settlements.
247,ACT NO. 2 OF 2016,"THE JUVENILE JUSTICE (CARE AND PROTECTION OF CHILDREN) ACT, 2015",2,2015,"[31st December, 2015.]","An Act to consolidate and amend the law relating to children alleged and found to be in conflict with law and children in need of care and protection by catering to their basic needs through proper care, protection, development, treatment, social re-integration, by adopting a child-friendly approach in the adjudication and disposal of matters in the best interest of children and for their rehabilitation through processes provided, and institutions and bodies established, herein under and for matters connected therewith or incidental thereto. WHEREAS, the provisions of the Constitution confer powers and impose duties, under clause (3) of article 15, clauses (e) and (f) of article 39, article 45 and article 47, on the State to ensure that all the needs of children are met and that their basic human rights are fully protected; AND WHEREAS, the Government of India has acceded on the 11th December, 1992 to the Convention on the Rights of the Child, adopted by the General Assembly of United Nations, which has prescribed a set of standards to be adhered to by all State parties in securing the best interest of the child; AND WHEREAS, it is expedient to re-enact the Juvenile Justice (Care and Protection of Children) Act, 2000 (56 of 2000) to make comprehensive provisions for children alleged and found to be in conflict with law and children in need of care and protection, taking into consideration the standards prescribed in the Convention on the Rights of the Child, the United Nations Standard Minimum Rules for the Administration of Juvenile Justice, 1985 (the Beijing Rules), the United Nations Rules for the Protection of Juveniles Deprived of their Liberty (1990), the Hague Convention on Protection of Children and Co-operation in Respect of Inter-country Adoption (1993), and other related international instruments."
248,ACT NO. 4 OF 2016,"THE COMMERCIAL COURTS ACT, 2015",4,2015,"[31st December, 2015.]","An Act to provide for the constitution of Commercial Courts, 1[Commercial Appellate Courts,] Commercial Division and Commercial Appellate Division in the High Courts for adjudicating commercial disputes of specified value and matters connected therewith or incidental thereto."
249,ACT NO. 18 OF 2016,"THE AADHAAR (TARGETED DELIVERY OF FINANCIAL AND OTHER SUBSIDIES, BENEFITS AND SERVICES) ACT, 2016",18,2016,"[25th March, 2016.]","An Act to provide for, as a good governance, efficient, transparent, and targeted delivery of subsidies, benefits and services, the expenditure for which is incurred from the Consolidated Fund of India, 1[or the Consolidated Fund of the State] to individuals residing in India through assigning of unique identity numbers to such individuals and for matters connected therewith or incidental thereto."
250,ACT NO. 32 OF 2016,"THE DR. RAJENDRA PRASAD CENTRAL AGRICULTURAL UNIVERSITY ACT, 2016",32,2016,"[28th May, 2016.]","An Act to provide for the establishment and incorporation of a University by conversion of the existing Rajendra Agricultural University, Pusa, Bihar to Dr. Rajendra Prasad Central Agricultural University for the development of agriculture and for the furtherance of the advancement of learning and pursuit of research in agriculture and allied sciences and to declare it to be an institution of national importance."
251,ACT NO. 36 OF 2016,"THE REGIONAL CENTRE FOR BIOTECHNOLOGY ACT, 2016",36,2016,"[29th July, 2016.]","An Act to provide for the establishment of an institution of national importance to be known as Regional Centre for Biotechnology and to provide for matters connected therewith or incidental thereto. WHEREAS an agreement for the establishment and operation of the Regional Centre for Biotechnology Training and Education in India was entered into between the Government of India and the United Nations Educational, Scientific and Cultural Organisation on the 14th day of July, 2006; AND WHEREAS in pursuance of the said agreement, the Central Government through an executive order dated the 20th April, 2009, established the Regional Centre for Biotechnology Training and Education at Faridabad, Haryana; AND WHEREAS it is expedient to make provisions for strengthening and to make the Regional Centre for Biotechnology an institution of national importance for imparting education, training and conducting research in the areas of Biotechnology and related multi disciplinary areas."
252,ACT NO. 19 OF 1838,"THE COASTING-VESSELS ACT, 1838",19,1838,"[27th August, 1838.]",
253,ACT NO. 18 OF 1850,"THE JUDICIAL OFFICERS PROTECTION ACT, 1850",18,1850,"[4th April, 1850.]",An Act for the protection of Judicial Officers. Preamble.—For the greater protection of Magistrates and others acting judicially
254,ACT NO. 8 OF 1851,"THE INDIAN TOLLS ACT, 1851",8,1851,"[4th July, 1851.]",An Act for enabling Government to levy Tolls on Public Roads and Bridges. Preamble.—WHEREAS it is expedient to enable Government to levy tolls upon roads and bridges
255,ACTNO. 12 OF 1855,"THE LEGAL REPRESENTATIVES’ SUITS ACT, 1855",12,1855,"[27th March, 1855.]","An Act to enable Executors, Administrators or Representatives to sue and be sued for certain wrongs.2 Preamble.—WHEREAS it is expedient to enable executors, administrators or representatives in certain cases to sue and be sued in respect of certain wrongs which, according to the present law, do not survive to or against such executors, administrators or representatives"
256,ACT NO. 28 OF 1855,"THE USURY LAWS REPEAL ACT, 1855",28,1855,"[19th September, 1855.]",An Act for the repeal of the Usury Laws. Preamble.—WHEREAS it is expedient to repeal the laws now in force relating to usury
257,ACT NO. 9 OF1856,"THE INDIAN BILLS OF LADING ACT, 1856",9,1856,"[11th April, 1856.]","An Act to amend the Law relating to Bills of Landing. Preamble.—WHEREAS by the custom of merchants a bill of lading of goods being transferable by endorsement, the property in the goods may thereby pass to the endorsee, but nevertheless all rights in respect of the contract contained in the bill of lading continue in the original shipper or owner, and it is expedient that such rights should pass with the property; and whereas it frequently happens that the goods in respect of which bills of lading purport to be signed have not been laden on board, and it is proper that such bills of lading in the hands of a bona fide holder for value should not be questioned by the master or other person signing the same, on the ground of the goods not having been laden as aforesaid"
258,ACT NO. 5 OF 1857,THE ORIENTAL GAS COMPANY,5,1857,"[13th February, 1857.]","An Act to confer certain powers on the Oriental Gas Company, Limited. Preamble.—WHEREAS a Joint Stock Company has been lately formed for the purpose of introducing Gas-works into India, which Company having been completely registered in England under the Act of Parliament of the eighth year of the reign of Her present Majesty, Cap. 110, has since been registered in England under “The Joint Stock Companies’ Act, 1856”, with limited liability, and has duly obtained a certificate of Incorporation under the name of the Oriental Gas Company, Limited; and whereas the said Company has erected Gas-works on land granted for that purpose by Government in the vicinity of the Town of Calcutta, and is engaged in the preparation of apparatus and materials for the manufacture and supply of Gas for lighting the said Town; and whereas it is expedient that powers and facilities should be given to the said Company to enable them to carry out their undertaking of lighting with Gas the said Town of Calcutta, which powers and facilities may hereafter be extended to the operations of the said Company in other towns and places"
259,ACT NO. 21 OF 1860,"THE SOCIETIES REGISTRATION ACT, 1860",21,1860,"[21st May, 1860.]","An Act for the Registration of Literary, Scientific and Charitable Societies. Preamble.—WHEREAS it is expedient that provision should be made for improving the legal condition of societies established for the promotion of literature, science, or the fine arts, or for the diffusion of useful knowledge, 2[the diffusion of political education] or for charitable purposes"
260,ACT NO. 45 OF 1860,THE INDIAN PENAL CODE,45,1860,"[6th October, 1860.]",Preamble.—WHEREAS it is expedient to provide a general Penal Code for 2[India];
261,ACT NO. 16 OF 1861,"THE STAGE-CARRIAGES ACT, 1861",16,1861,"[7th July, 1861.]",An Act for licensing and regulating Stage-Carriages. Preamble.—WHEREAS it is expedient to license and to regulate stage-carriages in 2 [the Provinces];
262,"ACT, NO. 5 OF 1861","THE POLICE ACT, 1861",5,1861,"[22nd March, 1861.]",An Act for the Regulation of Police. Preamble.—WHEREAS it is expedient to re-organise the police and to make it a more efficient instrument for the prevention and detection of crime
263,ACT NO. 20 OF 1863,"THE RELIGIOUS ENDOWMENTS ACT, 1863",20,1863,"[10th March, 1863.]","An Act to enable the Government to divest itself of the management of Religious Endowments. Preamble.—WHEREAS it is expedient to relieve the Boards of Revenue, and the local Agents, in the Presidency of Fort William in Bengal, and the Presidency of Fort Saint George, from the duties imposed on them by Regulation XIX, 1810 (Ben. Reg. 19 of 1810), of the Bengal Code (for the due appropriation of the rents and produce of lands granted for the support of Mosques, Hindu Temples, Colleges and other purposes; for the maintenance and repair of Bridges, Sarais, Kattras and other public buildings; and for the custody and disposal of Nazul Property or Escheats), and Regulation VII, 1817 (Mad. Reg. 7 of 1817), of the Madras Code (for the due appropriation of the rents and produce of lands granted for the support of Mosques, Hindu Temples and Colleges or other public purposes; for the maintenance and repair of Bridges, Choultries, or Chattrams, and other public buildings; and for the custody and disposal of Escheats), so far as those duties embrace the superintendence of lands granted for the support of Mosques or Hindu Temples and for other religious uses; the appropriation of endowments made for the maintenance of such religious establishments; the repair and preservation of buildings connected therewith, and the appointment of trustees or managers thereof; or involve any connexion with the management of such religious establishments; 2***."
264,ACT NO. 15 OF 1864,"THE INDIAN TOLLS ACT, 1864",15,1864,"[24th March, 1864.]",An Act to amend Act 8 of 1851 (for enabling Government to levy Tolls on Public Roads and Bridges). Preamble.—WHEREAS by Act 8 of 1851 (for enabling Government to levy Tolls on Public Roads and Bridges) authority was given for the levy of certain rates of toll 2***;
265,ACT NO. 3 OF 1867,"THE PUBLIC GAMBLING ACT, 1867",3,1867,"[25th January, 1867.]","An Act to provide for the punishment of public gambling and the keeping of common gaming- houses in the 3[United Provinces, East Punjab, Delhi] 4[and the Central Provinces]. Preamble.—WHEREAS it is expedient to make provision for the punishment of public gambling and the keeping of common gaining-houses 5[in the United Provinces, East Punjab, Delhi and the Central Provinces];"
266,ACT NO. 11 OF 1867,"THE ORIENTAL GAS COMPANY ACT, 1867",11,1867,"[1st March, 1867.]","An Act to empower the Oriental Gas Company Limited, to extend their operations to certain places in 1[the Provinces of India]. Preamble.—WHEREAS under or by virtue of Act No. V of 1857 (to confer certain powers on the Oriental Gas Company, Limited), certain powers exercisable only in Calcutta and its environs were conferred on the Oriental Gas Company, Limited; and whereas it is expedient to empower the said Company to extend, with the previous sanction of the 2[Central Government], their operations to any other place in 1[the Provinces of India];"
267,ACT NO. 25 OF 1867,"THE PRESS AND REGISTRATION OF BOOKS ACT, 1867",25,1867,"[22nd March, 1867.]","Preamble.—WHEREAS it is expedient to provide for the regulation of printing-presses and of 4[newspapers], for the preservation of 5*** copies of 6[every book and newspaper printed in India and for the registration of such books and newspapers];"
268,ACT NO. 14 OF 1869,"THE BOMBAY CIVIL COURTS’ ACT, 1869",14,1869,"[19th March, 1869.]",An Act to consolidate and amend the law relating to the District and Subordinate Civil Courts in the Presidency of Bombay. Preamble.—Whereas it is expedient to consolidate and amend the law relating to the District and other subordinate Civil Courts in the Presidency of Bombay
269,ACT NO. 4 OF 1869,"THE DIVORCE ACT, 1869",4,1869,"[26th February, 1869.]","An Act to amend the law relating to Divorce and Matrimonial Causes 2***. Preamble.—WHEREAS it is expedient to amend the law relating to the divorce of persons professing the Christian religion, and to confer upon certain Courts jurisdiction in matters matrimonial"
270,ACT NO. 7 OF 1870,"THE COURT FEES ACT, 1870",7,1870,"[11th March, 1870.]",
271,ACT NO. 1 OF 1871,"THE CATTLE-TRESPASS ACT, 1871",1,1871,"[13th January, 1871.]",An Act to consolidate and amend the law relating to Trespasses by Cattle Preamble.— WHEREAS it is expedient to consolidate and amend the law relating to trespasses by cattle
272,ACT NO. 23 OF 1871,"THE PENSIONS’ ACT, 1871",23,1871,"[8th August, 1871.]",An Act to consolidate and amend the law relating to Pensions and Grants by Government of money or land-revenue. Preamble.—WHEREAS it is expedient to consolidate and amend the law relating to pensions and grants by Government of money or land-revenue
273,ACT NO. 1 OF 1872,"THE INDIAN EVIDENCE ACT, 1872 Last updated:-13-3-2020",1,1872,"[15th March, 1872.]","Preamble.—WHEREAS it is expedient to consolidate, define and amend the law of Evidence"
274,ACT NO. 15 OF 1872,"THE INDIAN CHRISTIAN MARRIAGE ACT, 1872",15,1872,"[18th July, 1872.]",An Act to consolidate and amend the law relating to the solemnization in India of the marriages of Christians. PREAMBLE.—WHEREAS it is expedient to consolidate and amend the law relating to the solemnization in India of the marriages of persons professing the Christian religion;
275,ACT NO. 9 OF 1872,"THE INDIAN CONTRACT ACT, 1872",9,1872,"[25th April, 1872.]",Preamble—WHEREAS it is expedient to define and amend certain parts of the law relating to contracts;
276,ACT NO. 8 OF 1873,"THE NORTHERN INDIA CANAL AND DRAINAGE ACT, 1873",8,1873,"[11th February, 1873.]","An Act to regulate irrigation, navigation and drainage in Northern India. Preamble.—WHEREAS, throughout the territories to which this Act extends, the State Government is entitled to use and control for public purposes the water of all rivers and streams flowing in natural channels, and of all lakes and other natural collections of still water; and whereas it is expedient to amend the law relating to irrigation, navigation and drainage in the said territo ries"
277,ACT NO. 3 OF 1873,"THE MADRAS CIVIL COURTS‟ ACT, 1873",3,1873,"[21st January, 1873.]",An Act to consolidate and amend the law relating to the Civil Courts of the Madras Presidency subordinate to the High Court. Preamble. — WHEREAS it is expedient to consolidate and amend the law relating to the Civil Courts of the Madras Presidency subordinate to the High Court
278,ACT NO. 5 OF 1973,"THE GOVERNMENT SAVINGS PROMOTION ACT, 1873",5,1873,"[28th January, 1873.]",2[An Act to regulate and channelise the savings from general public into Government Savings Schemes.] Preamble.—WHEREAS it is expedient to amend the law relating to the payment of deposits in Government Savings Banks
279,ACT NO. 3 OF 1874,"THE MARRIED WOMEN’S PROPERTY ACT, 1874",3,1874,"[24th February, 1874].","An Act to explain and amend the law relating to certain married women, for other purposes. Preamble.—WHEREAS it is expedient to make such provision as hereinafter appears for the enjoyment of wages and earnings by women married before the first day of January, 1866, and for insurances on lives by persons married before or after that day: AND WHEREAS by the Indian Succession Act, 18652 (10 of 1865), section"
280,ACT NO. 9 OF 1875,"THE MAJORITY ACT, 1875",9,1875,"[2nd March, 1875].","An Act to amend the law respecting the age of majority. Preamble. — Whereas, in the case of persons domiciled in 2[India] it is expedient 3[to specify the age of majority];"
281,ACT NO. 10 OF 1876,"THE BOMBAY REVENUE JURISDICTION ACT, 1876",10,1876,"[28th March, 1876.]","An Act to limit the jurisdiction of the Civil Courts throughout the Bombay Presidency in matters relating to the Land-revenue, and for other purposes. Preamble:—WHEREAS in certain parts of the Presidency of Bombay, the jurisdiction of the Civil Courts in matters connected with the land-revenue is more extensive than it is in the rest of the said Presidency; And whereas it is expedient that the jurisdiction of all the Civil Courts in the said Presidency should be limited in manner hereinafter appearing; And whereas it is also expedient to amend the Bombay Civil Courts Act, section thirty-two, and to revive certain provisions of the thirteenth section of Regulation 17 of 1827 of the Bombay Code, which was repealed by the Land Improvement Act, 1871 (26 of 1871), 1***;"
282,ACT NO. 6 OF 1878,"THE INDIAN TREASURE-TROVE ACT, 1878",6,1878,"[13th February, 1878.]",An Act to amend the law relating to Treasure-trove. Preamble.—Whereas it is expedient to amend the law relating to treasure-trove
283,ACT NO. 17 OF 1878,"THE NORTHERN INDIA FERRIES ACT, 1878",17,1878,"[9th November, 1878.]","An Act to regulate Ferries in Northern India. Preamble.—WHEREAS it is expedient to regulate ferries in 2[Uttar Pradesh, Punjab, the Central Provinces, Assam, Delhi and Ajmer];"
284,ACT NO. 18 OF 1879,"THE LEGAL PRACTITIONERS ACT, 1879",18,1879,"[29th October, 1879.]","An Act to consolidate and amend the law relating to Legal Practitioners. Preamble.—WHEREAS it is expedient to consolidate and amend the law relating to Legal Practitioners in 2[certain Provinces, and to empower the Provincial Government of every other Province to extend thereto] such portions of this Act as such Government may think fit"
285,ACT NO. 1 OF 1880,"THE RELIGIOUS SOCIETIES ACT, 1880",1,1880,"[9th January, 1880.]","An Act to confer certain powers on Religious Societies. WHEREAS it is expedient to simplify the manner in which certain bodies of persons associated for the purpose of maintaining religious worship may hold property acquired for such purpose, and to provide for the dissolution of such bodies and the adjustment of their affairs and for the decision of certain questions relating to such bodies"
286,ACT NO.12 OF 1880,"THE KAZIS ACT, 1880",12,1880,"[9th July, 1880.]","An Act for the appointment of persons to the Office of Ka’zi’. WHEREAS by the preamble to Act No. 11 of 18642 (An Act to repeal the law relating to the offices of Hindu and Muhammadan Law officers and to the offices of Ka’zi’-ul-Kuzaat and of Ka’zi’, and to abolish the former offices) it was (among other things) declared that it was declared that it was inexpedient that the appointment of the Kazi-ul-Kuzaat, or of City, Town or Pargana Ka’zi’s should be made by the Government, and by the same Act the enactments relating to the appointment by the Government of the said officers were repealed; and whereas by the usage of the Muhammadan community in some parts of 3[India] the presence of Ka’zi’s appointed by the Government is required at the celebration of marriages and the performance of certain other rites and ceremonies, and it is therefore expedient that the Government should again be empowered to appoint persons to the office of Kazi"
287,ACT NO. 16 OF 1881,"THE OBSTRUCTIONS IN FAIRWAYS ACT, 1881",16,1881,"[15th March, 1881.]","An Act to empower the Government to remove or destroy obstructions in fairways, and to prevent the creation of such obstructions. Preamble.—WHEREAS it is expedient to empower the Government to remove or destroy obstructions to navigation in fairways leading to ports in 2 [the territories which, immediately before the 1st November, 1956, were comprised in Part A States and Part C States] and to prevent the creation of such obstructions"
288,ACT NO. 26 OF 1881,"THE NEGOTIABLE INSTRUMENTS ACT, 1881",26,1881,"[9th December, 1881.]","An Act to define and amend the law relating to Promissory Notes, Bills of Exchange and Cheques. Preamble.—Whereas it is expedient to define and amend the law relating to promissory notes, bills of exchange and cheques"
289,ACT NO. 4 OF 1882,"THE TRANSFER OF PROPERTY ACT, 1882",4,1882,"[17th February, 1882.]",An Act to amend the law relating to the Transfer of Property by act of Parties. Preamble.—WHEREAS it is expedient to define and amend certain parts of the law relating to the transferof property by act of parties
290,ACT NO. 5 OF 1882,"THE INDIAN EASEMENTS ACT, 1882",5,1882,"[17th February, 1882.]",An Act to define and amend the law relating to Easements and Licenses. Preamble.—WHEREAS it is expedient to define and amend the law relating to Easements and Licenses
291,ACT NO. 7 OF 1882,"THE POWERS-OF-ATTORNEY ACT, 1882",7,1882,"[24th February, 1882.]",An Act to amend the law relating to Powers-of-Attorney. For the purpose of amending the law relating to Powers-of-Attorney
292,ACT NO. 15 OF 1882,"THE PRESIDENCY SMALL CAUSE COURTS ACT, 1882",15,1882,"[17th March, 1882.]","An Act to consolidate and amend the law relating to the Courts of Small Causes established in the Presidency towns. Preamble.—WHEREAS it is expedient to consolidate and amend the law relating to the Courts of Small Causes established in the towns of Calcutta, Madras and Bombay"
293,ACT NO. 19 OF 1883,"THE LAND IMPROVEMENT LOANS ACT, 1883",19,1883,"[12th October, 1883.]",An Act to consolidate and amend the law relating to loans of money by the Government for agricultural improvements. WHEREAS it is expedient to consolidate and amend the law relating to loans of money by the Government for agricultural improvements
294,ACT NO. 20 OF 1883,"THE PANJAB DISTRICT BOARDS ACT, 1883",20,1883,"[12th October, 1883.]","An Act to make better provision for local self-government in the Districts of the Panjab. WHEREAS it is expedient to amend the law in force in the territories administered by the Lieutenant- Governor of the Panjab for the levy and expenditure of rates on land; and Whereas it is also expedient to provide for the constitution of district boards and local boards in those territories, and to define and regulate the powers to be exercised by those boards;"
295,ACT NO. 4 OF 1884,"THE EXPLOSIVES ACT, 1884",4,1884,"[26th February, 1884.]","An Act to regulate the manufacture, possession, use, sale, 2[transport, import and export] of explosives. WHEREAS it is expedient to regulate the manufacture, possession, use, sale, 2[transport, import and export] of explosives"
296,ACT NO. 18 OF 1885,"THE LAND ACQUISITION (MINES) ACT, 1885",18,1885,"[16th October, 1885.]","An Act to provide for cases in which Mines or Minerals are situate under land which it is desired to acquire under the Land Acquisition Act, 18702. WHEREAS it is expedient to provide for cases in which mines or minerals are situate under land which it is desired to acquire under the Land Acquisition Act, 18702 (10 of 1870);"
297,ACT NO. 13 OF 1885,"THE INDIAN TELEGRAPH ACT, 1885",13,1885,"[22nd July, 1885.]",An Act to amend the law relating to Telegraphs in India. WHEREAS it is expedient to amend the law relating to telegraphs in India
298,ACT NO. 11 OF 1886,"THE INDIAN TRAMWAYS ACT, 1886",11,1886,"[12th March, 1886.]",An Act to facilitate the construction and to regulate the working of tramways. WHEREAS it is expedient to facilitate the construction and to regulate the working of tramways
299,ACT NO. 6 OF 1886,"THE BIRTHS, DEATHS AND MARRIAGES REGISTRATION ACT, 1886",6,1886,"[8th March, 1886.]","An Act to provide for the voluntary Registration of certain Births and Deaths, for the establishment of General Registry Offices for keeping Registers of certain Births, Deaths and Marriages, and for certain other purposes. WHEREAS it is expedient to provide for the voluntary registration of births and deaths among certain classes of persons, for the more effectual registration of those births and deaths and of the marriages registered under Act 3 of 18722, or the Indian Christian Marriage Act, 1872 (15 of 1872) and of certain marriages registered under the Parsi Marriage and Divorce Act, 18653 (15 of 1865), and for the establishment of general registry offices for keeping registers of those births, deaths and marriages; AND WHEREAS it is also expedient to provide for the authentication and custody of certain existing registers made otherwise than in the performance of a duty specially enjoined by the law of the country in which the registers were kept, and to declare that copies of the entries in those registers shall be admissible in evidence;"
300,ACT NO. 12 OF 1887,"THE BENGAL, AGRA AND ASSAM CIVIL COURTS ACT, 1887",12,1887,"[11th March, 1887.]","An Act t o consol i date and a mend t he l aw r el at i ng t o Ci vi l Co ur t s i n Bengal , t he Nor t h -West er n Pr ovi n ces and Assam. WHEREAS it is expedient to consolidate and amend the law relating to Civil Courts in Bengal, the North-Western Provinces and Assam"
301,ACT NO. 9 OF 1887,"THE PROVINCIAL SMALL CAUSE COURTS ACT, 1887",9,1887,"[24th February, 1887.]",An Act to consolidate and amend the law relating to Courts of Small Causes established beyond the Presidency-towns. WHEREAS it is expedient to consolidate and amend the law relating to Courts of Small Causes established beyond the local limits for the time being of the ordinary original civi l jurisdiction of the High Courts of Judicature at Fort William in Bengal and at Madras and Bombay;
302,ACT NO. 4 OF 1888,"THE INDIAN RESERVE FORCES ACT, 1888",4,1888,"[2nd March, 1888.]","An Act to regulate 2[the] Indian Reserve Forces. WHEREAS it is expedient to provide for the Government, discipline and regulation of 2[the] Indian Reserve Fortes"
303,ACT NO. 1 OF 1890,"THE REVENUE RECOVERY ACT, 1890",1,1890,"[14th February, 1890.]",An Act to make better provision for recovering certain public demands. WHEREAS it is expedient to make better provision for recovering certain public demands
304,ACT NO. 6 OF 1890,"THE CHARITABLE ENDOWMENTS ACT, 1890",6,1890,"[7th March, 1890.]",An Act to provide for the vesting and administration of property held in trust for charitable purposes. WHEREAS it is expedient to provide for the vesting and administration of property held in trust for charitable purposes
305,ACT NO. 15 OF 1891,"THE MOORSHEDABAD ACT, 1891",15,1891,[21st March 1891.],"An Act to confirm and give effect to an Indenture between the Secretary of State and the Nawab Bahadoor of Moorshedabad, Amir-ul-Omrah. Preamble. — WHEREAS it is expedient to confirm and give effect to the indenture which is set forth in the schedule to this Act and which was made the twelfth day of March, 1891, between the Secretary of State for India in Council of the one part and Ihtisham-ul-Mulk Rais-ud Dowlah Amir-ul- Omrah Nawab Sir Syud Hussan Ali Khan Bahadoor Mohabat Jung, G.C.I.E., Nawab Bahadoor of Moorshedabd, eldest son of His late Highness Moontazin-ul-Mulk Mohsenud Dowlah Fureedoon Jah Syud Mansoor Ali Khan Bahadoor Nusrat Jung, late Nawab Nazim of Bengal, Behar and Orissa, of the other part"
306,ACT NO. 18 OF 1891,"THE BANKERS’ BOOKS EVIDENCE ACT, 1891",18,1890,"[1st October, 1890.]",An Act to amend the Law of Evidence with respect to Bankers’ Books. WHEREAS it is expedient to amend the Law of Evidence with respect to Bankers’ books
307,ACT NO. 7 OF 1892,"THE MADRAS CITY CIVIL COURT ACT, 1892",7,1892,"[12th August, 1892.]",An Act to establish an additional Civil Court for the City of Madras. WHEREAS it is expedient to establish an additional Civil Court for the City of Madras
308,ACT NO. 9 OF 1894,"THE PRISONS ACT, 1894",9,1894,"[22nd March, 1894]","An Act to amend the law relating to Prisons. WHEREAS, it is expedient to amend the law relating to prisons in 2[India except the territories which, immediately before the 1st November, 1956, were comprised in Part B States], and to provide rules for the regulation of such prison"
309,ACT NO. 3 OF 1897,"THE EPIDEMIC DISEASES ACT, 1897",3,1897,"[4th February, 1897.]",An Act to provide for the better prevention of the spread of Dangerous Epidemic Diseases. WHEREAS it is expedient to provide for the better prevention of the spread of dangerous epidemic disease
310,ACT NO. 6 OF 1898,"THE INDIAN POST OFFICE ACT, 1898",6,1898,"[22nd March, 1898.]",An Act to consolidate and amend the law relating to the Post Offices in India. WHEREAS it is expedient to consolidate and amend the law relating to the Post Offices in India
311,ACT NO. 9 OF 1898,"THE LIVE-STOCK IMPORTATION ACT, 1898",9,1898,"[12th August, 1898]",An Act to make better provision for the regulation of the importation of livestock 2[and live- stock products]. WHEREAS it is expedient to make better provision for the regulation of the importation or live- stock which is liable to be affected by infectious or contagious disorders
312,ACT NO. 4 OF 1899,"THE GOVERNMENT BUILDINGS ACT, 1899",4,1899,"[3rd February, 1899.]","An Act to provide for the exemption from the operation of municipal building laws of certain buildings and lands which are the property, or in the occupation, of the Government and situate within the limits of a municipality. WHEREAS it is expedient to provide for the exemption from the operation of municipal building laws of certain buildings and lands which are the property, or in the occupation, of the Government and situate within the limits of a municipality;"
313,ACT NO. 2 OF 1899,"THE INDIAN STAMP ACT, 1899",2,1899,"[27th January, 1899.]",An Act to Consolidate and amend the law relating to Stamps. WHEREAS it is expedient to consolidate and amend the law relating to Stamps
314,ACT NO. 2 OF 1901,"THE INDIAN TOLLS (ARMY AND AIR FORCE) ACT, 1901",2,1901,"[22nd February, 1901.]",
315,ACT NO. 10 OF 1903,"THE VICTORIA MEMORIAL ACT, 1903",10,1903,"[20th March, 1903]","An Act to provide for the erection and management of the Victoria Memorial at Calcutta. WHEREAS it is intended to erect at Calcutta a building as a memorial of the life and Reign of Her late Majesty Victoria of the United Kingdom of Great Britain and Ireland Queen. Empress of India, and for this purpose large sums of money have been subscribed by the princes and people of India; AND WHEREAS at a meeting of subscribers held in Calcutta certain persons were appointed a Provisional Executive Committee to take the custody of the said moneys; AND WHEREAS it is expedient to make provision for the erection, maintenance and management of the memorial and for the appointment of a permanent body of Trustees;"
316,ACT NO. 7 OF 1903,"THE WORKS OF DEFENCE ACT, 1903",7,1903,"[20th March, 1903.]","An Act to provide for imposing restrictions upon the use and enjoyment of land in the vicinity of works of defence in order that such land may be kept free from buildings and other obstructions, and for determining the amount of compensation to be made on account of such imposition. WHEREAS it is expedient to provide for imposing restrictions upon the use and enjoyment of land in the vicinity of works of defence in order that such land may be kept free from buildings and other obstructions and for determining the amount of compensation to be made on account of such imposition"
317,ACT NO. 7 OF 1904,"THE ANCIENT MONUMENTS PRESERVATION ACT, 1904",7,1904,"[18th March, 1904.]","An Act to provide for the preservation of Ancient Monuments and of objects of archaeological, historical, or artistic interest. WHEREAS it is expedient to provide for the preservation of ancient monuments, for the exercise of control over traffic in antiquities and over excavation in certain places, and for the protection and acquisition in certain cases of ancient monuments and of objects of archaeological, historical or artistic interest"
318,ACT NO.4 OF 1905,"THE INDIAN RAILWAY BOARD ACT, 1905",4,1905,"[22nd March, 1905.]","An Act to provide for investing the Railway Board with certain powers or functions under the Indian Railways Act, 1890. WHEREAS a Railway Board has been constituted for controlling the administration of railways in India, and it is expedient to provide for investing such Board with certain powers or functions under the Indian Railways Act, 1890 (9 of 1890);"
319,ACT NO. 5 OF 1908,"THE CODE OF CIVIL PROCEDURE, 1908",5,1908,"[21st March, 1908.]",An Act to consolidate and amend the laws relating to the procedure of the Courts of Civil Judicature. WHEREAS it is expedient to consolidate and amend the laws relating to the procedure of the Courts of Civil Judicature
320,ACT NO. 6 OF 1908,"THE EXPLOSIVE SUBSTANCES ACT, 1908",6,1908,"[8th June, 1908.]",An Act further to amen d the law relating to explosive substances. WHEREAS it is necessary further to amend the law relating to explosive substances
321,ACT NO. 14 OF 1908,"THE INDIAN CRIMINAL LAW AMENDMENTACT, 1908",14,1908,"[11th December, 1908.]","An Act to provide for the more speedy trial of certain offences, and for the prohibition of associations dangerous to the public peace. WHEREAS it is expedient to provide for the more speedy trial of certain offences, and for the prohibition .of associations dangerous to the public peace"
322,ACT NO. 15 OF 1908,"THE INDIAN PORTS ACT, 1908",15,1908,"[18th December, 1908.]",An Act to consolidate the enactments relating to ports and port-charges. WHEREAS it is expedient to consolidate the enactments relating to ports and port-charges
323,ACT NO. 16 OF 1908,"THE REGISTRATION ACT, 1908",16,1908,"[18th December, 1908.]",An Act to consolidate the enactments relating to the Registration of Documents. WHEREAS it is expedient to consolidate the enactments relating to the registration of documents
324,ACT NO. 10 OF 1910,"THE INDIAN MUSEUM ACT, 1910",10,1910,"[18th March, 1910.]",An Act to consolidate and amend the law relating to the Indian Museum. WHEREAS it is expedient to consolidate and amend the law relating to the Indian Museum
325,ACT NO. 2 OF 1913,"THE OFFICIAL TRUSTEES ACT, 1913",2,1913,"[27th February, 1913.]",An Act to consolidate and amend the Law constituting the office of Official Trustee. 2***
326,ACT NO. 5 OF 1913,"THE WHITE PHOSPHORUS MATCHES PROHIBITION ACT, 1913",5,1913,"[7th March,1913.]","An Act to prohibit the importation, manufacture and sale of matches made with white phosphorus. WHEREAS it is expedient to prohibit the importation, manufacture and sale of matches made with white phosphorus"
327,ACT NO. 2 OF 1914,"THE DESTRUCTIVE INSECTS AND PESTS ACT, 1914",2,1914,"[3rd February, 1914.]","An Act to prevent the introduction into 2[India] 3[and the transport from one province to another] 4*** of any insect, fungus or other pest, which is or may be destructive to crops. WHEREAS it is expedient to make provision for preventing the introduction into 5[India] 3[and the transport from one province to another] 4*** of any insect, fungus or, other pest, which is or may be destructive to crops"
328,ACT NO. 10 OF 1915,"THE SIR JAMSETJEE JEJEEBHOY BARONETCY ACT, 1915",10,1915,"[8th September, 1915.]","An Act for repealing Act No. 20 of 1860 entitled An “Act for settling Promissory Notes of the Government of India, producing an annual income of one lakh of rupees and a Mansion House and hereditaments called Mazagon Castle, in the Island of Bombay, late the property of Sir Jamsetjee Jejeebhoy, Baronet, deceased, so as to accompany and support the title and dignity of a Baronet, lately conferred on him and the heirs male of his body, by Her present Majesty Queen Victoria, and for other purposes connected therewith,” and for resettling the said Promissory Notes, Mansion House and hereditaments and for other purposes connected therewith. WHEREAS by Letters Patent of Her late Majesty Queen Victoria, by the Grace of God of the United Kingdom of Great Britain and Ireland Queen, Defender of the Faith, dated at Westminster on or about the 6th day of August in the 21st year of Her said late Majesty’s reign, and by Warrant under Her said late Majesty’s sign-manual, Her said late Majesty made known that she, of her special grace, certain knowledge and mere motion had erected, appointed and created Sir Jamsetjee Jejeebhoy, then of Bombay, Knight, but then deceased (a man eminent for family inheritance, estate and integrity of manner), to and into the dignity, state, and degree of a Baronet, and him, the said Sir Jamsetjee Jejeebhoy for Her said late Majesty, her heirs, and successors, she did erect, appoint, constitute and create a Baronet, by the said Letters Patent, to hold to him and the heirs male of his body lawfully begotten, and to be begotten for ever: And it was also enacted that the said Mansion House and other hereditaments called Mazagon Castle, situate in the Island of Bombay, with their rights, members, and appurtenances, of which the said first Baronet was seized to him and his heirs, should by force of the said Act from and immediately after the passing thereof, stand limited to the uses in the said Act set forth: And whereas Promissory Notes of the Government of India producing at that time an annual income of not less than one lakh of rupees, were, after the passing of the said Act, transferred into the name of the said Corporation; and the nominal amount of the Promissory Notes of the Government of India, now held by the said Corporation, is rupees twenty-two lakhs, fifty-four thousand and four hundred: And whereas the persons now constituting the said Corporation under or by virtue of the said Act are the Commissioner for the time being for the Northern Division of the Presidency of Bombay, the Accountant-General of Bombay, and the Collector of Bombay: And whereas under the said Act 20 of 1860 power was granted to the said Corporation to invest the Government Promissory Notes so to be transferred into the name of the said Corporation as aforesaid if the same should be discharged by the Government of India in or on any stocks, funds or securities of the Government of the United Kingdom of Great Britain and Ireland or of the Government of India, and in like manner, as often as the same should become necessary, to alter, vary, and change such stocks, funds, and securities for others of the same or a like nature: And whereas Sir Jamsetjee Jejeebhoy, the fifth and present Baronet, has represented to the Governor General in Council that it is desirable, not only in his own interest, but also in the interest of those who may succeed him in the Baronetcy, that more extensive powers of investment should be granted to the said Corporation: And whereas more extensive powers of investment have been allowed to Trustees of Settlements which are governed by the Indian Trusts Act, 1882 (2 of 1882): And whereas it appears that certain of the powers last aforesaid may safely be granted to the said Corporation with a view to a higher rate of interest being obtained from the investment of the funds for the time being subject to the Trusts of a Settlement effected by this Act: And whereas at the date when the said Act No. 20 of 1860 was passed the locality in which the said Mansion House and hereditaments are situate was one of the principal residential localities of Bombay, and was healthy, but it has now ceased to be a healthy locality, and the upper classes of the inhabitants of Bombay have ceased to reside there: And whereas the said Sir Jamsetjee Jejeebhoy has represented to the Governor General in Council that he has been advised by his medical adviser and by Sanitary Authorities whom he has consulted that it necessary for him to change his place of residence and to live in a more healthy part of the Island of Bombay, and has also represented that, by reason of the present unhealthiness of the locality, future and succeeding Baronets, who may succeed to the said title of Sir Jamsetjee Jejeebhoy, will be unable to live in the said Mansion House, or on the said hereditaments, and therefore that it is both desirable and necessary for him to purchase a new residence in a healthy locality in the Island of Bombay, and that, to enable him to do this, it is necessary that power should be conferred to sell the said Mansion House and hereditaments, and also to sell a portion of the said securities to purchase a new residence out of the proceeds of the sale thereof: And whereas the said Corporation, being the Trustees for the time being for executing the powers and purposes of the said Act 20 of 1860, have agreed to the above proposals being carried into effect: And whereas in fulfilment of an engagement in that behalf made with Her said late Majesty’s Government, during the lifetime of the said Sir Jamsetjee Jejeebhoy, deceased, the said Sir Jamsetjee Jejeebhoy was desirous of settling in perpetuity such property on himself and the heirs male of his body who might succeed to the said Baronetcy, as should be adequate to support the dignity of the title conferred on him and them as aforesaid: And whereas all the possible Beneficiaries of the Trust under the said Act now living have agreed to the above proposals, with the exception of those relating to the sale of the said Mansion House and hereditaments: And whereas all the possible Beneficiaries of the Trust under the said Act, with the exception of two possible Beneficiaries, have agreed to the said proposals relating to the sale of the said Mansion House: And whereas the objections advanced by and on behalf of the said two possible Beneficiaries have been duly considered by the Governor General in Council and have been overruled: And whereas it is deemed expedient to confer the said powers, and, for that purpose and for other divers good reasons, it is expedient to repeal the said Act XX of 1860, and to substitute the following Act in lieu thereof: And whereas the said Sir Jamsetjee Jejeebhoy was seized of a Mansion House and hereditaments situate in the Island of Bombay called Mazagon Castle, and had an absolute estate of inheritance therein, and was desirous, in fulfilment of the aforesaid engagement, of settling Promissory Notes of the Government of India, producing an annual income of one lakh of rupees and the said Mansion House and the purposes in the said Act No. 20 of 1860 limited and declared, concerning the same respectively: And whereas the said Sir Jamsetjee Jejeebhoy was also desirous that the heirs male of his body to whom the said title and dignity of Baronet should descend, should take and bear the names of “Jamsetjee Jejeebhoy,” in lieu of any other name or names whatever which they respectively might bear at the time of such descent on them respectively; and he was also desirous that the Revenue Commissioner for the Northern Division of the Presidency of Bombay, the Accountant-General, and the Sub-Treasurer at Bombay, for the time being should be Trustees for the aforesaid Promissory Notes, and be likewise the Trustees for carrying into execution the general purposes and powers of the said Act No. 20 of 1860, with relation to the same securities, and also with relation to the same Mansion House and hereditaments: And whereas the said Sir Jamsetjee Jejeebhoy departed this life on the 14th day of April, 1859, before the aforesaid engagement with Her said late Majesty’s Government was carried out on his part, and by Will, dated the 9th day of April, 1853, duly signed and executed by him, gave and devised the residue of his estate, houses, lands, securities, moneys and effects, to and amongst his sons Cursetjee Jamsetjee, Rustomjee Jamsetjee, and Sorabjee Jamsetjee, and appointed his wife Avaboye and his said three sons, the executrix and executors of his said Will; and the said Will was duly proved by the said Cursetjee Jamsetjee, Rustomjee Jamsetjee and Sorabjee Jamsetjee alone: And whereas on the death of the said Sir Jamsetjee Jejeebhoy, the said title or dignity of Baronet, created by Her Majesty’s said Letters Patent, devolved on and became and was at the date of the passing of the said Act No. 20 of 1860 vested in the said Cursetjee Jamsetjee, as the eldest son and heir male of the body of the said Sir Jamsetjee Jejeebhoy, deceased: And whereas the said Cursetjee Jamsetjee, the second Baronet, Rustomjee Jamsetjee, and Sorabjee Jamsetjee, as the sons, residuary legatees and Executors of the said Sir Jamsetjee Jejeebhoy, first Baronet, deceased, and the said Avaboye, being then the Dowager Lady Jejeebhoy, as Executrix of the said Sir Jamsetjee Jejeebhoy, first Baronet, deceased, in fulfilment of the engagement so as aforesaid entered into by the said Sir Jamsetjee Jejeebhoy, first Baronet, deceased, with Her said late Majesty’s Government, were desirous of settling the said Government Promissory Notes and the said Mansion House and hereditaments so as aforesaid agreed to be settled by the said Sir Jamsetjee Jejeebhoy, first Baronet, deceased, for the purpose of supporting the dignity of the said Baronetcy, to the uses upon the Trusts, and for the purposes in the said Act No. 20 of 1860 limited and declared concerning the same respectively: And whereas the said Dowager Lady Jejeebhoy was desirous that the said Mansion House and hereditaments called Mazagon Castle, with their rights, members and appurtenances should be released, exonerated, and discharged from her right, or title (if any) to dower or thirds, and every other right, interest, or estate whatsoever which she, the said Dowager Lady Jejeebhoy, might have or claim to have in the said premises under any custom or law of the Parsees, or otherwise howsoever: And whereas in order to give effect to the aforesaid purposes, the said Act No. 20 of 1860 was passed, and by the said Act it was inter alia enacted that the Revenue Commissioner for the Northern Division of the Presidency of Bombay, the Accountant-General, and the Sub-Treasurer at Bombay, should, for the purposes of the said Act, be a Corporation; and that such Revenue Commissioner, Accountant-General, and Sub-Treasurer, should be, and they were thereby constituted, as such Corporation, the Trustees for executing the powers and purposes of the said Act; and that all the powers by the said Act vested in such Revenue Commissioner, Accountant-General, and Sub-Treasurer, as Trustees for the purposes of the said Act, should be exercised by the persons for the time being acting as such Revenue Commissioner, Accountant-General, and Sub-Treasurer; and that immediately from and after the passing of the said Act, Promissory Notes of the Government of India, producing an annual income of not less than one lakh of rupees should be transferred into the name of the said Corporation, who should hold the same upon the trusts and for the purposes in the said Act expressed concerning the same (that was to say); upon the trusts in the said Act declared and set forth:"
329,ACT NO. 16 OF 1915,"THE BANARAS HINDU UNIVERSITY ACT, 1915 (Modified as on 3rd December 2018)",16,1915,"[1st October, 1915.]","An Act to establish and incorporate a teaching and residential Hindu University at 1[Banaras]. WHEREAS it is expedient to establish and incorporate a teaching and residential Hindu University at 1[Banaras], and to dissolve the Hindu University Society, a Society registered under the Societies Registration Act, 1860 (21 of 1860), and to transfer to, and vest in, the said University, all property and rights now vested in the said Society"
330,A C T N O . 1 O F 1 9 1 7,"THE INLAND VESSELS ACT, 1917",,1917,"[7th February, 1917.]",
331,ACT NO. 5 OF 1917,"THE DESTRUCTION OF RECORDS ACT, 1917 (Modified as on 3rd December, 2018)",5,1917,"[28th February, 1917.]",An Act to consolidate and amend the law providing for the destruction or other disposal of certain documents in the possession or custody of Courts and Revenue and other public officers. WHEREAS it is expedient to consolidate and amend the law providing for the destruction or other disposal of certain documents in the possessio n or custody of Courts and Revenue and other public officers;
332,ACT NO. 18 OF 1917,"THE POST OFFICE CASH CERTIFICATES ACT, 1917 (Modified as on 3rd December, 2018)",18,1917,"[19th September, 1917.]",An Act to restrict the transfer of Post Office 5-year Cash Certificates and to provide for the payment of Certificates standing in the name of deceased persons. WHEREAS it is expedient to restrict the transfer of Post Office 5-year Cash Certificates and to provide for the payment of certificates standing in the name of deceased persons
333,ACT NO. 10 OF 1918,"THE USURIOUS LOANS ACT, 1918 (Modified as on 3rd December 2018)",10,1918,"[22nd March, 1918.]",An Act to give additional powers to Courts to deal in certain cases with usurious loans of money or in kind. WHEREAS it is expedient to give additional powers to Courts to deal in certain cases with usurious loans of money or in kind
334,ACT NO. 12 OF 1919,"THE POISONS ACT, 1919",12,1919,"[3rd September, 1919.]","An Act to consolidate and amend the law regulating the importation, possession and sale of poisons 2*** WHEREAS it is expedient to consolidate and amend the law regulating the importation, possession and sale of poisons 2***;"
335,ACT NO. 15 OF 1919,"THE CALCUTTA HIGH COURT (JURISDICTIONAL LIMITS) ACT, 1919 (Modified as on 3rd December, 2018)",15,1919,"[17th September, 1919.]","An Act to declare and prescribe the limits of the ordinary original civil jurisdiction of the High Court of Judicature at Fort William in Bengal. WHEREAS Clause II of the Letters Patent for the High Court of Judicature at Fort William in Bengal, dated the 28th December, 1865, provides that the said High Court shall have and exercise ordinary original civil jurisdiction within such local limits as may from time to time be declared and prescribed by any law made by competent legislative authority for India; AND WHEREAS it is expedient so to declare and prescribe the local limits of the ordinary original civil jurisdiction of the said High Court;"
336,ACT NO. 14 OF 1920,"THE CHARITABLE AND RELIGIOUS TRUSTS ACT, 1920",14,1920,"[20th March, 1920.]","An Act to provide more effectual control over the administration of Charitable and Religious Trusts. WHEREAS it is expedient to provide facilities for the obtaining of information regarding trusts created for public purposes of a charitable or religious nature, and to enable the trustees of such trusts to obtain the directions of a Court on certain matters, and to make special provision for the payment of the expenditure incurred in certain suits against the trustees of such trusts"
337,ACT No. 15 OF 1920,"THE INDIAN RED CROSS SOCIETY ACT, 1920",15,1920,"[20th March, 1920.]","An Act to constitute an Indian Red Cross Society. WHEREAS it is expedient to provide for the future administration of the various monies and gifts received from the public for the purpose of medical and other aid to the sick and wounded, and other purposes of a like nature during the late war, and more especially for the administration of the monies and property held by a Committee known as the Joint War Committee, Indian Branch, of the Order of St. John of Jerusalem in England and the British Red Cross Society; AND WHEREAS it is expedient to constitute an Indian Red Cross Society with a view to the continuation in peace time, on a wider basis and with a wider purpose, of the work carried on by the said Committee during the war, and to provide for the affiliation therewith of other societies and bodies having similar objects;"
338,ACT NO. 33 OF 1920,"THE IDENTIFICATION OF PRISONERS ACT, 1920",33,1920,"[9th September, 1920]",An Act to authorise the taking of measurements and photographs of convicts and others. WHEREAS it is expedient to authorize the taking of measurements and photographs of convicts and others
339,ACT NO. 34 OF 1920,"THE PASSPORT (ENTRY INTO INDIA) ACT, 1920",34,1920,"[9th September, 1920]",An Act to take power to require passports of persons entering 2[India]. WHEREAS it is expedient to take power to require passports of persons entering 2[India];
340,ACT NO. 40 OF 1920,"THE ALIGARH MUSLIM UNIVERSITY ACT, 1920",40,1920,"[14th September, 1920.]","An Act to 1*** incorporate a teaching and residential Muslim University at Aligarh. WHEREAS it is expedient to 1*** incorporate a teaching and residential Muslim University at Aligarh, and to dissolve the Societies registered under the Societies Registration Act, 1860 (21 of 1860), which are respectively known as the Muhammadan Anglo-Oriental College, Aligarh, and the Muslim University Association, and to transfer to and vest in the said University all properties and rights of the said Societies and of the Muslim University Foundation Committee;"
341,ACT NO. 18 OF 1921,"THE MAINTENANCE ORDERS ENFORCEMENT ACT, 1921",18,1921,"[5th October, 1921.]","An Act to facilitate the enforcement in 2 [India] of Maintenance Orders made 3 [ 4 *** in 5[reciprocating territories]], 6*** and vice versa. WHEREAS it is expedient to facilitate the enforcement in 2[India] of Maintenance Orders made 3[4*** in 5[reciprocating territories]], 6*** and vice versa"
342,ACT NO. 8 OF 1922,"THE DELHI UNIVERSITY ACT, 1922",8,1922,"[5th March, 1922.]",An Act to establish and incorporate a 1[teaching and affiliating University] at Delhi. WHEREAS it is expedient to establish and incorporate a 1[teaching and affiliating University] at Delhi
343,ACT No. 8 OF 1923,"THE EMPLOYEE’S COMPENSATION ACT, 1923",8,1923,"[5th March, 1923]",An Act to provide for the payment by certain classes of employers to their 2[employees] of compensation for injury by accident. WHEREAS it is expedient to provide for the payment by certain classes of employers to their 3[employees] of compensation for injury by accident
344,ACT No. 19 OF 1923,"THE OFFICIAL SECRETS ACT, 1923",19,1923,"[2nd April, 1923.]", WHEREAS it is expedient that the law relating to official secrets 2*** should be consolidated and amended;
345,ACT NO. 6 OF 1923,"THE CANTONMENTS (HOUSE-ACCOMMODATION) ACT, 1923",6,1923,"[5th March, 1923.]",AN Act further to amend and to consolidate the law relating to the provision of house- accommodation for military officers in cantonments. WHEREAS it is expedient further to amend and to consolidate the law relating to the provision of house-accommodation for military officers in cantonments
346,ACT NO. 7 OF 1923,"THE INDIAN NAVAL ARMAMENT ACT, 1923",7,1923,[5th March 1923.],"AN ACT to give effect 1*** to the Treaty for the Limitation of Naval Armament. WHEREAS it is expedient to give effect 1*** to the 2[Treaty for the Limitation of Naval Armament and for the Exchange of Information concerning Naval Construction signed in London on behalf of His Majesty on the twenty-fifth day of March, 1936];"
347,ACT NO. 4 OF 1925,"THE INDIAN SOLDIERS (LITIGATION) ACT, 1925 (Modified as on – 19th November, 2018)",4,1925,"[26th February, 1925.]",An Act to consolidate and amend the law to provide for the special protection in respect of civil and revenue litigation of Indian soldiers serving under special conditions. WHEREAS it is expedient to consolidate and amend the law to provide for the special protection in respect of civil and revenue litigation of Indian soldiers serving under special conditions
348,ACTNO. 19 OF 1925,"THE PROVIDENT FUNDS ACT, 1925",19,1925,"[27th August, 1925.]",
349,ACT No. 26 OF 1925,"THE INDIAN CARRIAGE OF GOODS BY SEA ACT, 1925 (Modified as on 19th November 2018)",26,1925,"[21st September, 1925.]","An Act to amend the law with respect to the carriage of goods by sea. WHEREAS at the International Conference on Maritime Law held at Brussels in October, 1922, the delegates at the Conference, 2***, agreed unanimously to recommend their respective Governments to adopt as the basis of a convention a draft convention for the unification of certain rules relating to bills of lading; AND WHEREAS at a meeting held at Brussels in October, 1923, the rules contained in the said draft convention were amended by the Committee appointed by the said Conference; 3[AND WHEREAS the said rules were amended by the Protocol signed at Brussels on 23rd February, 1968 and by the Protocol signed at Brussels on 21st December, 1979;] 4[AND WHEREAS it is expedient that the said rules as so amended and as set out with modifications in the Schedule should, subject to the provisions of this Act, have the force of law with a view to establishing the responsibilities, liabilities, rights and immunities attaching to carriers under bills of lading"
350,ACT NO. 39 OF 1925,"THE INDIAN SUCCESSION ACT, 1925",39,1925,"[30th September, 1925.]",An Act to consolidate the law applicable to intestate and testamentary succession 2***. WHEREASit is expedient to consolidate the law applicable to intestate and testamentary succession 2***.
351,ACT NO. 38 OF 1926,"THE INDIAN BAR COUNCILS ACT, 1926",38,1926,"[9th September, 1926.]","An Act to provide for the constitution of Bar Councils 2**** and for other purposes. WHEREAS it is expedient to provide for the constitution and incorporation of Bar Councils for certain Courts 2*** to confer powers and impose duties on such Bar Councils, and to consolidate and amend the law relating to legal practioners entitled to practice in such Courts."
352,ACT NO. 16 OF 1927,"THE INDIAN FOREST ACT, 1927",16,1927,"[21st September, 1927.]","An Act to consolidate the law relating to forests, the transit of forest-produce and the duty leviable on timber and other forest-produce. WHEREAS it is expedient to consolidate the law relating to forests, the transit of forest-produce and the duty leviable on timber and other forest-produce;"
353,ACT NO. 17 OF 1927,"T H E L I G H T H O U S E A C T , 1 9 2 7 (Modified as on 19th November, 2018)",17,1927,"[21st September, 1927.]","An Act to consolidate and amend the law relating to the provision, maintenance and control of lighthouses by the Government in 2[ 3*** India]. WHEREAS it is expedient to consolidate and amend the law relating to the provision, maintenance and control of lighthouses by the Government in 2[3*** India];"
354,ACT NO. 30 OF 1930,"THE HINDU GAINS OF LEARNING ACT, 1930",30,1930,"[25th July, 1930.]","An Act to remove doubt as to the ri ghts of a member of a Hindu undivided famil y in propert y acquired b y him b y m eans of his learni ng. WHEREAS it is expedient to remove doubt, and to provide an uniform rule, as to the rights of a member of a Hindu undivided family in property acquired by him by means of his learning"
355,ACT NO. 16 OF 1931,"THE PROVISIONAL COLLECTION OF TAXES ACT, 1931",16,1931,"[28th September, 1931.]",An Act to amend the law providing for the immediate effect for a limited period of provisions in Bills relating to the imposition or increase of duties of customs or excise. WHEREAS it is expedient to amend the law providing for the immediate effect for a limited period of provisions in Bills relating to the imposition or increase of duties of customs or excise
356,ACT NO. 23 OF 1932,"THE CRIMINAL LAW AMENDMENT ACT, 1932",23,1932,"[19th December, 1932.]","An Act to supplement the criminal law. WHEREAS it is expedient to supplement the criminal law and to that end to amend the Indian Press (Emergency Powers) Act, 1931 (23 of 1931), and further to amend 2*** the Indian Criminal Law Amendment Act, 1908 (14 of 1908), for the purposes hereinafter appearing;"
357,ACT NO. 9 OF 1932,"THE INDIAN PARTNERSHIP ACT, 1932",9,1932,"[8th April, 1932.]",An Act to define and amend the law relating to partnership. WHEREAS it is expedient to define and amend the law relating to partnership;
358,ACT NO. 17 OF 1933,"THE INDIAN WIRELESS TELEGRAPHY ACT, 1933",17,1933,"[11th September, 1933.]",An Act to regulate the possession of wireless telegraphy apparatus. WHEREAS it is expedient to regulate the possession of wireless telegraphy apparatus in 2[India];
359,ACT NO. 23 OF 1933,"THE MURSHIDABAD ESTATE ADMINISTRATION ACT, 1933",23,1933,"[21st September, 1933.]","An Act to provide for the appointment of a Manager on behalf of the Secretary of State of the properties of the Nawab Bahadur of Murshidabad and to define the powers and duties of the Manager. WHEREAS the Murshidabad Act, 1891 (15 of 1891), confirming and giving effect to an Indenture between the Secretary of State and the Nawab Bahadur of Murshidabad amir -ul- Omrah, provides that in case the said Nawab Bahadur or any of his lineal heirs male successors to the titles shall contravene any of the terms of the said Indenture or shall disab le himself from duly maintaining the dignity of his position and station it shall be lawful for the Secretary of State for the time being to enter into and upon the immovable properties mentioned in the Indenture and to exercise certain powers therein spec ified in the manner therein set forth; 2[AND WHEREAS by virtue of section 177 of the Government of India Act, 1935 (26 Geo. 5, e. 2.), the said indenture is, as from the commencement3 of Part III of that Act, to have effect as if it had been made on behalf of the Province of Bengal and references therein to the Secretary of State in Council are to be construed accordingly;] 4[AND WHEREAS by virtue of paragraph (2) of Article 8 of the Indian Independence (Rights, Property and Liabilities) Order, 1947, the said indenture is, as from the date of establishment of the Dominion of India, to have effect as if it had been made on behalf of the Province of West Bengal, and all rights and liabilities which have accrued and may accrue under the said indenture, to the extent to which they would have been rights or liabilities of the Province of Bengal, are the rights and liabilities of the Province of West Bengal.] "
360,ACT NO. 15 OF 1934,"THE SUGAR-CANE ACT, 1934",15,1934,"[1st May, 1934.]","An Act to regulate the price of sugar-cane intended for use in sugar factories. WHEREAS it is expedient, for the purpose of assuring to sugar-cane growers a fair price for their produce, to regulate the price at which sugar-cane intended to be used in the manufacture of sugar may be purchased by or for factories"
361,ACT NO. 30 OF 1934,"THE PETROLEUM ACT, 1934",30,1934,"[6th September, 1934.]","An Act to consolidate and amend the law relating to the import, transport, storage, production, refining and blending of petroleum 2***. WHEREAS it is expedient to consolidate and amend the law relating to import, transport, storage, production, refining and blending of petroleum 2***;"
362,ACT NO. 2 OF 1934,"THE RESERVE BANK OF INDIA ACT, 1934",2,1934,"[6th March, 1934.]",An Act to constitute a Reserve Bank of India. WHEREAS it is expedient to constitute a Reserve Bank for India to regulate the issue of Bank notes and the keeping of reserves with a view to securing monetary stability in 2[India] and generally to operate the currency and credit system of the country to its advantage; 3[AND WHEREAS it is essential to have a modern monetary policy framework to meet the challenge of an increasingly complex economy; AND WHEREAS the primary objective of the monetary policy is to maintain price stability while keeping in mind the objective of growth; AND WHEREAS the monetary policy framework in India shall be operated by the Reserve Bank of India;]
363,ACT NO. 22 OF 1934,"THE AIRCRAFT ACT, 1934",22,1934,"[19th August, 1934.]","An Act to make better provision for the control of the manufacture, possession, use, operation, sale, import and export of aircraft. WHEREAS it is expedient to make better provision for the control of the manufacture, possession, use, operation, sale, import and export of aircraft;"
364,ACT NO. 4 OF 1936,"THE PAYMENT OF WAGES ACT, 1936",4,1936,"[23rd April,1936.]",An Act to regulate the payment of wages of certain classes to 2[employed persons]. WHEREAS it is expedient to regulate the payment of wages to certain classes of 2[employed persons].
365,ACT NO. 3 OF 1936,"THE PARSI MARRIAGE AND DIVORCE ACT, 1936",3,1936,"[23rd April, 1936.]",An Act to amend the law relating to marriage and divorce among Parsis. WHEREAS it is expedient to amend the law relating to marriage and divorce among Parsis
366,ACT NO. 1 OF 1937,"THE AGRICULTURAL PRODUCE (GRADING AND MARKING) ACT, 1937",1,1937,"[24th February, 1937.]",An Act to provide for the grading and marking of agricultural 2[and other] produce. WHEREAS it is expedient to provide for the grading and marking of agricultural 2[and other] produce
367,ACT NO. 19 OF 1937,"THE ARYA MARRIAGE VALIDATION ACT, 1937",19,1937,"[14th April, 1937.]",An Act to recognise and remove doubts as to the validity of inter-marriages current among Arya Samajists. WHEREAS it is expedient to recognise and place beyond doubt the validity of inter-marriages of a class of Hindus known as Arya Samajists
368,ACT NO. 26 OF 1937,"THE MUSLIM PERSONAL LAW (SHARIAT) APPLICATION ACT, 1937",26,1937,"[7th October, 1937.]",An Act to make provision for the application of the Muslim Personal Law (Shariat) to Muslims. 1*** WHEREAS it is expedient to make provision for the application of the Muslim Personal Law (Shariat) to Muslims 1***;
369,ACT NO. 10 OF 1938,"THE CUTCHI MEMONS ACT, 1938",10,1938,"[8th April, 1938.]",An Act to provide that all Cutchi Memons shall be governed in matters of succession and inheritance by the Muhammadan Law. WHEREAS it is expedient that all Cutchi Memons be governed in matters of succession and inheritance by the Muhammadan Law
370,ACT NO. 5 OF 1938,"THE MANOEUVRES FIELD FIRING AND ARTILLERY PRACTICE ACT, 1938",5,1938,"[12th March, 1938.]",An Act to provide facilities for military manoeuvres and for field firing and artillery practice. WHEREAS it is expedient to provide facilities for military manoeuvres and for field firing and artillery practice
371,ACT NO. 16 OF 1939,"THE REGISTRATION OF FOREIGNERS ACT, 1939",16,1939,"[8th April, 1939.]","An Act to provide for the registration of foreigners in 1[India]. WHEREAS it is expedient to provide for the registration of foreigners entering, being present in, and departing form, 1[India];"
372,ACTNO. 30OF 1939,"THE COMMERCIAL DOCUMENTS EVIDENCE ACT, 1939",30,1939,"[26th September, 1939.]",An Act to amend the Law of Evidence with respect to certain commercial documents. WHEREAS it is expedient to amend the Law of Evidence with respect to certain commercial documents;
373,ACT NO. 23 OF 1940,"THE DRUGS AND COSMETICS ACT, 1940",23,1940,"[10th April, 1940.]","An Act to regulate the import, manufacture, distribution and sale of drugs 2[and cosmetics]. WHEREAS it is expedient to regulate the 3[import, manufacture, distribution and sale] of drugs 2[and cosmetics]; AND WHEREAS the Legislatures of all the Provinces have passed resolutions in terms of section 103 of the Government of India Act, 1935 (26 Geo. 5, c. 2), in relation to such of the above-mentioned matters and matters ancillary thereto as are enumerated in List II of the Seventh Schedule to the said Act:"
374,ACT NO. 12 OF 1941,"THE DELHI RESTRICTION OF USES OF LAND ACT, 1941",12,1941,"[8th April, 1941.]",An Act to regulate in the Province of Delhi the use of land for purposes other than agricultural purposes. WHEREAS it is expedient to regulate in the Province of Delhi the use of land for purposes other than agricultural purposes ;
375,ACT NO. 7 OF 1942,"THE COFFEE ACT, 1942",7,1942,"[2nd March, 1942.]",An Act 1[to provide for the development under the control of the Union of the coffee industry]. WHEREAS it is expedient 1[to provide for the development under the control of the Union of the coffee industry] ;
376,ACT NO. 9 OF 1943,"THE RECIPROCITY ACT, 1943",9,1943,"[31st March, 1943.]","An Act to make provisions on a basis of reciprocity in regard to entry into, travel, residence, the acquisition, holding or disposal of property, the enjoyment of educational facilities, the holding of public office, or the carrying on of any occupation, trade, business or profession in 2*** India by, and the franchise in 2*** India of, persons domiciled in British Possessions. Preamble.—WHEREAS it is expedient to make provisions on a basis of reciprocity in regard to entry into, travel, residence, the acquisition, holding or disposal of property, the enjoyment of educational facilities, the holding of public office, or the carrying on of any occupation, trade, business or profession in 2*** India by, and the franchise in 2*** India of, persons domiciled in British Possessions:"
377,ACT No 18 OF 1944,"THE PUBLIC DEBT ACT, 1944",,1944,"[22nd November, 1944.]",An Act to consolidate and amend the law relating to Government securities 2*** and to the management by the Reserve Bank of India of the public debt of 3 [the Government]. WHEREAS it is expedient to consolidate and amend the law relating to Government securities 2*** and to the management by the Reserve Bank of India of the public debt of 3[the Government].
378,ACT NO. 47 OF 1945,"THE INTERNATIONAL MONETARY FUND AND BANK ACT, 1945",47,1945,"[24th December, 1945.]",An 2[Act] to implement the International Monetary Fund and Bank Agreements. 
379,ACT NO. 20 OF 1946,"THE INDUSTRIAL EMPLOYMENT (STANDING ORDERS) ACT, 1946",20,1946,"[23rd April, 1946.]",An Act to require employers in industrial establishments formally to define conditions of employment under them. WHEREAS it is expedient to require employers in industrial establishments to define with sufficient precision the conditions of employment under them and to make the said conditions known to workmen employed by them;
380,ACT No. 31 OF 1946,"THE FOREIGNERS ACT, 1946 (Modified as on 3rd December, 2018)",31,1946,"[23rd November, 1946.]","An Act to confer upon the Central Government certain powers in respect of foreigners. WHEREAS it is expedient to provide for the exercise by the Central Government of certain powers in respect of the entry of foreigners into 2[India], their presence therein and their departure therefrom."
381,ACT No. 25 OF 1946,"THE DELHI SPECIAL POLICE ESTABLISHMENT ACT, 1946",25,1946,"[19th November, 1946.]",An Act to make provision for the constitution of a special police force 2[in Delhi for the investigation of certain offences in 3 [the Union territories]] for the superintendence and administration of the said force and for the extension to other areas 4* * * of the powers and jurisdiction of members of the said force in regard to the investigation of the said offences. WHEREAS it is necessary to constitute a special police force 2[in Delhi for the investigation of certain offences in 3[the Union territories]] and to make provision for the superintendence and administration of the said force and for the extension to other area 4*** of the powers and jurisdiction of the members of the said force in regard to the investigation of the said offences;
382,ACT NO. 15 OF 1947,"THE ARMED FORCES (EMERGENCY DUTIES) ACT, 1947",15,1947,"[20th March, 1947.]",An Act to enable duties in connection with vital services to be imposed in an emergency on an Armed Forces 2* * *. WHEREAS it is expedient to enable duties in connection with vital services to be imposed in the emergency on the Armed Forces 2* * *.
383,ACT NO. 24 OF 1947,"THE RUBBER ACT, 1947",24,1947,"[18th April, 1947.]",An Act to provide for the development 2[under the control of the Union] of the rubber industry 3***. WHEREAS it is expedient to provide for the development 2[under the control of the Union] of the rubber industry 3***;
384,ACT NO. 43 OF 1947,"THE UNITED NATIONS (SECURITY COUNCIL) ACT, 1947",43,1947,"[20th December, 1947.]",An Act to enable effect to be given to certain provisions of the Charter of the United Nations. WHEREAS it is expedient to enable effect to be given to certain provisions of the Charter of the United Nations;
385,ACT NO. 46 OF 1947,"THE UNITED NATIONS (PRIVILEGES AND IMMUNITIES) ACT, 1947",46,1947,"[20th December, 1947.]","An Act to give effect to the Convection on the Privileges and immunities of the United Nations. WHEREAS it is expedient to give effect to the Convention on the Privileges and Immunities of the United Nations, and to enable similar privileges and immunities to be enjoyed by other international organisations and their representatives and officials;"
386,ACT NO. 11 OF 1948,"THE MINIMUM WAGES ACT, 1948",11,1948,"[15th March, 1948.]",An Act to provide for fixing minimum rates of wages in certain employments. WHEREAS it is expedient to provide for fixing minimum rates of wages in certain employments;
387,ACT NO. 12 OF 1948,"THE REHABILITATION FINANCE ADMINISTRATION ACT, 1948",12,1948,"[23rd March, 1948.]",An Act to establish the Rehabilitation Finance Administration. WHEREAS it is expedient to establish a Rehabilitation Finance Administration for the purpose of giving financial assistance on reasonable terms to displaced persons to enable them to settle in business or industry;
388,ACT NO. 16 OF 1948,"THE DENTISTS ACT, 1948",16,1948,"[29th March, 1948.]","An Act to regulate the profession of dentistry.  (2) An elected or nominated member may at any time resign his membership by writing under his hand addressed to the President and the seat of such member shall thereupon become vacant.   10. Calcutta University Bachelor of Dental Surgery B.D.S Calcutta.  13. Osmania University Bachelor of Dental Surgery B.D.S Osmania.  15. Mysore University (i) Bachelor of Dental Surgery B.D.S Mysore. (ii) Master of Dental Surgery —Operative Dentistry *M.D.S (Operative) Mysore. (This qualification shall be recognised only when granted before 12-9-1973). —Orthodontia M.D.S (Ortho.) Mysore. 1 2 3 —Periodontia M.D.S(Perio.) Mysore.   18. Indore University Bachelor of Dental Surgery B.D.S Indore. (3) An elected or nominated member shall be deemed to have vacated his seat if he is absent without excuse, sufficient in the opinion of the Council, from three consecutive ordinary meetings of the Council or, in the case of a member whose name is required to be included in a 2[State] register, if his name is removed from such register, or if he has been elected under clause (c) of section 3 5[if he ceases to hold his appointment as the 6[Principal, Dean, Director or Vice-Principal] of a dental college, or as 7[the Head Head of the dental wing] of a medical college, or if he has been elected under clause (b) or (d) of section 3, if he ceases to be a member of the Medical Council of India or 8[the Dental or Medical Faculty] of the University, as the case may be.   21. Nagpur University Bachelor of Dental Surgery B.D.S., Nagpur.  (4) A casual vacancy in the Council shall be filled by fresh election or nomination, as the case may be, and the person elected or nominated to fill the vacancy shall hold office only for the remainder of the term for which the member whose place he takes was elected or nominated. (5) Members of the Council shall be eligible for re-election or re-nomination. (6) No act done by the Council shall be called in question on the ground merely of the existence of any vacancy in, or defect in the constitution of, the Council. 7. President and Vice-President of Council.—(1) The President and Vice-President of the Council shall be elected by the members thereof from among themselves: Provided that on the first constitution of the Council and until the President is elected, a member of the Council nominated by the Central Government in this behalf shall discharge the functions of the President: Provided further that for five years from the first constitution of the Council, the President shall, if the Central Government so decides, be a person nominated by the Central Government, who shall hold office during the pleasure of the Central Government, and where he is not already a member, shall be a member of the Council in addition to the members referred to in section 3. (2) An elected President or Vice-President shall hold office as such for a term not exceeding five years and not extending beyond the expiry of his term as member of the Council, but subject to his being a member of the Council, he shall be eligible for re-election.  1. Short title and extent.—(1) This Act may be called the Dentists Act, 1948. (2) Notwithstanding anything contained in clause (a) of sub-section (1), for the first four years from the first constitution of the Council, the Secretary of the Council shall be a person appointed by the Central Government, who shall hold office during the pleasure of the Central Government. 9.The Executive Committee.—(1) The Council shall constitute from among its members an Executive Committee, and may so constitute other Committees for such general or special purposes as the Council considers necessary for carrying out its functions under this Act. (2) The Executive Committee shall consist of the President and Vice-President ex officio 1[and the Director-General of Health Services ex officio] and five other members elected by the Council. (3) The President and Vice-President of the Council shall be Chairman and Vice-Chairman, respectively, of the Executive Committee. (4) A member of the Executive Committee shall hold office as such until the expiry of his term of office as member of the Council but, subject to his being a member of the Council, he shall be eligible for re-election. (5) In addition to the powers and duties conferred and imposed on it by this Act, the Executive Committee shall exercise and discharge such powers and duties as may be prescribed. 2[10. Recognition of dental qualifications.—(1) The dental qualifications, granted by any authority or institution in India, which are included in Part I of the Schedule shall be recognised dental qualifications for the purposes of this Act. (2) Any authority or institution in India which grants a dental qualification not included in Part I of the Schedule may apply to the Central Government to have such qualification recognised and included in that Part, and the Central Government, after consulting the Council, and after such inquiry, if any, as it may think fit for the purpose, may, by notification in the Official Gazette, amend Part I of the Schedule so as to include such qualification therein, and any such notification may also direct that , an entry shall be made in Part I of Schedule against such dental qualification declaring that it shall be a recognised dental qualification only when granted after a specified date. (3) (a) The dental qualifications, granted by any authority or institution outside India, which are included in Part II of the Schedule shall be recognised dental qualifications only for the purposes of the registration of citizens of India when the register is first prepared under this Act. (b) Where any dental qualification granted by any authority or institution outside India, and held by a citizen of India, is recognised for the purposes of the register when it is first prepared, after the commencement of the Dentists (Amendment) Act, 1972 (42 of 1972), the Central Government may, after consultation with the Council, by notification in the Official Gazette, amend Part II of the Schedule so as to include therein the dental qualification so recognised. (2) It extends to 2[the whole of India 3***.] (4) (a) The dental qualifications granted by any authority or institution outside India, which are included in Part III of the Schedule, shall be recognised dental qualifications for the purposes of this Act, but no person possessing any such qualification shall be entitled for registration unless he is a citizen of India. (b) Where any dental qualification granted by any authority or institution outside India, and held by a citizen of India, is recognised, except on reciprocal basis, after the commencement of the Dentists (Amendment) Act, 1972 (42 of 1972), the Central Government may, after consultation with the Council, by notification in the Official Gazette, amend Part III of the Schedule so as to include therein the dental qualification recognised. (5) The Council may enter into negotiations with any authority or institution in any State or country outside India which, by law of any such State or country, is entrusted with the maintenance of a register of dentists, for the settling of a scheme of reciprocity for the recognition of dental qualifications and in pursuance of any such scheme, the Central Government may, by notification in the Official Gazette, declare that any such qualification granted by any authority or institution in any such State or country, or such qualification, only when granted after a specified date, shall be a recognised dental qualification for the purposes of this Act, and any such notification may provide for an amendment of the Schedule and may also direct that any such dental qualification as is specified in the notification shall be entered in the Schedule as so amended. (6) The Central Government may, after consultation with the Council, by notification in the Official Gazette, amend the Schedule by directing that an entry be made therein in respect of any dental qualification declaring that it shall be a recognised dental qualification only when granted before a specified date.]  except with the previous permission of the Central Government obtained in accordance with the provisions of this section. Explanation 1.—For the purposes of this section, “person” includes any University or a trust but does not include the Central Government. Explanation 2.—For the purposes of this section, “admission capacity”, in relation to any course of study or training (including a post-graduate course of study or training) in an authority or institution granting recognised dental qualification, means the maximum number of students that may be fixed by the Council from time to time for being admitted to such course or training. (2) (a) Every person, authority or institution granting recognised dental qualification shall, for the purpose of obtaining permission under sub-section (1), submit, to the Central Government a scheme in accordance with the provisions of clause (b) and the Central Government shall refer the said scheme to the Council for its recommendations. (b) The scheme referred to in clause (a) shall be in such form and contain such particulars and be preferred in such manner and be accompanied with such fee as may be prescribed.   (4) The Central Government may, after considering the scheme and the recommendations of the Council under sub-section (3) and after obtaining, where necessary, such other particulars as may be considered necessary by it from the person, authority or institution concerned, and having regard to the factors referred to in sub-section (7), either approve (with such conditions, if any, as it may consider necessary) or disapprove the scheme and any such approval shall be a permission under sub-section (1): Provided that no scheme shall be disapproved by the Central Government except after giving the person, authority or institution concerned granting recognised dental qualification a reasonable opportunity of being heard: Provided further that nothing in this sub-section shall prevent any person, authority or institution whose scheme has not been approved to submit a fresh scheme and the provisions of this section shall apply to such scheme, as if such scheme has been submitted for the first time under sub-section (2). (5) Where within a period of one year from the date of submission of the scheme to the Central Government under sub-section (2), no order passed by the Central Government has been communicated to the person, authority or institution submitting the scheme, such scheme shall be deemed to have been approved by the Central Government in the form in which it has been submitted, and, accordingly, the permission of the Central Government required under sub-section (1) shall also be deemed to have been granted. (6) In computing the time-limit specified in sub-section (5), the time taken by the person, authority or institution concerned submitting the scheme in furnishing any particulars called for by the Council or by the Central Government, shall be excluded.  (8) Where the Central Government passes an order either approving or disapproving a scheme under this section, a copy of the order shall be communicated to the person, authority or institution concerned. 10B. Non-recognition of dental qualifications in certain cases.—(1) Where any authority or institution is established for grant of recognised dental qualification except with the previous permission of the Central Government in accordance with the provisions of section 10A, no dental qualification granted to any student of such authority or institution shall be a recognised dental qualification for the purposes of this Act. (2) Where any authority or institution granting recognised dental qualification opens a new or higher course of study or training (including a post-graduate course of study or training) except with the previous permission of the Central Government in accordance with the previous permission of the Central Government in accordance with the provisions of section 10A, no dental qualification granted to any student of such authority or institution on the basis of such study or training shall be a recognised dental qualification for the purposes of this Act.  (3) Where any authority or institution granting recognised dental qualification increases its admission capacity in any course of study or training (including a post-graduate course of study or training) except with the previous permission of the Central Government in accordance with the provisions of section 10A, no dental qualification granted to any student of such authority or institution on the basis of the increase in its admission capacity shall be a recognised dental qualification for the purposes of this Act. Explanation.—For the purposes of this section, the criteria for identifying a student who has been granted a dental qualification on the basis of such increase in the admission capacity shall be such as may be prescribed. 10C. Time for seeking permission for certain existing authorities.—(1) If, after the 1st day of June, 1992 and on and before the commencement of the Dentists (Amendment) Act, 1993 (30 of 1993) any person has established an authority or institution for grant of recognised dental qualification or any authority or institution granting recognised dental qualification has opened a new or higher course of study or training (including a post-graduate course of study or training) or increased its admission capacity, such person, authority or institution, as the case may be, shall seek, within a period of one year from the commencement of the Dentists (Amendment) Act, 1993, the permission of the Central Government in accordance with the provisions of section 10A. (2) If any person or, as the case may be, any authority or institution granting recognised dental qualification fails to seek the permission under sub-section (1), the provisions of section 10B shall apply, so far as may be, as if permission of the Central Government under section 10A has been refused.] 1[10D. Uniform entrance examination for undergraduate and post-graduate level.—There shall be conducted a uniform entrance examination to all dental educational institutions at the undergraduate level and post-graduate level through such designated authority in Hindi, English and such other languages and in such manner as may be prescribed and the designated authority shall ensure the conduct of uniform entrance examination in the aforesaid manner: Provided that notwithstanding any judgment or order of any court, the provisions of this section shall not apply, in relation to the uniform entrance examination at the undergraduate level for the academic year 2016-17 conducted in accordance with any regulations made under this Act, in respect of the State Government seats (Whether in Government Dental College or in a Private Dental College) where such State has not opted for such examination.] 11. Qualifications of dental hygienists.—Any authority in a 1[State] 2*** which grants a qualification for dental hygienists may apply to the Council to have such qualification recognised, and the Council may, after such inquiry, if any, as it thinks fit, and after consulting the Government and the 3[State] Council of the 1[State] in which the authority making the application is situated, declare that such qualification, or such qualification only when granted after a specified date, shall be a recognised dental hygiene qualification for the purposes of this Act. 12. Qualifications of dental mechanics.—The Council may prescribe the period and nature of an apprenticeship or training which shall be undergone and the other conditions which shall be satisfied by a person before he is entitled to be registered under this Act as a dental mechanic.  14. Power to require information as to courses of study and training and examinations.—Every authority in a 1[State] 2*** which grants any recognised dental or dental hygiene qualification shall furnish such information as the Council may from time to time require as to the courses of study and training and examinations to be undergone in order to obtain such qualification, as to the ages at which such courses of study and examinations are required to be undergone, and generally as to the requisites for obtaining such qualification. 4. Incorporation of Council.—The Council shall be a body corporate by the name of the Dental Council of India, having perpetual succession and a common seal, with power to acquire and hold property, both movable and immovable, and shall by the said name sue and be sued. 15. Inspection.—(1) The Executive Committee 4[may, subject to regulations, if any, made by the Council appoint] such number of Inspectors as it deems necessary to attend at any examinations held by authorities in the 5[States] 2*** which grant recognised dental or dental hygiene qualifications and to inspect any institution recognised as a training institution. (2) Inspectors appointed under this section shall not interfere with the course of any examination but they shall report to the Executive Committee on the sufficiency of every examination at which they attend and of the courses of study and training at every institution which they inspect, and on any other matters with regard to which the Executive Committee may require them to report. (3) The Executive Committee shall forward a copy of such report to the authority or institution concerned and shall also forward copies with remarks, if any, of the authority or institution concerned thereon to the Central Government and to the Government of the State in which the authority or institution is situated. 6[15A. Appointment of Visitors.—(1) The Council may appoint such number of Visitors as it may deem necessary to attend at any examination held by any authority or institution in a State which grants recognised dental qualifications and to inspect any institution training students for recognised dental qualifications. (2) Any person, whether he is a member of the Council or not, may be appointed as a Visitor under this section, but a person who is appointed as an Inspector under section 15 for any inspection or examination shall not be appointed as a Visitor for the same inspection or examination. (3) The Visitor shall not interfere with the course of any examination but shall report to the President of the Council on the sufficiency of every examination at which he attends and of the courses of study and training at every institution which he inspects, and on the adequacy of the standards of dental education including staff, equipment, accommodation and other facilities prescribed for giving dental education, and on any other matters with regard to which the Council may require him to report. (4) The report of a Visitor shall be treated as confidential unless in any particular case the President of the Council otherwise directs: Provided that if the Central Government requires a copy of the report of a Visitor, the Council shall furnish the same. 16. Withdrawal of recognition.—(1) When upon report by the Executive Committee it appears to the Council— (a) that the courses of study and training or the examinations to be undergone in order to obtain a recognised 1*** dental hygiene qualification from any authority in a 2[State] 3*** or the conditions for admission to such courses or the standards of proficiency required from the candidates at such examinations are not in conformity with regulations made under this Act or fall short of the standards required thereby, or (b) that an institution does not satisfy the requirements of the Council, the Council may send to the Government of the 4[States] in which the authority or institution is situated a statement to such, effect, and the 5[State] Government shall forward it, along with such remarks as it may think fit, to the authority or institution concerned with an intimation of the period within which the authority or institution may submit its explanation to the 5[State] Government. (2) On receipt of the explanation, or where no explanation is submitted within the period fixed, then on the expiry of the period, the 5[State] Government shall after consulting the 5[State] Council, forward its recommendations and those of the 5[State] Council, if any, to the Council. (3) The Council, after considering the recommendations of the 5[State] Government and the State Council and after such further inquiry, if any, as it may think fit to make, may declare that the qualification granted by the authority or institution shall be a recognised 1*** dental hygiene qualification only when granted before a specified date. (4) The Council may declare that any recognised 1*** dental hygiene qualification granted outside the 4[States] 3*** shall be recognised as such only if granted before a specified date. 6[16A.Withdrawal of recognition of recognised dental qualification.—(1) When, upon report by the Executive Committee or the Visitor, it appears to the Council— (a) that the courses of study and training or the examination to be undergone in order to obtain a recognised dental qualification from any authority or institution in a State, or the conditions for admission to such courses or the standards of proficiency required from the candidates as such examinations are not in conformity with the regulations made under this Act or fall short of the standards required thereby, or (b) that an institution does not, in the matter of staff, equipment, accommodation, training and other facilities, satisfy the requirements of the Council, the Council shall send a statement to that effect to the Central Government. (2) After considering such a statement, the Central Government may send it to the Government of the State in which the authority exercises power or the institution is situated, and the State Government shall forward it, along with such remarks as it may think fit to make, to the authority or institution concerned, with an intimation of the period within which the authority or institution may submit its explanation to the State Government. (3) After considering the explanation, or where no explanation is submitted within the period fixed, then, on the expiry of that period, the State Government shall make its recommendations to the Central Government. (4) The Central Government may, after considering the recommendations of the State Government and after making such further inquiry, if any, as it may think fit, by notification in the Official Gazette, direct that an entry shall be made in Part I of the Schedule against the qualification granted by the authority or institution declaring that it shall be a recognised dental qualification only when granted before a specified date or that the said recognised dental qualification if granted to students of a specified college or institution affiliated to any University shall be a recognised dental qualification only when granted before a specified date or, as the case may be, that the said recognised dental qualification shall be a recognised dental qualification in relation to a specified college or institution affiliated to any University only when granted after a specified date.] 17. Mode of declarations.—All declarations under 1*** section 11 or section 16 shall be made by a resolution passed at a meeting of the Council and shall forthwith be published in the Official Gazette. 5. Mode of elections.—Elections under this Chapter shall be conducted in the prescribed manner, and where any dispute arises regarding any such election, it shall be referred to the Central Government whose decision shall be final. 2[17A. Professional conduct.—(1) The Council may prescribe standards of professional conduct and etiquette or the code of ethics for dentists. (2) Regulations made by the Council under sub-section (1) may specify which violations thereof shall constitute infamous conduct in any professional respect, that is to say, professional misconduct, and such provision shall have effect notwithstanding anything to the contrary contained in any other law for the time being in force.] 18. The Indian Register.—(1) The Council shall maintain a register of dentists to be known as the Indian Dentists Register and consisting of the entries in all the 3[State] registers of dentists. (2) Each 3[State] Council shall supply to the Council twenty printed copies of the 3[State] register as soon as may be after the 1st day of April of each year, and each Registrar shall inform the Council without delay of all additions to and other amendments in the 3[State] register. 19. Information to be furnished.—(1) The Council shall furnish copies of its minutes and of the minutes of the Executive Committee and an annual report of its activities together with an abstract of its accounts to the Central Government. (2) The Central Government may publish in such manner as it thinks fit any report, copy or abstract furnished to it under this section. 20. Power to make regulations.—(1) The Council may, with the approval of the Central Government, 4[by notification in the Official Gazette,] make regulations not inconsistent with the provisions of this Act to carry out the purposes of this Chapter.  Provided that regulations under clauses (g) and (h) shall be made after consultation with 3[State] Governments. (3) To enable the Council to be first constituted, the Central Government may make regulations for the conduct of the elections to the Council, and any regulation so made may be altered or rescinded by the Council in exercise of its powers under this section. 6. Term of office and casual vacancies.—(1) Subject to the provisions of this section an elected or nominated member shall hold office for a term of five years from the date of his election or nomination or until his successor has been duly elected or nominated, whichever is longer:  1[Provided that in the State of Saurashtra 2[as it existed before the 1st November, 1956], the State Dental Council constituted under Saurashtra Ordinance XXV of 1948, as amended by Saurashtra Ordinance XL of 1949, shall be deemed to the State Council constituted under this Act.]   (3) An agreement under this section shall be published in the Official Gazettes of the participating 4[States].  24. Incorporation of State Councils.—Every 3[State] Council shall be a body corporate by such name as may be notified by the 3[State] Government in the Official Gazette or, in the case of a Joint 3[State] Council, as may be determined in the agreement, having perpetual succession and a common seal with power to acquire and hold property, both movable and immovable, and shall by the said name sue and be sued. 25. President and Vice-President of State Council.—(1) The President and Vice-President of the 3[State] Council shall be elected by the members from among themselves: Provided that for five years from the first constitution of the 1[State] Council, the President shall, if the 1[State] Government so decides, be a person nominated by the 1[State] Government who shall hold office during the pleasure of the 1[State] Government, and where he is not already a member, shall be a member of the 1[State] Council in addition to the members referred to in section 21 or 23, as the case may be. (2) The President or Vice-President shall hold office as such for a term not exceeding five years and not extending beyond the expiry of his term as a member of the 1[State] Council, but subject to his being a member of the 1[State] Council, he shall be eligible for re-election. 4[Provided that a member nominated under clause (e) or clause (f) section 3, shall hold office during the pleasure of the authority nominating him.] 26. Mode of elections.—Elections under this Chapter shall be conducted in the prescribed manner, and where any dispute arises regarding any such election, it shall be referred to the 1[State] Government whose decision shall be final. 27. Term of office and casual vacancies.—(1) Subject to the provisions of this section, an elected or nominated member shall hold office for a term of five years from the date of his election or nomination or until his successor has been duly elected or nominated whichever is longer: 2[Provided that a member nominated under clause (e) of section 21 or clause (e) of section 23, shall hold office during the pleasure of the authority nominating him.] (2) An elected or nominated member may at any time resign his membership by writing under his hand addressed to the President, and the seat of such member shall thereupon become vacant.  (4) A casual vacancy in the 1[State] Council shall be filled by fresh election or nomination, as the case may be, and the person elected or nominated to fill the vacancy shall hold office only for the remainder of the term for which the member whose place he takes was elected or nominated. (5) Members of the 1[State] Council shall be eligible for re-election or re-nomination.   "
389,ACT NO. 31 OF 1948,"THE NATIONAL CADET CORPS ACT, 1948",31,1948,"[16th April, 1948.]",An Act to provide for the constitution of a National Cadet Corps. WHEREAS it is expedient to provide for the constitution of a National Cadet Corps
390,ACT NO. 33 OF 1948,"THE CALCUTTA PORT (PILOTAGE) ACT, 1948",33,1948,"[16th April, 1948.]","An Act to provide for the transfer of control over pilotage on the River Hooghly to the Commissioners for the Port of Calcutta. WHEREAS it is expedient to provide for the transfer of control over pilotage on the River Hooghly to the Commissioners for the Port of Calcutta and for other matters incidental thereto, and to make certain consequential amendments in the Calcutta Pilots Act 12 of 1859;"
391,ACT NO. 34 OF 1948,"THE EMPLOYEES’ STATE INSURANCE ACT, 1948",34,1948,"[19th April, 1948.]","An Act to provide for certain benefits to employees in case of sickness, maternity and employment injury and to make provision for certain other matters in relation thereto. WHEREAS it is expedient to provide for certain benefits to employees in case of sickness, maternity and employment injury and to make provision for certain other matters in relation thereto;"
392,ACT NO. 37 OF 1948,"THE CENSUS ACT, 1948",37,1948,"[3rd September, 1948.]",An Act to provide for certain matters in connection with the taking of census. WHEREAS it is expedient to provide for the taking of census in 2* * * India or any part thereof whenever necessary or desirable and to provide for certain matters in connection with the taking of such census;
393,ACT NO. 41 OF 1948,"THE DIPLOMATIC AND CONSULAR OFFICERS (OATHS AND FEES) ACT, 1948",41,1948,"[3rd September, 1948.]",An Act to provide for the administration of oaths by diplomatic and consular officers and to prescribe the fees leviable in respect of certain of their official duties. WHEREAS it is expedient to provide for the administration of oaths by diplomatic and consular officers and for the levy of fees in respect of certain official duties performed by them;
394,ACT NO. 46 OF 1948,"THE COAL MINES PROVIDENT FUND AND MISCELLANEOUS PROVISIONS ACT, 1948",46,1948,"[3rd September, 1948.]",
395,ACT NO. 52 OF 1948,"THE BOMBAY PUBLIC SECURITY MEASURES (DELHI AMENDMENT) ACT, 1948",52,1948,"[8th September, 1948.]","An Act to amend the Bombay Public Security Measures Act, 1947, as extended to the Province of Delhi. WHEREAS it is expedient to amend the Bombay Public Security Measures Act, 1947 (Bombay Act 6 of 1947), as extended to the Province of Delhi, for the purposes hereinafter appearing;"
396,ACT NO. 53 OF 1948,"THE OILFIELDS (REGULATION AND DEVELOPMENT) ACT, 1948",53,1948,"[8th September, 1948.]",An Act to provide for the regulation of2** * oilfields and for the development of3[mineral oil resources]. WHEREAS it is expedient in the public interest to provide for the regulation of2** * oilfields and for the development of3[mineral oil resources]4***;
397,ACT NO. 56 OF 1948,"THE TERRITORIAL ARMY ACT, 1948",56,1948,"[10th September, 1948.]",An Act to provide for the constitution of a Territorial Army. WHEREAS it is expedient to provide for the constitution of Territorial Army;
398,ACT NO. 61 OF 1948,"THE CENTRAL SILK BOARD ACT, 1948",61,1948,"[20th September, 1948.]",An Act to provide for the development under Central control of the 2* * * silk industry and for that purpose to establish a Central Silk Board. WHEREAS it is expedient to provide for the development under Central control of the 2* * * silk industry and for that purpose to establish a Central Silk Board;
399,ACT NO. 62 OF 1948,"THE RESERVE BANK (TRANSFER TO PUBLIC OWNERSHIP) ACT, I948",62,1948,"[23rd September, 1948.]","An Act to bring the share capital of the Reserve Bank of India into public ownership and to make consequential amendments in the Reserve Bank of India Act, 1934. WHEREAS it is expedient to bring the share capital of the Reserve Bank of India into public ownership, to make provisions with respect to the relations between the Central Government and the Bank and to make consequential amendments in the Reserve Bank of India Act, 1934;"
400,ACT NO. 63 OF 1948,"THE FACTORIES ACT, 1948",63,1948,"[23rd September, 1948.]",An Act to consolidate and amend the law regulating labour in factories. WHEREAS it is expedient to consolidate and amend the law regulating labour in factories;
401,ACT NO. 9 OF 1948,"THE DOCK WORKERS (REGULATION OF EMPLOYMENT) ACT, 1948",9,1948,"[4th March, 1948.]",An Act to provide for regulating the employment of dock workers. WHEREAS it is expedient to provide for regulating the employment of dock workers;
402,ACT NO. 2 OF 1949,"THE MANGROL AND MANAVADAR (ADMINISTRATION OF PROPERTY) ACT, 1949",2,1949,"[14th February, 1949.]",An Act to provide for the vesting of certain properties belonging to the States of Mangrol and Manavadar in Kathiawar in the Managers of the said States. WHEREAS the administration of the States of Mangrol and Manavadar has been taken over by the Central Government; AND WHEREAS it is expedient to provide for the vesting of certain properties belonging to the said States in the Managers thereof appointed by or on behalf of the Central Government and for certain matters incidental thereto;
403,ACT NO. 10 OF 1949,"THE BANKING REGULATION ACT, 1949",10,1949,"[10th March, 1949.]",An Act to consolidate and amend the law relating to banking 2***. WHEREAS it is expedient to consolidate and amend the law relating to banking 2***;
404,ACT NO. 20 OF 1949,"THE WEST GODAVARI DISTRICT (ASSIMILATION OF LAWS ON FEDERAL SUBJECTS) ACT, 1949",20,1949,"[14th April, 1949.]","An Act to assimilate certain laws in force in different parts of the West Godavari District of the Province of Madras. WHEREAS by virtue of the Madras Partially Excluded Area (Cesser) Order, 1948, made under section 91 of the Government of India Act, 1935, the area comprised in the villages specified in Article 2 of the said Order ceased, as from the 1st day of July, 1948, to be part of a partially excluded area in the West Godavari District of the Province of Madras; AND WHEREAS it is expedient that the laws in force in the said area with respect to the matters enumerated in List I in the Seventh Schedule to the Government of India Act, 1935 (25 and 26 Geo. 5, c. 2), should be assimilated to the laws in force with respect to the said matters in the rest of the said district;"
405,ACT NO. 54 OF 1949,"THE INDUSTRIAL DISPUTES (BANKING AND INSURANCE COMPANIES) ACT, 1949",54,1949,"[14th December, 1949.]",An Act to provide for the adjudication of industrial disputes concerning certain banking and insurance companies. WHEREAS it is expedient to provide for the adjudication of industrial disputes concerning banking and insurance companies having branches or other establishments in more than one State;
406,ACT NO. 64 OF 1949,"THE POLICE ACT, 1949",64,1949,"[27th December, 1949.]",An Act to provide for the constitution of a general police-district embracing two or more 2[Union territories] and for the establishment of a police force therefor. WHEREAS it is expedient to provide for the constitution of a general police-district embracing two or more 2[Union territories] and for the establishment of a police force therefor;
407,ACT NO. 66 OF 1949,"THE CENTRAL RESERVE POLICE FORCE ACT, 1949",66,1949,"[28th December, 1949.]",An Act to provide for the constitution and regulation of an armed Central Reserve Police Force. WHEREAS it is expedient to provide for the constitution and regulation of an armed Central Reserve Police Force;
408,ACT NO. 8 OF 1949,"THE SEAWARD ARTILLERY PRACTICE ACT, 1949",8,1949,"[17th February, 1949.]",An Act to provide facilities for carrying out seaward artillery practice. WHEREAS it is expedient to provide facilities for carrying out seaward artillery practice;
409,ACT NO. 7 OF 1950,"THE HIGH COURTS (SEALS) ACT, 1950",7,1950,"[27th February, 1950.]",An Act to provide for the use of seals of common form and design by the High Courts in the States.
410,ACT NO. 10 OF 1950,"THE IMMIGRANTS (EXPULSION FROM ASSAM) ACT, 1950",10,1950,"[1st March, 1950.]",An Act to provide for the expulsion of certain immigrants from Assam.
411,ACT NO. 12 OF 1950,"THE EMBLEMS AND NAMES (PREVENTION OF IMPROPER USE) ACT, 1950",12,1950,"[1st March, 1950.]",An Act to prevent the improper use of certain emblems and names for professional and commercial purposes.
412,ACT NO. 18 OF 1950,"THE SPECIAL CRIMINAL COURTS (JURISDICTION) ACT, 1950",18,1950,"[10th March, 1950.]","An Act to confer upon special criminal Courts, constituted by or under certain State laws, jurisdiction to try offences against laws with respect to any of the matters enumerated in the Union List."
413,ACT NO. 29 OF 1950,"THE TRANSFER OF PRISONERS ACT, 1950",29,1950,"[12th April, 1950.]",An Act to provide for the removal from one State to another of persons confined in a prison.
414,ACT NO. 30 OF 1950,THE UNION TERRITORIES (LAWS) ACT 1950,30,1950,"[15th April, 1950.]",An Act to provide for the extension of laws to certain 1[Union territories.]
415,ACT NO. 40 OF 1950,"THE ARMY AND AIR FORCE (DISPOSAL OF PRIVATE PROPERTY) ACT, 1950.",40,1950,"[28th April, 1950.]","An Act to provide for the disposal of the private property of persons subject to the Army Act, 1950 or the Air Force Act, 1950 , who die or desert or are ascertained to be of unsound mind or while on active service are officially reported to be missing."
416,ACT NO. 43 OF 1950,"THE REPRESENTATION OF THE PEOPLE ACT, 1950",43,1950,"[12th May, 1950.]","An Act to provide the allocation of seats in, and the delimitation of constituencies for the purpose of election to, the House of the People and the Legislatures of States, the qualifications of voters at such elections, the preparation of electoral rolls, 1[the manner of filling seats in the Council of States to be filled by representatives of 2[Union territories]], and matters connected therewith."
417,ACT NO. 45 OF 1950,"THE AIR FORCE ACT, 1950",45,1950,"[18th May, 1950.]",An Act to consolidate and amend the law relating to the government of the Air Force.
418,ACT NO. 49 OF 1950,"THE CONTINGENCY FUND OF INDIA ACT, 1950",49,1950,"[14th August, 1950.]",An Act to provide for the establishment and maintenance of Contingency Fund.
419,ACT NO. 74 OF 1950,"THE TELEGRAPH WIRES (UNLAWFUL POSSESSION) ACT, 1950",74,1950,"[28th December, 1950.]",An Act to regulate the possession of telegraph wires and to provide for the punishment of the offence of unlawful possession thereof.
420,ACT NO. 78 OF 1950,"THE KHADDAR (PROTECTION OF NAME) ACT, 1950",78,1950,"[28th December, 1950.]",An Act to regulate the use of the words “Khaddar” and “Khadi” when applied as a trade description of woven materials.
421,ACT NO. 46 OF 1950,"THE ARMY ACT, 1950",46,1950,"[20th May, 1950.]",An Act to consolidate and amend the law relating to the Government of the regular Army.
422,ACT NO. 30 OF 1951,"THE PRESIDENT’S EMOLUMENTS AND PENSION ACT, 1951",30,1951,"[13th May, 1951.]",An act to provide 1[for the emoluments of the President and for] pensions to retiring Presidents.
423,ACT NO. 33 OF 1951,"THE FINANCE COMMISSION (MISCELLANEOUS PROVISIONS) ACT, 1951",33,1951,"[16th May, 1951.]","An Act to determine the qualifications requisite for appointment as members of the Finance Commission and the manner in which they shall be selected, and to prescribe their powers."
424,ACT NO. 37 OF 1951,"THE SCHEDULED AREAS (ASSIMILATION OF LAWS) ACT, 1951",37,1951,"[23rd June, 1951.]",An Act to assimilate certain laws in force in the scheduled areas to the laws in force in the districts of Darrang and Lakhimpur of the State of Assam.
425,ACT NO. 39 OF 1951,"THE MARKING OF HEAVY PACKAGES ACT, 1951",39,1951,"[25th June, 1951.]","An Act to give effect to the International Convention drawn up in Geneva on the 30th day of May, 1929, for the marking of weight on heavy packages transported by sea or inland water- ways."
426,ACT NO. 41 OF 1951,"THE RAJGHAT SAMADHI ACT, 1951",41,1951,"[29th June, 1951.]",An Act to provide for the administration and control of the Rajghat Samadhi in Delhi.
427,ACT NO. 43 OF 1951,"THE REPRESENTATION OF THE PEOPLE ACT, 1951",43,1951,"[17th July, 1951.]","An Act to provide for the conduct of elections to the Houses of Parliament and to the House or Houses of the Legislature of each State, the qualifications and disqualifications for membership of those Houses, the corrupt 1*** practices and other offences at or in connection with such elections and the decision of doubts and disputes arising out of or in connection with such elections."
428,ACT NO. 47 OF 1951,"THE ASSAM (ALTERATION OF BOUNDARIES) ACT, 1951",47,1951,"[1st September, 1951.]",An Act to alter the boundaries of the State of Assam consequent on the cession of a strip of territory comprised in that State to the Government of Bhutan.
429,ACT NO. 61 OF 1951,"THE ALL-INDIA SERVICES ACT, 1951",61,1951,"[29th October, 1951.]","An Act to regulate the recruitment, and the conditions of service of persons appointed, to the All-India Services common to the Union and the States."
430,ACT NO. 65 OF 1951,"THE INDUSTRIES (DEVELOPMENT AND REGULATION) ACT, 1951",65,1951,"[31st October, 1951.]",An Act to provide for the development and regulation of certain industries.
431,ACT NO. 54 OF 1951,"THE COMPANIES (DONATIONS TO NATIONAL FUNDS) ACT, 1951",54,1951,"[17th October, 1951.]",An Act to enable companies to make donations to National funds.
432,ACT NO. 25 OF 1951,"THE JALLIANWALA BAGH NATIONAL MEMORIAL ACT, 1951",25,1951,"[1st May, 1951.]","An Act to provide for the erection and management of a National Memorial to perpetuate the memory of those killed or wounded on the 13th day of April, 1919, in Jallianwala Bagh."
433,ACT NO. 19 OF 1952,"THE EMPLOYEES‟ PROVIDENT FUNDS AND MISCELLANEOUS PROVISIONS ACT, 1952",19,1952,"[4th March, 1952.]","An Act to provide for the institution of provident funds 2[,3[pension fund] and deposit-linked insurance fund] for employees in factories and other establishments."
434,ACT No. 20 OF 1952,"THE INFLAMMABLE SUBSTANCES ACT, 1952",20,1952,"[6th March, 1952.]","An Act to declare certain substances to be dangerously inflammable and to provide for the regulation of their import, transport, storage and production by applying thereto the Petroleum Act, 1934, and the rules thereunder, and for certain matters connected with such regulation."
435,ACT NO. 30 OF 1952,"THE REQUISITIONING AND ACQUISITION OF IMMOVABLE PROPERTY ACT, 1952",30,1952,"[14th March, 1952.]",An Act to provide for the requisitioning and acquisition of immovable property for the purposes of the Union.
436,ACT NO. 35 OF 1952,"THE MINES ACT, 1952",35,1952,"[15th March, 1952.]",An Act to amend and consolidate the law relating to the regulation of labour and safety in mines.
437,ACT NO. 53 OF 1952,"THE NOTARIES ACT, 1952",53,1952,"[9th August, 1952.]",An Act to regulate the profession of notaries.
438,ACT NO. 58 OF 1952,"THE SALARIES AND ALLOWANCES OF MINISTERS ACT, 1952",58,1952,"[12th August, 1952.]",An Act to provide for the salaries and allowances of Ministers.
439,ACT NO. 60 OF 1952,"THE COMMISSIONS OF INQUIRY ACT, 1952",60,1952,"[14th August, 1952.]",An Act to provide for the appointment of Commissions of Inquiry and for vesting such Commissions with certain powers.
440,ACT NO. 16 OF 1953,"THE SCHEDULED AREAS (ASSIMILATION OF LAWS) ACT, 1953",16,1953,"[6th May, 1953.]",An Act to assimilate certain laws in force in the scheduled areas to the laws in force in the districts of Nowgong and Sibsagar in the State of Assam.
441,ACT NO. 20 OF 1953,"THE SALARIES AND ALLOWANCES OF OFFICERS OF PARLIAMENT ACT, 1953",20,1953,"[16th May, 1953.]",An Act to provide for the salaries and allowances of certain officers of Parliament.
442,ACT NO. 29 OF 1953,"THE TEA ACT, 1953",29,1953,"[28th May, 1953.]","An Act to provide for the control by the Union of the Tea industry, including the control, in pursuance of the International Agreement now in force, of the cultivation of tea in, and of the export of tea from, India and for that purpose to establish a Tea Board and 2[levy a duty of excise on tea produced in India.]"
443,ACT NO. 41 OF 1953,"THE CALCUTTA HIGH COURT (EXTENSION OF JURISDICTION) ACT, 1953",41,1953,"[18th December, 1953.]",An Act to extend the jurisdiction of the High Court at Calcutta to Chandernagore and the Andaman and Nicobar Islands.
444,ACT NO. 45 OF 1953,"THE COIR INDUSTRY ACT, 1953",45,1953,"[23rd December, 1953.]","1[An Act to provide for the establishment of a Board for the development of the Coir Industry and for that purpose to levy a customs duty on coir fiber, coir yarn and coir products exported from India and for matters connected therewith.]"
445,ACT NO. 18 OF 1954,"THE LUSHAI HILLS DISTRICT (CHANGE OF NAME) ACT, 1954",18,1954,"[29th April, 1954.]",An Act to change the name of the Lushai Hills District.
446,ACT NO. 27 OF 1954,"THE DELIVERY OF BOOKS AND NEWSPAPERS (PUBLIC LIBRARIES) ACT, 1954",27,1954,"[20th May, 1954.]",An Act to provide for delivery of books to the National Library and other public libraries.
447,ACT NO. 28 OF 1954,"THE HIGH COURT JUDGES (SALARIES AND CONDITIONS OF SERVICE) ACT, 1954",28,1954,"[20th May, 1954.]",An Act to regulate 1[salaries and certain conditions of service] of the Judges of High Courts 2***
448,ACT NO. 30 OF 1954,"THE SALARY, ALLOWANCES AND PENSION OF MEMBERS OF PARLIAMENT ACT, 1954",30,1954,"[22nd May, 1954.]","An Act to provide for the 1[salary, allowances and pension] of Members of Parliament."
449,ACT NO. 31 OF 1954,"THE SHILLONG (RIFILE RANGE AND UMLONG) CANTONMENTS ASSIMILATION OF LAWS ACT, 1954",31,1954,"[28th May, 1954.]",An Act to assimilate certain laws in force in the scheduled areas to the laws in force in the Khasi and Jaintia Hills District.
450,ACT NO. 32 OF 1954,"THE HIMACHAL PRADESH AND BILASPUR (NEW STATE) ACT, 1954",32,1954,"[28th May, 1954.]","An Act to provide for the formation of the new State of Himachal Pradesh by uniting the existing States of Himachal Pradesh and Bilaspur, and for matters connected therewith."
451,ACT NO. 22 OF 1955,"THE PROTECTION OF CIVIL RIGHTS ACT, 1955",22,1955,"[8th May, 1955.]",An Act to prescribe punishment for the 2[preaching and practice of “Untouchability”] for the enforcement of any disability arising therefrom and for matters connected therewith.
452,ACT NO. 23 OF 1955,"THE STATE BANK OF INDIA ACT, 1955",23,1955,"[8th May, 1955.]",
453,ACT NO. 32 OF 1955,"THE PRISONERS (ATTENDANCE IN COURTS) ACT, 1955",32,1955,"[20th September, 1955.]",An Act to provide for the attendance in courts of persons confined in prisons for obtaining their evidence or for answering a criminal charge.
454,ACT NO. 36 OF 1955,"THE DURGAH KHAWAJA SAHEB ACT, 1955",36,1955,"[14th October, 1955.]","An Act to make provision for the proper administration of the Durgah and the Endowment of the Durgah of Khawaja Moin-ud-din Chishti, generally known as Durgah Khawaja Saheb, Ajmer."
455,ACT NO. 45 OF 1955,"THE WORKING JOURNALISTS AND OTHER NEWSPAPER EMPLOYEES (CONDITIONS OFSERVICE) AND MISCELLANEOUS PROVISIONS ACT, 1955",45,1955,"[20th December, 1955.]",An Act to regulate certain conditions of service of working journalists and other persons employed in newspaper establishments.
456,ACT No. 57 OF 1955,"THE CITIZENSHIP ACT, 1955",57,1955,"[30th December, 1955.]",An Act to provide for the acquisition and determination of Indian citizenship.
457,ACT NO. 25 OF 1955,"THE HINDU MARRIAGE ACT, 1955",25,1955,"[18th May, 1955.]",An act to amend and codify the law relating to marriage among Hindus.
458,ACT NO. 10 OF 1955,"THE ESSENTIAL COMMODITIES ACT, 1955",10,1955,"[1st April, 1955.]","An Act to provide, in the interest of the general public, for the control of the production, supply and distribution of, and trade and commerce, in certain commodities."
459,ACT NO.102 OF 1956,"THE INDIAN MEDICAL COUNCIL ACT, 1956",102,1956,"[30th December, 1956.]","An Act to provide for the reconstitution of the Medical Council of India, and the maintenance of a Medical Register for India and for matters connected therewith."
460,ACT NO. 104 OF 1956,"THE IMMORAL TRAFFIC (PREVENTION) ACT, 1956",104,1956,"[30th December, 1956.]","An Act to provide in pursuance of the International Convention signed at New York on the 9th day of May, 1950, for 2[the Prevention of Immoral Traffic]."
461,ACT NO. 105 OF 1956,"THE WOMEN’S AND CHILDREN’S INSTITUTIONS (LICENSING) ACT, 1956",105,1956,"[30th December, 1956.]",An Act to provide for the licensing of institutions for women and children and for matters incidental thereto.
462,ACT NO. 30 OF 1956,"THE HINDU SUCCESSION ACT, 1956",30,1956,"[17th June, 1956.]",An Act to amend and codify the law relating to intestate succession among Hindus.
463,ACT NO. 33 OF 1956,"THE INTER-STATE RIVER WATER DISPUTES ACT, 1956",33,1956,"[28th August, 1956.]",An Act to provide for the adjudication of disputes relating to waters of inter-State rivers and river valleys.
464,ACT NO. 37 OF 1956,"THE STATES REORGANISATION ACT, 1956",37,1956,"[31st August, 1956.]",An Act to provide for the reorganisation of the States of India and for matters connected therewith.
465,ACT NO. 42 OF 1956,"THE SECURITIES CONTRACTS (REGULATION) ACT, 1956",42,1956,"[4th September, 1956.]","An Act to prevent undesirable transactions in securities by regulating the business of dealing therein, by 1*** providing for certain other matters connected therewith."
466,ACT NO. 48 OF 1956,"THE NATIONAL HIGHWAYS ACT, 1956",48,1956,"[11th September, 1956.]",An Act to provide for the declaration of certain highways to be national highways and for matters connected therewith.
467,ACT NO. 53 OF 1956,"THE LOK SAHAYAK SENA ACT, 1956",53,1956,"[15th September, 1956.]",An Act to provide for the constitution of Lok Sahayak Sena for imparting military training to citizens of India.
468,ACT NO. 55 OF 1956,"THE SUPREME COURT (NUMBER OF JUDGES) ACT, 1956",55,1956,"[16th September, 1956.]","An Act to provide for an increase in the number of Judges of the Supreme Court, excluding the Chief Justice."
469,ACT NO. 61 OF 1956,"THE KHADI AND VILLAGE INDUSTRIES COMMISSION ACT, 1956",61,1956,"[25th September, 1956.]",An Act to provide for the establishment of a Commission for the development of Khadi and Village Industries and for matters connected therewith.
470,ACT NO. 62 OF 1956,"THE JAMMU AND KASHMIR (EXTENSION OF LAWS) ACT, 1956",62,1956,"[25th September, 1956.]",An Act to provide for the extension of certain laws to the State of Jammu and Kashmir.
471,ACT NO. 74 OF 1956,"THE CENTRAL SALES TAX ACT, 1956",74,1956,"[21st December, 1956.]","An Act to formulate principles for determining when a sale or purchase of goods takes place in the course of inter-State trade or commerce or outside a State or in the course of import into or export from India, to provide for the levy, collection and distribution of taxes on sales of goods in the course of inter-State trade or commerce and to declare certain goods to be of special importance in inter-State trade or commerce and specify the restrictions and conditions to which State laws imposing taxes on the sale or purchase of such goods of special importance shall be subject."
472,ACT NO. 14 OF 1957,"THE COPYRIGHT ACT, 1957",14,1957,"[4th June, 1957.]",An Act to amend and consolidate the law relating to copyright.
473,ACT NO. 17 OF 1957,"THE LIFE INSURANCE CORPORATION (AMENDMENT) ACT, 1957",17,1957,"[6th June, 1957.]","An Act to amend the Life Insurance Corporation Act, 1956."
474,ACT NO. 20 OF 1957,"THE COAL BEARING AREAS (ACQUISITION AND DEVELOPMENT) ACT, 1957",20,1957,"[8th June, 1957.]","An Act to establish in the economic interest of India greater public control over the coal mining industry and its development by providing for the acquisition by the State of unworked land containing or likely to contain coal deposits or of rights in or over such land, for the extinguishment or modification of such rights accruing by virtue of any agreement, lease, licence or otherwise, and for matters connected therewith."
475,ACT NO. 23 OF 1957,"THE RAILWAY PROTECTION FORCE ACT, 1957",23,1957,"[29th August, 1957.]",
476,ACT NO. 27 OF 1957,"THE WEALTH-TAX ACT, 1957 (Modified as on 12th November 2018)",27,1957,"[12th September, 1957.]",An Act to provide for the levy of wealth-tax.
477,ACT NO. 38 OF 1957,"THE INTER-STATE CORPORATIONS ACT, 1957",38,1957,"[20th September, 1957.]","An Act to provide for the reorganisation of certain corporations functioning in two or more States by virtue of section 109 of the States Reorganisation Act, 1956, and for matters connected therewith."
478,ACT NO. 42 OF 1957,"THE NAGA HILLS-TUENSANG AREA ACT, 1957",42,1957,"[29th November, 1957.]",An Act to provide for the formation of the Naga Hills-Tuensang Area of Assam as an administrative unit.
479,ACT NO. 44 OF 1957,"THE PUBLIC EMPLOYMENT (REQUIREMENT AS TO RESIDENCE) ACT, 1957",44,1957,"[7th December, 1957.]",An Act to make in pursuance of clause (3) of article 16 of the Constitution special provisions for requirement as to residence in regard to certain classes of public employment in certain areas and to repeal existing laws prescribing any such requirement.
480,ACT NO. 46 OF 1957,"THE CANTONMENTS (EXTENSION OF RENT CONTROL LAWS) ACT, 1957",46,1957,"[18th December, 1957.]",An Act to provide for the extension to cantonments of laws relating to the control of rent and regulation of house accommodation.
481,ACT NO. 61 OF 1957,"THE DELHI DEVELOPMENT ACT, 1957",61,1957,"[27th December, 1957.]",An Act to provide for the development of Delhi according to plan and for matters ancillary thereto.
482,ACT NO. 62 OF 1957,"THE NAVY ACT, 1957",62,1957,"[27th December, 1957.]",An Act to consolidate and amend the law relating to the Government of the Indian Navy.
483,ACT NO. 66 OF 1957,"THE DELHI MUNICIPAL CORPORATION ACT, 1957 (Modified as on 5th December, 2018)",66,1957,"[28th December, 1957.]",An Act to consolidate and amend the law relating to the Municipal Government of Delhi.
484,ACT NO. 67 OF 1957,"THE MINES AND MINERALS (DEVELOPMENT AND REGULATION) ACT, 1957 Updated:- 16-3-2020",67,1957,"[28th December, 1957.]",An Act to provide for the 1[development and regulation of mines and minerals] under the control of the Union.
485,ACT NO. 18 OF 1958,"THE GIFT-TAX ACT, 1958",18,1958,"[15th May, 1958.]",An Act to provide for the levy of gift-tax.
486,ACT NO. 24 OF 1958,"THE ANCIENT MONUMENTS AND ARCHAEOLOGICAL SITES AND REMAINS ACT, 1958",24,1958,"[28th August, 1958.]","An Act to provide for the preservation of ancient and historical monuments and archaeological sites and remains of national importance, for the regulation of archaeological excavations and for the protection of sculptures, carvings and other like objects."
487,ACT NO. 28 OF 1958,"THE ARMED FORCES (SPECIAL POWERS) ACT, 1958",28,1958,"[11th September, 1958.]","An Act to enable certain special powers to be conferred upon members of the armed forces in disturbed areas 1[in the States of 2[3[Arunachal Pradesh, Assam, Manipur, Meghalaya, Mizoram, Nagaland and Tripura]]]."
488,ACT NO. 29 OF 1958,"THE WORKING JOURNALISTS (FIXATION OF RATES OF WAGES) ACT, 1958",29,1958,"[16th September, 1958.]",An Act to provide for the fixation of rates of wages in respect of working journalists and for matters connected therewith.
489,ACT NO. 41 OF 1958,"THE SUPREME COURT JUDGES (SALARIES AND CONDITIONS OF SERVICE) ACT, 1958",41,1958,"[17th October, 1958.]",An Act to regulate 1[salaries and certain conditions of service] of the Judges of the Supreme Court.
490,ACT NO. 42 OF 1958,"THE INTERNATIONAL FINANCE CORPORATION (STATUS, IMMUNITIES AND PRIVILEGES) ACT, 1958",42,1958,"[17th October, 1958.]","An Act to implement the international agreement for the establishment and operation of the International Finance Corporation in so far as it relates to the status, immunities and privileges of that Corporation, and for matters connected therewith."
491,ACT NO. 44 OF 1958,"THE MERCHANT SHIPPING ACT, 1958",44,1958,"[30th October, 1958.]","An Act to foster the development and ensure the efficient maintenance of an Indian mercantile marine in a manner best suited to serve the national interests and for that purpose to establish a National Shipping Board 2* * * to provide for the 3[registration, certification, safety and security] of Indian ships and generally to amend and consolidate the law relating to merchant shipping."
492,ACT NO. 57 OF 1958,"THE ORISSA WEIGHTS AND MEASURES (DELHI REPEAL) ACT, 1958",57,1958,"[30th December, 1958.]","An Act to provide for the repeal of the Orissa Weights and Measures Act, 1943, in its application to the Union territory of Delhi."
493,ACT NO. 10 OF 1959,"THE PARLIAMENT (PREVENTION OF DISQUALIFICATION) ACT, 1959",10,1959,"[4th April, 1959.]","An Act to declare that certain offices of profit under the Government shall not disqualify the holders thereof for being chosen as, or for being, members of Parliament."
494,ACT NO. 31 OF 1959,"THE EMPLOYMENT EXCHANGES (COMPULSORY NOTIFICATION OF VACANCIES) ACT, 1959",31,1959,"[2nd September, 1959.]",An Act to provide for the compulsory notification of vacancies to employment exchanges.
495,ACT NO. 42 OF 1959,"THE TRAVANCORE-COCHIN VEHICLES TAXATION (AMENDMENT AND VALIDATION) ACT, 1959",42,1959,"[12th September, 1959.]","An Act further to amend the Travancore-Cochin Vehicles Taxation Act, 1950, and to provide for certain other connected matters."
496,ACT NO. 46 OF 1959,"THE GOVERNMENT SAVINGS CERTIFICATES ACT, 1959",46,1959,"[18th September, 1959.]",An Act to make certain provisions in respect of Government Savings Certificates.
497,ACT NO. 47 OF 1959,"THE RAJASTHAN AND MADHYA PRADESH (TRANSFER OF TERRITORIES) ACT, 1959",47,1959,"[18th September, 1959.]",An Act to provide for the transfer of certain territories from the State of Rajasthan to the State of Madhya Pradesh and for matters connected therewith.
498,ACT NO. 54 OF 1959,"THE ARMS ACT, 1959",54,1959,"[23rd December, 1959.]",An Act to consolidate and amend the law relating to arms and ammunition.
499,ACT NO. 57 OF 1959,"THE INDIAN STATISTICAL INSTITUTE ACT, 1959",57,1959,"[24th December, 1959.]",An Act to declare the institution known as the Indian Statistical Institute having at present its registered office in Calcutta to be an institution of national importance and to provide for certain matters connected therewith.
500,ACT NO. 2 OF 1960,"THE DISPLACED PERSONS (COMPENSATION AND REHABILITATION) AMENDMENT ACT, 1960",2,1960,"[27th February, 1960.]","An Act further to amend the Displaced Persons (Compensation and Rehabilitation) Act, 1954."
501,ACT NO. 24 OF 1960,"THE DELHI LAND HOLDINGS (CEILING) ACT, 1960",24,1960,"[26th August, 1960.]",An Act to provide for the imposition of a ceiling on land holdings in the Union territory of Delhi and for matters connected therewith.
502,ACT NO. 32 OF 1960,"THE INTERNATIONAL DEVELOPMENT ASSOCIATION (STATUS, IMMUNITIES AND PRIVILEGES) ACT, 1960",32,1960,"[9th September, 1960.]","An Act to implement the international agreement for the establishment and operation of the International Development Association in so far as it relates to the status, immunities and privileges of that Association, and for matters connected therewith."
503,ACT NO. 37 OF 1960,"THE BANKING COMPANIES (SECOND AMENDMENT) ACT, 1960",37,1960,"[19th September, 1960.]","An Act further to amend the Banking Companies Act, 1949."
504,ACT NO. 59 OF 1960,"THE PREVENTION OF CRUELTY TO ANIMALS ACT, 1960",59,1960,"[26th December, 1960.]",An Act to prevent the infliction of unnecessary pain or suffering on animals and for that purpose to amend the law relating to the prevention of cruelty to animals.
505,ACT NO. 6 OF 1960,"THE GENEVA CONVENTIONS ACT, 1960",6,1960,"[12th March, 1960.]","An Act to enable effect to be given to certain international Conventions done at Geneva on the twelfth day of August, 1949, to which India is a party, and for purposes connected therewith."
506,ACT NO. 63 OF 1960,"THE PREFERENCE SHARES (REGULATION OF DIVIDENDS) ACT, 1960",63,1960,"[28th December, 1960.]",An Act to regulate dividends on preference shares of certain companies.
507,ACT No. 64 OF 1960,"THE ACQUIRED TERRITORIES (MERGER) ACT, 1960",64,1960,"[28th December, 1960.]","An Act to provide for the merger into the States of Assam, Punjab and West Bengal of certain territories acquired in pursuance of the agreements entered into between the Governments of India and Pakistan and for matters connected therewith."
508,ACT NO. 10 OF 1960,"THE ORPHANAGES AND OTHER CHARITABLE HOMES (SUPERVISION AND CONTROL) ACT, 1960",10,1960,"[9th April, 1960.]",
509,ACT NO. 25 OF 1961,"THE ADVOCATES ACT, 1961",25,1961,"[19th May, 1961.]",An Act to amend and consolidate the law relating to the legal practitioners and to provide for the constitution of Bar Councils and an All-India Bar.
510,ACT NO. 27 OF 1961,"THE MOTOR TRANSPORT WORKERS ACT, 1961",27,1961,"[20th May, 1961.]",An Act to provide for the welfare of motor transport workers and to regulate the conditions of their work.
511,ACT NO. 30 OF 1961,"THE DELHI (URBAN AREAS) TENANTS’ RELIEF ACT, 1961",30,1961,"[28th August, 1961.]",An Act to provide relief to the tenants of land in the urban areas of the Union territory of Delhi.
512,ACT NO. 35 OF 1961,"THE DADRA AND NAGAR HAVELI ACT, 1961",35,1961,"[2nd September, 1961.]",An Act to make provision for the representation of the Union territory of Dadra and Nagar Haveli in Parliament and for the administration of that Union territory and for matters connected therewith.
513,ACT NO. 43 OF 1961,"THE INCOME-TAX ACT, 1961",43,1961,"[13th September, 1961.]",An Act to consolidate and amend the law relating to income-tax and super-tax.
514,ACT NO. 46 OF 1961,"THE VOLUNTARY SURRENDER OF SALARIES (EXEMPTION FROM TAXATION) ACT, 1961",46,1961,"[6th December, 1961.]",An Act to provide for exempting from taxes on income a portion of the salary or allowances payable to any person who has in the public interest volunteered to forego it.
515,ACT NO. 49 OF 1961,"THE ASSAM MUNICIPAL (MANIPUR AMENDMENT) ACT, 1961",49,1961,"[7th December, 1961.]","An Act further to amend the Assam Municipal Act, 1956 as in force in the Union territory of Manipur."
516,ACTNO.52 OF 1961,"THE APPRENTICES ACT, 1961",52,1961,"[12th December, 1961.]",An Act to provide for the regulation and control of training of apprentices1*** and for matters connected therewith.
517,ACT NO. 53 OF 1961,"THE MATERNITY BENEFIT ACT, 1961",53,1961,"[12th December, 1961.]",An Act to regulate the employment of women in certain establishments for certain periods before and after child-birth and to provide for maternity benefit and certain other benefits.
518,ACT NO. 1 OF1962,"THE GOA, DAMAN AND DIU (ADMINISTRATION) ACT, 1962",1,1962,"[27th March, 1962.]","An Act to provide for the administration of the Union territory of Goa, Daman and Diu and for matters connected therewith."
519,ACT NO. 13 OF 1962,"THE HINDI SAHITYA SAMMELAN ACT, 1962",13,1962,"[30th March, 1962.]",An Act to declare the institution known as the Hindi Sahitya Sammelan having its head office at Allahabad to be an institution of national importance and to provide for its incorporation and matters connected therewith.
520,ACT NO. 17 OF 1962,"THE AIR CORPORATIONS (AMENDMENT) ACT, 1962",17,1962,"[30th March, 1962.]","An Act further to amend the Air Corporations Act, 1953."
521,ACT NO. 26 OF 1962,"THE NATIONAL CO-OPERATIVE DEVELOPMENT CORPORATION ACT, 1962",26,1962,"[31st August, 1962.]","1[An Act to provide for the incorporation and regulation of a corporation for the purpose of planning and promoting programmes for the production, processing, marketing, storage, export and import of agricultural produce, foodstuffs 2[industrial goods, livestock, certain other commodities and services on co-operative principles and for matters connected therewith or incidental thereto].]"
522,ACT NO. 42 OF 1962,"THE FOREIGNERS LAW (APPLICATION AND AMENDMENT) ACT, 1962",42,1962,"[24th November, 1962.]","An Act to apply the Registration of Foreigners Act, 1939 and the Foreigners Act, 1946 to certain persons to whom they do not at present apply and further to amend the Foreigners Act, 1946."
523,ACT NO. 49 OF 1962,"THE PONDICHERRY (ADMINISTRATION) ACT, 1962",49,1962,"[5th December, 1962.]",An Act to provide for the administration of Pondicherry and for matters connected therewith.
524,ACT NO. 50 OF 1962,"THE PETROLEUM AND MINERALS PIPELINES (ACQUISITION OF RIGHT OF USER IN LAND) ACT, 1962",50,1962,"[7th December, 1962.]",An Act to provide for the acquisition of right of user in land 1[for laying pipelines for the transport of petroleum and minerals] and for matters connected therewith.
525,ACT NO. 52 OF 1962,"THE CUSTOMS ACT, 1962",52,1962,"[13th December, 1962]",An Act to consolidate and amend the law relating to Customs.
526,ACT NO. 56 OF 1962,"THE STATE-ASSOCIATED BANKS (MISCELLANEOUS PROVISIONS) ACT, 1962",56,1962,"[14th December, 1962.]","An Act further to amend the State Bank of India Act, 1955, the State Bank of India (Subsidiary Banks) Act, 1959, and the Bankers’ Books Evidence Act, 1891, and to provide for the winding up of certain minor State-associated banks and for matters connected therewith."
527,ACT NO. 58 OF 1962,"THE WAREHOUSING CORPORATIONS ACT, 1962",58,1962,"[19th December, 1962.]",An Act to provide for the incorporation and regulation of corporations for the purpose of warehousing of agricultural produce and certain other commodities and for matters connected therewith.
528,ACT NO. 19 OF 1963,"THE OFFICIAL LANGUAGES ACT, 1963",19,1963,"[10th May, 1963.]","An Act to provide for the languages which may be used for the official purposes of the Union, for transaction of business in Parliament, for Central and State Acts and for certain purposes in High Courts."
529,ACT NO. 22 OF1963,"THE EXPORT (QUALITY CONTROL AND INSPECTION) ACT, 1963",22,1963,"[24th August, 1963.]",An Act to provide for the sound development of the export trade of India through quality control and inspection and for matters connected therewith.
530,ACT NO. 36 OF 1963,"THE LIMITATION ACT, 1963",36,1963,"[5th October, 1963.]",An Act to consolidate and amend the law for the limitation of suits and other proceedings and for purposes connected therewith.
531,ACT NO. 38 OF 1963,"THE MAJOR PORT TRUSTS ACT, 1963",38,1963,"[16th October, 1963.]","An Act to make provision for the constitution of port authorities for certain major ports in India and to vest the administration, control and management of such ports in such authorities and for matters connected therewith."
532,ACT NO. 41 OF 1963,"THE TEXTILES COMMITTEE ACT, 1963",41,1963,"[3rd December, 1963.]",An Act to provide for the establishment of a Committee for ensuring the quality of textiles and textile machinery and for matters connected therewith.
533,ACT NO. 45 OF 1963,"THE ADMINISTRATORS-GENERAL ACT, 1963",45,1963,"[11th December, 1963.]",An Act to consolidate and amend the law relating to the office and duties of Administrators-General.
534,ACT NO. 54 OF 1963,"THE CENTRAL BOARDS OF REVENUE ACT, 1963",54,1963,"[30th December, 1963.]",An Act to provide for the constitution of separate Boards of Revenue for Direct Taxes and for 1[Indirect Taxes and Customs] and to amend certain enactments for the purpose of conferring powers and imposing duties on the said Boards.
535,ACT NO. 11 OF 1964,"THE TAXATION LAWS (CONTINUATION AND VALIDATION OF RECOVERY PROCEEDINGS) ACT, 1964",11,1964,"[12th May, 1964.]",An Act to provide for the continuation and validation of proceedings in relation to Government dues and for matters connected therewith.
536,ACT NO. 14 OF 1964,"THE DAKSHINA BHARAT HINDI PRACHAR SABHA ACT, 1964",14,1964,"[12th May, 1964. ]","An Act to declare the institution known as the Dakshina Bharat Hindi Prachar Sabha, having at present its registered office at Madras, to be an institution of national importance and to provide for certain matters connected therewith."
537,ACT NO. 28 OF 1964,"THE LEGAL TENDER (INSCRIBED NOTES) ACT, 1964",28,1964,"[30th September, 1964.]",An Act to restrict the negotiability of currency and other notes inscribed with messages of a political character.
538,ACT NO. 20 OF 1965,"THE WAREHOUSING CORPORATIONS (SUPPLEMENTARY) ACT, 1965",20,1965,"[22nd September, 1965.]","An Act to supplement the provisions of the Warehousing Corporations Act, 1962. WHEREAS, in pursuance of clause (1) of article 252 of the Constitution, resolutions have been passed by the Legislatures of certain State to the effect that storage of commodities other than those covered by the Warehousing Corporations Act, 1962 (58 of 1962), in warehouses run by the corporations established under that Act, shall be regulated in those States by Parliament by law. AND WHEREAS, in consequence thereof it is necessary to supplement the provisions of the said Warehousing Corporations Act for the purposes hereinafter appearing;"
539,ACT NO. 21 OF 1965,"THE PAYMENT OF BONUS ACT, 1965",21,1965,"[25th September, 1965.]",2[An Act to provide for the payment of bonus to persons employed in certain establishments and for matters connected therewith.]
540,ACT NO. 30 OF 1965,"THE GOA, DAMAN AND DIU (EXTENSION OF THE CODE OF CIVIL PROCEDURE AND THE ARBITRATION ACT) ACT, 1965",30,1965,"[25th September, 1965.]","An Act to provide for the extension of the Code of Civil Procedure, 1908, and the Arbitration Act, 1940, to the Union territory of Goa, Daman and Diu and for certain other matters."
541,ACT NO. 40 OF 1965,"THE RAILWAYS (EMPLOYMENT OF MEMBERS OF THE ARMED FORCES) ACT, 1965",40,1965,"[3rd December, 1965.]",An Act to make certain provisions relating to the employment of members of the Armed Forces of the Union in the working and management of railways.
542,ACT NO. 41 OF 1965,"THE TAXATION LAWS (AMENDMENT AND MISCELLANEOUS PROVISIONS) ACT, 1965",41,1965,"[4th December, 1965.]","An Act further to amend the Income-tax Act, 1961, the Estate Duty Act, 1953, the Wealth-tax Act, 1957, the Gift-tax Act, 1958 and to provide for exemption from tax in certain cases of undisclosed income invested in National Defence Gold Bonds, 1980."
543,ACT NO. 42 OF 1965,"THE CARDAMOM ACT, 1965",42,1965,"[9th December, 1965.]",An Act to provide for the development under the control of the Union of the cardamom industry.
544,ACT NO. 49 OF 1965,"THE UNION TERRITORIES (DIRECT ELECTION TO THE HOUSE OF THE PEOPLE) ACT, 1965",49,1965,"[22nd December, 1965.]",An Act to provide for direct election in certain Union territories for filling the seats allotted to them in the House of the People and for matters connected therewith.
545,ACT NO. 1 OF 1966,"THE DELHI LAND REFORMS (AMENDMENT) ACT, 1966",1,1966,"[18th March, 1966.]",An Act further to amend the Delhi Land Reforms Act 1954.
546,ACT NO.18 OF 1966,"THE ASIAN DEVELOPMENT BANK ACT, 1966",18,1966,"[29th May, 1966.]",An Act to implement the international agreement for the establishment and operation of the Asian Development Bank and for matters connected therewith.
547,ACT NO. 22 OF 1966,"THE CRIMINAL LAW AMENDMENT (AMENDING) ACT, 1966",22,1966,"[3rd September, 1966.]","An Act further to amend the Criminal Law Amendment Act, 1952."
548,ACT NO. 29 OF 1966,"THE RAILWAY PROPERTY (UNLAWFUL POSSESSION) ACT, 1966",29,1966,"[16th September, 1966.]",An Act to consolidate and amend the law relating to unlawful possession of railway property.
549,ACT NO. 33 OF 1966,"THE POLICE-FORCES (RESTRICTION OF RIGHTS) ACT, 1966",33,1966,"[2nd December, 1966.]",An Act to provide for the restriction of certain rights conferred by Part III of the Constitution in their application to the members of the Forces charged with the maintenance of public order so as to ensure the proper discharge of their duties and the maintenance of discipline among them.
550,ACT NO. 47 OF 1966,"THE REPRESENTATION OF THE PEOPLE (AMENDMENT) ACT, 1966",47,1966,"[13th December, 1966.]","An Act further to amend the Representation of the People Act, 1950, and the Representation of the People Act, 1951."
551,ACT NO. 53 OF 1966,"THE JAWAHARLAL NEHRU UNIVERSITY ACT, 1966",53,1966,"[22nd December, 1966.]",An Act to establish and incorporate a university in Delhi.
552,ACT NO. 32 OF 1966,"THE BEEDI AND CIGAR WORKERS (CONDITIONS OF EMPLOYMENT)ACT, 1966",32,1966,"[30th November, 1966.]",An Act to provide for the welfare of the workers in beedi and cigar establishments and to regulate the conditions of their work and for matters connected therewith.
553,ACT NO. 28 OF 1967,"THE COURT-FEES (DELHI AMENDMENT) ACT, 1967",28,1967,"[16th December, 1967.]","An Act further to amend the Court-fees Act, 1870, as in force in the Union territory of Delhi."
554,ACT NO. 23 OF 1968,"THE PUBLIC PROVIDENT FUND ACT, 1968",23,1968,"[16th May, 1968.]",An Act to provide for the institution of a provident fund for the general public.
555,ACT NO. 25 OF 1968,"THE CENTRAL LAWS (EXTENSION TO JAMMU AND KASHMIR) ACT, 1968",25,1968,"[24th May, 1968.]",An Act to provide for the extension of certain Central Laws to the State of Jammu and Kashmir.
556,ACT NO. 26 OF 1968,"THE PONDICHERRY (EXTENSION OF LAWS) ACT, 1968",26,1968,"[24th May, 1968.]",An Act to extend certain Central Acts to the Union territory of Pondicherry.
557,ACT NO. 27 OF 1968,"THE CIVIL DEFENCE ACT, 1968",27,1968,"[24th May, 1968.]",An Act to make provision for civil defence and for matters connected therewith.
558,ACT NO. 3 OF 1968,"THE JAMMU AND KASHMIR REPRESENTATION OF THE PEOPLE (SUPPLEMENTARY) ACT, 1968",3,1968,"[23rd March, 1968.]","An Act to supplement the Jammu and Kashmir Representation of the People Act, 1957."
559,ACT NO. 36 OF 1968,"THE ANDHRA PRADESH AND MYSORE (TRANSFER OF TERRITORY) ACT, 1968",36,1968,"[22nd August, 1968.]",An Act to provide for the transfer of certain territory from the State of Mysore to the State of Andhra Pradesh and for matters connected therewith.
560,ACT NO. 46 OF 1968,"THE INSECTICIDES ACT, 1968",46,1968,"[2nd September, 1968.]","An Act to regulate the import, manufacture, sale, transport, distribution and use of insecticides with a view to prevent risk to human beings or animals, and for matters connected therewith."
561,ACT NO. 47 OF 1968,"THE BORDER SECURITY FORCE ACT, 1968",47,1968,"[2nd September, 1968.]",An Act to provide for the constitution and regulation of an Armed Force of the Union for ensuring the security of the borders of India and for matters connected therewith.
562,ACT NO. 50 OF 1968,"THE CENTRAL INDUSTRIAL SECURITY FORCE ACT, 1968",50,1968,"[2nd December, 1968.]","1[An Act to provide for the constitution and regulation of an armed force of the Union for the better protection and security of industrial undertakings owned by the Central Government, certain other industrial undertakings, employees of all such undertakings and to provide technical consultancy services to industrial establishments in the private sector and for matters connected therewith.]"
563,ACT NO. 51 OF 1968,"THE JUDGES (INQUIRY) ACT, 1968",51,1968,"[5th December, 1968.]",An Act to regulate the procedure for the investigation and proof of the misbehaviour or incapacity of a judge of the Supreme Court or of a High Court and for the presentation of an address by Parliament to the President and for matters connected therewith.
564,ACT NO. 61 OF 1968,"THE LEGISLATIVE ASSEMBLY OF NAGALAND (CHANGE IN REPRESENTATION) ACT, 1968",61,1968,"[31st December, 1968.]","An Act to provide for a change in representation in the Legislative Assembly of Nagaland and for that purpose to make consequential amendments in the State of Nagaland Act, 1962 and the Representation of the People Act, 1950."
565,ACT NO. 16 OF 1969,"THE PRESIDENT (DISCHARGE OF FUNCTIONS) ACT, 1969",16,1969,"[28th May, 1969.]",An Act to provide for the discharge of the functions of the President in certain contingencies.
566,ACT NO. 19 OF 1969,"THE UNION TERRITORIES (SEPARATION OF JUDICIAL AND EXECUTIVE FUNCTIONS) ACT, 1969",19,1969,"[31st May, 1969.]",An Act to provide for the separation of judicial and executive functions in Union Territories.
567,ACT NO. 33 OF 1969,"THE FOREIGN MARRIEGE ACT, 1969",33,1969,"[31st August, 1969.]",An Act to make provision relating to marriages of citizens of India outside India.
568,ACT NO. 28 OF 1970,"THE SUPREME COURT (ENLARGEMENT OF CRIMINAL APPELLATE JURISDICTION) ACT, 1970",28,1970,"[9th August, 1970.]",An Act to enlarge the appellate jurisdiction of the Supreme Court in regard to criminal matters.
569,ACT NO. 37 OF 1970,"THE CONTRACT LABOUR (REGULATION AND ABOLITION) ACT, 1970",37,1970,"[5th September, 1970.]",An Act to regulate the employment of contract labour in certain establishments and to provide for its abolition in certain circumstances and for matters connected therewith.
570,ACT NO. 39 OF 1970,"THE PATENTS ACT, 1970",39,1970,"[19th September, 1970.]",An Act to amend and consolidate the law relating to patents.
571,ACT NO. 48 OF 1970,"THE INDIAN MEDICINE CENTRAL COUNCIL ACT, 1970",48,1970,"[21st December, 1970.]",An Act to provide for the constitution of a Central Council of Indian Medicine and the maintenance of a Central Register of Indian Medicine and for matters connected therewith.
572,ACT NO. 5 OF 1970,"THE BANKING COMPANIES (ACQUISITION AND TRANSFER OF UNDERTAKINGS) ACT, 1970",5,1970,"[31st March, 1970.]","An Act to provide for the acquisition and transfer of the undertakings of certain banking companies, having regard to their size, resources, coverage and organisation, in order to control the heights of the economy and to meet progressively, and serve better, the needs of development of the economy in conformity with national policy and objectives and for matters connected therewith or incidental thereto."
573,ACT NO. 21 OF 1971,"THE GOLD (CONTROL) AMENDMENT ACT, 1971",21,1971,"[24th June, 1971.]","An Act further to amend the Gold (Control) Act, 1968."
574,ACT NO. 40 OF 1971,"THE PUBLIC PREMISES (EVICTION OF UNAUTHORISED OCCUPANTS) ACT, 1971 Last Updated 18-3-2020",40,1971,"[23rd August, 1971.]",An Act to provide for the eviction of unauthorised occupants from public premises and for certain incidental matters.
575,ACT NO. 56 OF 1971,"THE COMPTROLLER AND AUDITOR-GENERAL’S (DUTIES, POWERS AND CONDITIONS OF SERVICE) ACT, 1971",56,1971,"[15th December, 1971.]",An Act to determine the conditions of service of the Comptroller and Auditor-General of India and to prescribe his duties and powers and for matters connected therewith or incidental thereto.
576,ACT NO. 59 OF 1971,"THE NAVAL AND AIRCRAFT PRIZE ACT, 1971",59,1971,"[16th December, 1971.]",An Act to provide for the establishment and procedure of Prize Courts and for matters connected therewith or incidental thereto.
577,ACT NO. 69 OF 1971,"THE PREVENTION OF INSULTS TO NATIONAL HONOUR ACT, 1971",69,1971,"[23rd December, 1971.]",An Act to prevent insults to national honour.
578,ACT NO. 84 OF 1971,"THE NORTH-EASTERN COUNCIL ACT, 1971",84,1971,"[30th December, 1971.]",An Act to provide for the setting up of a Council for the north-eastern areas of India to be called the North-Eastern Council and for matters connected therewith.
579,ACT NO. 13 OF 1972,"THE MARINE PRODUCTS EXPORT DEVELOPMENT AUTHORITY ACT, 1972",13,1972,"[20th April, 1972.]",An Act to provide for the establishment of an Authority for the development of the marine products industry under the control of the Union and for matters connected therewith.
580,ACT NO. 18 OF 1972,"THE DEPARTMENTAL INQUIRIES (ENFORCEMENT OF ATTENDANCE OF WITNESSES AND PRODUCTION OF DOCUMENTS) ACT, 1972",18,1972,"[31st May, 1972.]",An Act to provide for the enforcement of attendance of witnesses and production of documents in certain departmental inquiries and for matters connected therewith or incidental thereto.
581,ACT NO. 30 OF 1972,"THE DELHI LANDS (RESTRICTIONS ON TRANSFER) ACT, 1972",30,1972,"[14th June, 1972.]","An Act to impose certain restrictions on transfer of lands which have been acquired by the Central Government or in respect of which acquisition proceedings have been initiated by that Government, with a view to preventing large-scale transactions of purported transfers or, as the case may be, transfers of such lands to unwary public."
582,ACT NO. 34 OF 1972,"THE ALIGARH MUSLIM UNIVERSITY (AMENDMENT) ACT, 1972",34,1972,"[15th June, 1972.]","An Act further to amend the Aligarh Muslim University Act, 1920."
583,ACT NO. 39 OF 1972,"THE PAYMENT OF GRATUITY ACT, 1972",39,1972,"[21st August, 1972.]","An Act to provide for a scheme for the payment of gratuity to employees engaged in factories, mines, oilfields, plantations, ports, railway companies, shops or other establishments and for matters connected therewith or incidental thereto."
584,ACT NO. 43 OF 1972,"THE DIPLOMATIC RELATIONS (VIENNA CONVENTION) ACT, 1972",43,1972,"[29th August, 1972.]","An Act to give effect to the Vienna Convention on Diplomatic Relations, 1961 and to provide for matters connected therewith."
585,ACT NO. 52 OF 1972,"THE ANTIQUITIES AND ART TREASURES ACT, 1972",52,1972,"[9th September, 1972.]","An Act to regulate the export trade in antiquities and art treasures, to provide for the prevention of smuggling of, and fraudulent dealings in, antiquities, to provide for the compulsory acquisition of antiquities and art treasures for preservation in public places and to provide for certain other matters connected therewith or incidental or ancillary thereto."
586,ACT NO. 53 OF 1972,"THE WILD LIFE (PROTECTION) ACT, 1972",53,1972,"[9th September, 1972.]",          2[16-A. Leaf monkey (Presbytis phayrei).]      1[25-A. Nilgiri Lungur (Presbytis johni).]  2[1-B. Bazas (Aviceda jeordone and Aviceda leuphotes).]    3[4-A. Hawks (Accipitridae).]   4[7-A. Large Whistling Teal (Dendrocygna bicolor).] 5[7-B. Lesser Florican (Sypheotides indica).]          
587,ACT NO. 59 OF 1972,"THE FORMER SECRETARY OF STATE SERVICE OFFICERS (CONDITIONS OF SERVICE) ACT, 1972",59,1972,"[21st September, 1972.]",An Act to provide for the variation or revocation of the conditions of service of former Secretary of State Service officers in respect of certain matters and for matters connected therewith or incidental thereto.
588,ACT NO. 60 OF 1972,"THE KHADI AND OTHER HANDLOOM INDUSTRIES DEVELOPMENT (ADDITIONAL EXCISE DUTY ON CLOTH) AMENDMENT ACT, 1972",60,1972,"[26th November, 1972.]","An Act further to amend the Khadi and other Handloom Industries Development (Additional Excise Duty on Cloth) Act, 1953."
589,ACT NO. 61 OF 1972,"THE CENTRAL SALES TAX (AMENDMENT) ACT, 1972",61,1972,"[30th November, 1972.]","An Act further to amend the Central Sales Tax Act, 1956."
590,ACT NO. 69 OF 1972,"THE CARRIAGE BY AIR ACT, 1972",69,1972,"[19th December, 1972.]","An Act to give effect to the Convention for the unification of certain rules relating to international carriage by air signed at Warsaw on the 12th day of October, 1929 and to the said Convention as amended by the Hague Protocol on the 28th day of September, 1955 1[and also to the Montreal Convention signed on the 28th day of May, 1999 and to make provision for] applying the rules contained in the said Convention in its original form and in the amended form (subject to exceptions, adaptations and modifications) to non-international carriage by air and for matters connected therewith."
591,ACT NO. 2 OF 1973,"THE DIPLOMATIC AND CONSULAR OFFICERS (OATHS AND FEES) (EXTENSION TO JAMMU AND KASHMIR) ACT, 1973",2,1973,"[13th March, 1973.]","An Act to provide for the extension of the Diplomatic and Consular Officers (Oaths and Fees) Act, 1948 to the State of Jammu and Kashmir*."
592,ACT NO. 17 OF 1973,"THE CAPITAL OF PUNJAB (DEVELOPMENT AND REGULATION) (CHANDIGARH AMENDMENT) ACT, 1973",17,1973,"[9th April, 1973.]","An Act further to amend the Capital of Punjab (Development and Regulation) Act, 1952, as in force in the Union territory of Chandigarh."
593,ACT NO. 25 OF 1973,"THE CINEMATOGRAPH (AMENDMENT) ACT, 1973",25,1973,"[28th May, 1973.]","An Act further to amend the Cinematograph Act, 1952."
594,ACT NO. 50 OF 1973,"THE AUTHORITATIVE TEXTS (CENTRAL LAWS) ACT, 1973",50,1973,"[5th December, 1973.]",An Act to provide for 1[authoritative texts] of Central laws in certain languages.
595,ACT NO. 59 OF 1973,"` THE HOMOEOPATHY CENTRAL COUNCIL ACT, 1973",59,1973,"[19th December, 1973.]",An Act to provide for the constitution of a Central Council of Homoeopathy and the maintenance of a Central Register of Homoeopathy and for matters connected therewith.
596,ACT NO. 1 OF 1974,"THE DELHI URBAN ART COMMISSION ACT, 1973",1,1974,"[1st January, 1974.]","An Act to provide for the establishment of the Delhi Urban Art Commission with a view to preserving, developing and maintaining the aesthetic quality of urban and environmental design within Delhi."
597,ACT NO. 6 OF 1974,"THE WATER (PREVENTION AND CONTROL OF POLLUTION) ACT, 1974",6,1974,"[23rd March, 1974.]","An Act to provide for the prevention and control of water pollution and the maintaining or restoring of wholesomeness of water, for the establishment, with a view to carrying out the purposes aforesaid, of Boards for the prevention and control of water pollution, for conferring on and assigning to such Boards powers and functions relating thereto and for matters connected therewith. WHEREAS it is expedient to provide for the prevention and control of water pollution and the maintaining or restoring of wholesomeness of water, for the establishment, with a view to carrying out the purposes aforesaid, of Boards for the prevention and control of water pollution and for conferring on and assigning to such Boards powers and functions relating thereto; AND WHEREAS Parliament has no power to make laws for the States with respect to any of the matters aforesaid except as provided in articles 249 and 250 of the Constitution; AND WHEREAS in pursuance of clause (1) of article 252 of the Constitution resolutions have been passed by all the Houses of the Legislatures of the States of Assam, Bihar, Gujarat, Haryana, Himachal Pradesh, Jammu and Kashmir, Karnataka, Kerala, Madhya Pradesh, Rajasthan, Tripura and West Bengal to the effect that the matters aforesaid should be regulated in those States by Parliament by law."
598,ACT NO. 12 OF 1974,"THE ECONOMIC OFFENCES (IN APPLICABILITY OF LIMITATION) ACT, 1974",12,1974,"[27th March, 1974.]","An Act to provide for the inapplicability of the provisions of Chapter XXXVI of the Code of Criminal Procedure, 1973 to certain economic offences."
599,ACT NO. 28 OF 1974,"THE COAL MINES (CONSERVATION AND DEVELOPMENT) ACT, 1974",28,1974,"[26th August, 1974.]",An Act to provide for the conservation of coal and development of coal mines and for matters connected therewith or incidental thereto.
600,ACT NO. 47 OF 1974,"THE OIL INDUSTRY (DEVELOPMENT) ACT, 1974 Last Updated 17-3-2020",47,1974,"[26th September, 1974.]",An Act to provide for the establishment of a Board for the development of oil industry and for that purpose to levy a duty of excise on crude oil and natural gas and for matters connected therewith.
601,ACT NO. 52 OF 1974,"THE CONSERVATION OF FOREIGN EXCHANGE AND PREVENTION OF SMUGGLING ACTIVITIES ACT, 1974",52,1974,"[13th December, 1974.]","An Act to provide for preventive detention in certain cases for the purposes of conservation and augmentation of Foreign Exchange and prevention of smuggling activities and for matters connected therewith. WHEREAS violations of foreign exchange regulations and smuggling activities are having an increasingly deleterious effect on the national economy and thereby a serious adverse effect on the security of the State; AND WHEREAS having regard to the persons by whom and the manner in which such activities or violations are organised and carried on, and having regard to the fact that in certain areas which are highly vulnerable to smuggling, smuggling activities of a considerable magnitude are clandestinely organised and carried on, it is necessary for the effective prevention of such activities and violations to provide for detention of persons concerned in any manner therewith;"
602,ACT NO. 54 OF 1974,"THE EAST PUNJAB URBAN RENT RESTRICTION ACT (EXTENSION TO CHANDIGARH) ACT, 1974",54,1974,"[20th December, 1974.]","An Act to extend the East Punjab Urban Rent Restriction Act, 1949, to the Union territory of Chandigarh."
603,ACT NO. 20 OF 1975,"THE TOKYO CONVENTION ACT, 1975",20,1975,"[8th May, 1975.]","An Act to give effect to the Convention on offences and certain other acts committed on board aircraft. WHEREAS a Convention on offences and certain other acts committed on board aircraft was on the Fourteenth day of September, 1963, signed at Tokyo; AND WHEREAS it is expedient that India should accede to the said Convention and should make provisions for giving effect thereto;"
604,ACT NO. 10 OF 1976,"THE ELECTION LAWS (EXTENSION TO SIKKIM) ACT, 1976",10,1976,"[25th January, 1976.]","An Act to provide for the extension of the Representation of the People Act, 1950 and the Representation of the People Act, 1951, to the State of Sikkim."
605,ACT NO. 107 OF 1976,"THE ADVOCATES (AMENDMENT) ACT, 1976",107,1976,"[13th September, 1976.]","An Act further to amend the Advocates Act, 1961."
606,ACT NO. 108 OF 1976,"THE SCHEDULED CASTES AND SCHEDULED TRIBES ORDERS (AMENDMENT) ACT, 1976",108,1976,"[18th September, 1976.]","An Act to provide for the inclusion in, and the exclusion from, the lists of Scheduled Castes and Scheduled Tribes, of certain castes and tribes, for the re-adjustment of representation of parliamentary and assembly constituencies in so far as such re-adjustment is necessitated by such inclusion of exclusion and for matters connected therewith."
607,ACT NO. 11 OF 1976,"THE SALES PROMOTION EMPLOYEES (CONDITIONS OF SERVICE) ACT, 1976",11,1976,"[25th January, 1976.]",An Act to regulate certain conditions of service of sales promotion employees in certain establishments.
608,ACT NO. 13 OF 1976,"THE SMUGGLERS AND FOREIGN EXCHANGE MANIPULATORS (FORFEITURE OF PROPERTY) ACT, 1976",13,1976,"[25th January, 1976.]","An Act to provide for the forfeiture of illegally acquired properties of smugglers and foreign exchange manipulators and for matters connected therewith or incidental thereto. WHEREAS for the effective prevention of smuggling activities and foreign exchange manipulations which are having a deleterious effect on the national economy it is necessary to deprive persons engaged in such activities and manipulations of their ill-gotten gains; AND WHEREAS such persons have been augmenting such gains by violations of wealth-tax, income-tax or other laws or by other means and have thereby been increasing their resources for operating in a clandestine manner; AND WHEREAS such persons have in many cases been holding the properties acquired by them through such gains in the names of their relatives, associates and confidants;"
609,ACT NO. 25 OF 1976,"THE EQUAL REMUNERATION ACT, 1976",25,1976,"[11th February, 1976.]","An Act to provide for the payment of equal remuneration to men and women workers and for the prevention of discrimination, on the ground of sex, against women in the matter of employment and for matters connected therewith or incidental thereto."
610,ACT NO. 31 OF 1976,"THE LEVY SUGAR PRICE EQUALISATION FUND ACT, 1976",31,1976,"[16th February, 1976.]","An Act to provide for the establishment, in the interest of the general public, of a fund to ensure that the price of levy sugar may be uniform throughout India and for matters connected therewith or incidental thereto."
611,ACT NO. 57 OF 1976,"THE HIGH COURT AT PATNA (ESTABLISHMENT OF A PERMANENT BENCH AT RANCHI) ACT, 1976",57,1976,"[8th April, 1976.]",An Act to provide for the establishment of a permanent bench of the High Court at Patna at Ranchi.
612,ACT NO. 59 OF 1976,"THE DEPARTMENTALISATION OF UNION ACCOUNTS (TRANSFER OF PERSONNEL) ACT, 1976",59,1976,"[8th April, 1976.]","An Act to provide for the transfer of officers serving in the Indian Audit and Accounts Department to any Ministry, Department or office of the Central Government for facilitating the efficient discharge by such Ministry, Department or office of the responsibility in connection with compiling the accounts thereof."
613,ACT NO. 63 OF 1976,"THE BETWA RIVER BOARD ACT, 1976",63,1976,"[10th April, 1976.]","An Act to provide for the establishment of a Board for the creation of a reservoir at Rajghat by construction, on behalf of the Governments of Madhya Pradesh and Uttar Pradesh, of a dam on the Betwa river at Rajghat and for the regulation of such reservoir."
614,ACT NO. 72 OF 1976,"THE LIFE INSURANCE CORPORATION (MODIFICATION OF SETTLEMENTS) ACT, 1976",72,1976,"[29th May, 1976.]",An Act to provide for the modification of the settlements arrived at between the Life Insurance Corporation of India and their workmen.
615,ACT NO. 77 OF 1976,"THE DISTURBED AREAS (SPECIAL COURTS) ACT, 1976",77,1976,"[11th June, 1976.]",An Act to provide for the speedy trial of certain offences in certain areas and for matters connected therewith.
616,ACT NO. 80 OF 1976,"THE TERRITORIAL WATERS, CONTINENTAL SHELF, EXCLUSIVE ECONOMIC ZONE AND OTHER MARITIME ZONES ACT, 1976",80,1976,"[25th August, 1976.]","An Act to provide for certain matters relating to the territorial waters continental shelf, exclusive economic zone and other maritime zones of India."
617,ACT NO. 15 OF 1977,"THE PARLIAMENTARY PROCEEDINGS (PROTECTION OF PUBLICATION) ACT, 1977",15,1977,"[18th April, 1977.]",An Act to protect the publication of reports of proceedings of Parliament.
618,ACT NO. 33 OF 1977,"THE SALARY AND ALLOWANCES OF LEADERS OF OPPOSITION IN PARLIAMENT ACT, 1977",33,1977,"[18th August, 1977.]",An Act to provide for the salary and allowances of Leaders of Opposition in Parliament.
619,ACT NO. 34 OF 1977,"THE LADY HARDINGE MEDICAL COLLEGE AND HOSPITAL (ACQUISITION) AND MISCELLANEOUS PROVISIONS ACT, 1977",34,1977,"[3rd December, 1977.]","An Act to provide for the acquisition of the Lady Hardinge Medical College and Hospital and for the management of the Kalavati Saran Hospital, with a view to ensuring better facilities for higher medical education for women and medical facilities for women and children in the Union territory of Delhi and for matters connected therewith or incidental thereto."
620,ACT NO. 11 OF 1978,"THE HIGH DENOMINATION BANK NOTES (DEMONETISATION) ACT, 1978",11,1978,"[30th March, 1978.]",An Act to provide in the public interest for the demonetisation of certain high denomination bank notes and for matters connected therewith or incidental thereto. WHEREAS the availability of high denomination bank notes facilitates the illicit transfer of money for financing transactions which are harmful to the national economy or which are for illegal purposes and it is therefore necessary in the public interest to demonetise high denomination bank notes;
621,ACT NO. 14 OF 1978,"THE INTEREST ACT, 1978",14,1978,"[31st March, 1978.]",An Act to consolidate and amend the law relating to the allowance of interest in certain cases.
622,ACT NO. 37 OF 1978,"THE PRESS COUNCIL ACT, 1978",37,1978,"[7th September, 1978.]",An Act to establish a Press Council for the purpose of preserving the freedom of the Press and of maintaining and improving the standards of newspapers and news agencies in India.
623,ACT NO. 5 OF 1979,"THE COCONUT DEVELOPMENT BOARD ACT, 1979",5,1979,"[17th March, 1979.]",An Act to provide for the development under the control of the Union of the coconut industry and for matters connected therewith.
624,ACT NO. 24 OF 1979,"THE UNION DUTIES OF EXCISE (DISTRIBUTION) ACT, 1979",24,1979,"[20th May, 1979.]","An Act to provide for the payment out of the Consolidated Fund of India of sums equivalent to a part of the net proceeds of certain Union duties of excise to the States to which the law imposing the duty extends and for the distribution of those sums among those States in accordance with the principles recommended by the Finance Commission in its1[report dated the 25th day of November, 1994]."
625,ACT NO. 6 OF 1980,"THE CENTRAL EXCISES AND SALT AND ADDITIONAL DUTIES OF EXCISE (AMENDEMENT) ACT, 1980",6,1980,"[12th February, 1980.]","An Act further to amend the Central Excises and Salt Act, 1944, and the Additional Duties of Excise (Goods of Special Importance) Act, 1957."
626,ACT NO. 37 OF 1980,"THE DELHI HIGH COURT (AMENDMENT) ACT, 1980",37,1980,"[2nd July, 1980.]","An Act further to amend the Delhi High Court Act, 1966."
627,ACT NO. 49 OF 1980,"THE DOCK WORKERS (REGULATION OF EMPLOYMENT) AMENDMENT ACT, 1980",49,1980,"[29th November, 1980.]","An Act further to amend the Dock Workers (Regulation of Employment) Act, 1948."
628,ACT NO. 40 OF 1980,"THE BANKING COMPANIES (ACQUISITION AND TRANSFER OF UNDERTAKINGS) ACT, 1980",40,1980,"[11th July, 1980.]","An Act to provide for the acquisition and transfer of the undertakings of certain banking companies, having regard to their size, resources, coverage and organisation, in order further to control the heights of the economy, to meet progressively, and serve better, the needs of the development of the economy and to promote the welfare of the people, in conformity with the policy of the State towards securing the principles laid down in clauses (b) and (c) of article 39 of the Constitution and for matters connected therewith or incidental thereto."
629,ACT NO. 63 OF 1980,"THE CODE OF CRIMINAL PROCEDURE (AMENDMENT) ACT, 1980",63,1980,"[26th December, 1980.]","An Act further to amend the Code of Criminal Procedure, 1973."
630,ACT NO. 14 OF 1981,"THE AIR (PREVENTION AND CONTROL OF POLLUTION) ACT, 1981",14,1981,"[29th March, 1981.]","An Act to provide for the prevention, control and abatement of air pollution, for the establishment, with a view to carrying out the aforesaid purposes, of Boards, for conferring on and assigning to such Boards powers and functions relating thereto and for matters connected therewith. WHEREAS decisions were taken at the United Nations Conference on the Human Environment held in Stockholm in June, 1972, in which India participated, to take appropriate steps for the preservation of the natural resources of the earth which, among other things, include the preservation of the quality of air and control of air pollution; AND WHEREAS it is considered necessary to implement the decisions aforesaid in so far as they relate to the preservation of the quality of air and control of air pollution;"
631,ACT NO. 26 OF 1981,"THE HIGH COURT AT BOMBAY (EXTENSION OF JURISDICTION TO GOA, DAMAN AND DIU) ACT, 1981",26,1981,"[9th September, 1981.]","An Act to provide for the extension of the jurisdiction of the High Court at Bombay to the Union territory of Goa, Daman and Diu, for the establishment of a permanent bench of that High Court at Panaji and for matters connected therewith."
632,ACT NO. 29 OF 1981,"THE BRITISH INDIA CORPORATION LIMITED (ACQUISITION OF SHARES) ACT, 1981",29,1981,"[11th September, 1981.]",
633,ACT NO. 31 OF 1981,"THE DALMIA DADRI CEMENT LIMITED (ACQUISITION AND TRANSFER OF UNDERTAKINGS) ACT, 1981",31,1981,"[15th September, 1981.]","An Act to provide for the acquisition and transfer of the undertakings of the Dalmia Dadri Cement Limited with a view to securing the proper management of such undertakings so as to subserve the interest of the general public by ensuring the continued manufacture, production and distribution of cement which is essential to the needs of the economy of the country and matters connected therewith or incidental thereto. WHEREAS Messrs. Dalmia Dadri Cement Limited had been engaged in the manufacture and production of portland cement, an article mentioned in the First Schedule to the Industries (Development and Regulation) Act, 1951 (65 of 1951); AND WHEREAS an order has been made for the winding up of the Company and proceedings for its liquidation are pending in the High Court of Punjab and Haryana; AND WHEREAS the undertakings of the Company have not been functioning since March, 1980; AND WHEREAS it is necessary to acquire the undertakings of the said Company to ensure that the interests of the general public are served by the continuance, by the undertakings of the said Company, of the manufacture, production and distribution of portland cement which is essential to the needs of the economy of the country;"
634,ACT NO. 33 OF 1981,"THE CINE-WORKERS WELFARE FUND ACT, 1981",33,1981,"[17th September, 1981.]",An Act to provide for the financing of activities to promote the welfare of certain cine-workers.
635,ACT NO. 48 OF 1981,"THE ANTI-APARTHEID (UNITED NATIONS CONVENTION) ACT, 1981",48,1981,"[18th December, 1981.]","An Act to give effect to the International Convention on the Suppression and Punishment of the Crime of Apartheid. WHEREAS an International Convention on the Suppression and Punishment of the Crime of Apartheid was adopted by the General Assembly of the United Nations on the Thirtieth day of November, 1973; AND WHEREAS India, having acceded to the said Convention, should make provisions for giving effect to it;"
636,ACT NO. 50 OF 1981,"THE CINE-WORKERS AND CINEMA THEATRE WORKERS (REGULATION OF EMPLOYMENT) ACT, 1981",50,1981,"[24th December, 1981.]",An Act to provide for the regulation of the conditions of employment of certain cine-workers and cinema theatre workers and for matters connected therewith.
637,ACT NO. 61 OF 1981,"THE NATIONAL BANK FOR AGRICULTURE AND RURAL DEVELOPMENT ACT, 1981",61,1981,"[30th December, 1981.]","1[An Act to establish a development bank to be known as the National Bank for Agriculture and Rural Development for providing and regulating credit and other facilities for the promotion and development of agriculture, 2[micro-enterprises, small enterprises and medium enterprises, cottage and village industries, handlooms] handicrafts and other rural crafts and other allied economic activities in rural areas with a view to promoting integrated rural development and securing prosperity of rural areas and for matters connected therewith or incidental thereto.]"
638,ACT NO. 1 OF 1982,"THE AFRICAN DEVELOPMENT FUND ACT, 1982",1,1982,"[4th March, 1982.]",An Act to implement the African Development Fund Agreement and for matters connected therewith.
639,ACT NO. 4 OF 1982,"THE SUGAR DEVELOPMENT FUND ACT, 1982",4,1982,"[19th March, 1982.]",An Act to provide for the financing of activities for development of sugar industry and for matters connected therewith or incidental thereto.
640,ACT NO. 15 OF 1982,"THE CUSTOMS TARIFF (AMENDMENT) ACT, 1982",15,1982,"[11th May, 1982.]","An Act further to amend the Customs Tariff Act, 1975."
641,ACT NO. 36 OF 1982,"THE CHAPARMUKH-SILGHAT RAILWAY LINE AND THE KATAKHAL-LALABAZAR RAILWAY LINE (NATIONALISATION) ACT, 1982",36,1982,"[17th August, 1982.]","An Act to provide for the acquisition of the undertakings of the Chaparmukh-Silghat Railway Company Limited in relation to the Chaparmukh-Silghat Railway Line and the undertakings of the Katakhal-Lalabazar Railway Company Limited in relation to the Katakhal-Lalabazar Railway Line with a view to securing the efficient operation of the said Railway lines so as to subserve the needs of the north-eastern areas of India and to protect the links of communication between the said areas and the rest of the country and for matters connected therewith or incidental thereto. WHEREAS the Chaparmukh-Silghat Railway Line owned by the Chaparmukh-Silghat Railway Company Limited and the Katakhal-Lalabazar Railway Line owned by the Katakhal-Lalabazar Railway Company Limited, are vital communication links between the north-eastern areas of India and the rest of the country; AND WHEREAS the said Railway Lines are integrated with the metre gauge system of the contiguous North-East Frontier Railway; AND WHEREAS the condition of assets of the aforesaid companies has reached such a stage that it may not be possible to operate train services for long on the railway lines owned by them; AND WHEREAS it is necessary to secure the efficient operation of the said Railway lines;"
642,ACT NO. 40 OF 1982,"THE CHIT FUNDS ACT, 1982 (Last Updated on 1st January, 2020).",40,1982,"[19th August, 1982.]",An Act to provide for the regulation of chit funds and for matters connected therewith.
643,ACT NO. 41 OF 1982,"THE METRO RAILWAYS (CONSTRUCTION OF WORKS) AMENDMENT ACT, 1982",41,1982,"[21st August, 1982.]","An Act to amend to Metro Railways (Construction of Works) Act, 1978."
644,ACT NO. 42 OF 1982,"THE EAST PUNJAB URBAN RENT RESTRICTION (CHANDIGARH AMENDMENT) ACT, 1982",42,1982,"[21st August, 1982.]","An Act further to amend the East Punjab Urban Rent Restriction Act, 1949, as in force in the Union territory of Chandigarh."
645,ACT NO. 62 OF 1982,"THE STATE BANK OF SIKKIM (ACQUISITION OF SHARES) AND MISCELLANEOUS PROVISIONS ACT, 1982",62,1982,"[6th November, 1982.]","An Act to provide, in the public interest, for the acquisition of certain shares of the State Bank of Sikkim for the purpose of better consolidation and extension of banking facilities in the State of Sikkim and for matters connected therewith or incidental thereto. WHEREAS for the purpose of better consolidation and extension of banking facilities in the State of Sikkim, it is expedient to provide for a single apex banking institution in that State, and for that purpose to provide for the acquisition of certain shares of the State Bank of Sikkim and for matters connected therewith or incidental thereto;"
646,ACT NO. 66 OF 1982,"THE SUPPRESSION OF UNLAWFUL ACTS AGAINST SAFETY OF CIVIL AVIATION ACT, 1982",66,1982,"[6th November, 1982.]","An Act to give effect to the Convention for the Suppression of Unlawful Acts against the Safety of Civil Aviation and for matters connected therewith. WHEREAS a Convention for the Suppression of Unlawful Acts against the Safety of Civil Aviation was, on the 23rd day of September, 1971, signed at Montreal; AND WHEREAS it is expedient that India should accede to the said Convention and make provisions for giving effect thereto and for matters connected therewith;"
647,ACT NO. 71 OF 1982,"THE ANDHRA SCIENTIFIC COMPANY LIMITED (ACQUISITION AND TRANSFER OF UNDERTAKINGS) ACT, 1982",71,1982,"[13th November, 1982.]","An Act to provide for the acquisition and transfer of the undertakings of the Andhra Scientific Company Limited, with a view to securing the proper management of such undertakings so as to subserve the interests of the general public by ensuring the continuity of production of scientific instruments which are vital to the needs of the country and for matters connected therewith or incidental thereto. WHEREAS the Andhra Scientific Company Limited had been engaged in the manufacture and production of articles mentioned in the First Schedule to the Industries (Development and Regulation) Act, 1951 (65 of 1951), namely, scientific instruments; AND WHEREAS the management of the undertakings of the Andhra Scientific Company Limited was taken over by the Central Government under section 18AA of the Industries (Development and Regulation) Act, 1951 (65 of 1951); AND WHEREAS it is necessary to acquire the undertakings of the Andhra Scientific Company Limited to ensure that the interests of the general public are served by the continuance, by the undertakings of the Company, of the production of the aforesaid articles which are vital to the needs of the country;"
648,ACT NO.13 OF 1983,"THE AFRICAN DEVELOPMENT BANK ACT, 1983",13,1983,"[26th May, 1983.]",An Act to implement the international agreement for the establishment and operation of the African Development Bank and for matters concerned therewith.
649,ACT NO. 32 OF 1983,"THE PUNJAB DISTURBED AREAS ACT, 1983",32,1983,"[8th December, 1983.]",An Act to make better provision for the suppression of disorder and for the restoration and maintenance of public order in disturbed areas in Punjab.
650,ACT NO. 33 OF 1983,"THE CHANDIGARH DISTURBED AREAS ACT, 1983",33,1983,"[8th December, 1983.]",An Act to make better provision for the suppression of disorder and for the restoration and maintenance of public order in disturbed areas in Chandigarh.
651,ACT NO. 34 OF 1983,"THE ARMED FORCES (PUNJAB AND CHANDIGARH) SPECIAL POWERS ACT, 1983",34,1983,"[8th December, 1983.]",An Act to enable certain special powers to be conferred upon members of the armed forces in the disturbed areas in the State of Punjab and the Union territory of Chandigarh.
652,ACT NO. 39 OF 1983,"THE ILLEGAL MIGRANTS (DETERMINATION BY TRIBUNALS) ACT, 1983",39,1983,"[25th December, 1983.]","An Act to provide for the establishment of Tribunals for the determination, in a fair manner, of the question whether a person is an illegal migrant to enable the Central Government to expel illegal migrants from India and for matters connected therewith or incidental thereto. WHEREAS a good number of the foreigners who migrated into India across the borders of the eastern and north-eastern regions of the country on and after the 25th day of March, 1971, have, by taking advantage of the circumstances of such migration and their ethnic similarities and other connections with the people of India and without having in their possession any lawful authority so to do, illegally remained in India; AND WHEREAS the continuance of such foreigners in India is detrimental to the interests of the public of India; AND WHEREAS on account of the number of such foreigners and the manner in which such foreigners have clandestinely been trying to pass off as citizens of India and all other relevant circumstances, it is necessary for the protection of the citizens of India to make special provisions for the detection of such foreigners in Assam and also in any other part of India in which such foreigners may be found to have remained illegally;"
653,ACTNO. 42 OF1983,"THE MINES (AMENDMENT) ACT, 1983",42,1983,"[25th December, 1983.]","An Act further to amend the Mines Act, 1952."
654,ACT NO. 44 OF 1983,"THE INDIAN RAILWAYS (AMENDMENT) ACT, 1983",44,1983,"[25th December, 1983.]","An Act further to amend the Indian Railways Act, 1890."
655,ACT NO. 48 OF 1983,"THE PUBLIC FINANCIAL INSTITUTIONS (OBLIGATION AS TO FIDELITY AND SECRECY) ACT, 1983",48,1983,"[30th December, 1983.]",An Act to provide for the obligation of public financial institutions as to fidelity and secrecy.
656,ACT NO. 4 OF 1984,"THE INDUSTRIES (DEVELOPMENT AND REGULATION) AMENDMENT ACT, 1984",4,1984,"[21st March, 1984.]","An Act further to amend the Industries (Development and Regulation) Act, 1951."
657,ACT NO. 5 OF 1984,"THE ASIATIC SOCIETY ACT, 1984",5,1984,"[23rd March, 1984.]",An Act to declare the institution known as the Asiatic Society having at present its registered office in Calcutta to be an institution of national importance and to provide for certain matters connected therewith.
658,ACT NO. 19 OF 1984,"THE GOVERNMENT OF UNION TERRITORIES (AMENDMENT) ACT, 1984",19,1984,"[8th May, 1984.]","An Act further to amend the Government of Union Territories Act, 1963."
659,ACT NO. 31 OF 1984,"THE VISVA-BHARATI (AMENDMENT) ACT, 1984",31,1984,"[21st May, 1984.]","An Act further to amend the Visva-Bharati Act, 1951."
660,ACT NO. 61 OF 1984,"THE TERRORIST AFFECTED AREAS (SPECIAL COURTS) ACT, 1984",61,1984,"[31st August, 1984.]",An Act to provide for the speedy trial of certain offences in terrorist affected areas and for matters connected therewith.
661,ACT NO. 66 OF 1984,"THE FAMILY COURTS ACT, 1984",66,1984,"[14th September, 1984.]","An Act to provide for the establishment of Family Courts with a view to promote conciliation in, and secure speedy settlement of, disputes relating to marriage and family affairs and for matters connected therewith."
662,ACT NO. 52 OF 1984,"THE INDIAN VETERINARY COUNCIL ACT, 1984",52,1984,"[18th August, 1984.]","An Act to regulate veterinary practice and to provide, for that purpose, for the establishment of a Veterinary Council of India and State Veterinary Councils and the maintenance of registers of the veterinary practitioners and for matters connected therewith. WHEREAS it is expedient to make provision for the regulation of veterinary practice and to provide, for that purpose, for the establishment of a Veterinary Council of India and State Veterinary Councils and the maintenance of registers of persons qualified to engage in veterinary practice for the whole of India and for matters connected therewith or ancillary thereto; AND WHEREAS Parliament has no power to make laws for the States with respect to any of the matters aforesaid except as provided in articles 249 and 250 of the Constitution; AND WHEREAS in pursuance of clause (1) of article 252 of the Constitution, resolutions have been passed by all the Houses of the Legislatures of the States of Haryana, Bihar, Orissa, Himachal Pradesh and Rajasthan to the effect that the matters aforesaid should be regulated in those States by Parliament by law;"
663,ACT NO. 10 OF 1985,"THE CALCUTTA METRO RAILWAY (OPERATION AND MAINTENANCE) TEMPORARY PROVISIONS ACT, 1985",10,1985,"[16th February, 1985.]","An Act to make temporary provisions for the operation and maintenance of the Calcutta metro railway and for matters connected therewith, pending the making of regular arrangements for such operation and maintenance."
664,ACT NO. 13 OF 1985,"THE ADMINISTRATIVE TRIBUNALS ACT, 1985",13,1985,"[27th February, 1985.]",An Act to provide for the adjudication or trial by Administrative Tribunals of disputes and complaints with respect to recruitment and conditions of service of persons appointed to public services and posts in connection with the affairs of the Union or of any State or of any local or other authority within the territory of India or under the control of the Government of India or of 1[any corporation or society owned or controlled by the Government in pursuance of article 323A of the Constitution] and for matters connected therewith or incidental thereto.
665,ACT NO. 21 OF 1985,"THE BHOPAL GAS LEAK DISASTER (PROCESSING OF CLAIMS) ACT, 1985",21,1985,"[29th March, 1985.]","An Act to confer certain powers on the Central Government to secure that claims arising out of, or connected with, the Bhopal gas leak disaster are dealt with speedily, effectively, equitably and to the best advantage of the claimants and for matters incidental thereto."
666,ACT NO. 22 OF 1985,"THE HANDLOOMS (RESERVATION OF ARTICLES FOR PRODUCTION) ACT, 1985",22,1985,"[29th March, 1985.]",An Act to provide for reservation of certain articles for exclusive production by handlooms and for matters connected therewith.
667,ACT NO. 58 OF 1985,"THE INTELLIGENCE ORGANISATIONS (RESTRICTION OF RIGHTS) ACT, 1985",58,1985,"[6th September, 1985.]",An Act to provide for the restriction of certain rights conferred by Part III of the Constitution in their application to the members of certain organisations established by the Central Government for purposes of intelligence or counter-intelligence so as to ensure the proper discharge of their duties and the maintenance of discipline among them.
668,ACT NO. 72 OF 1985,"THE INTERNATIONAL AIRPORTS AUTHORITY (AMENDMENT) ACT, 1985",72,1985,"[20th December, 1985.]","An Act to amend the International Airports Authority Act, 1971."
669,ACT NO. 82 OF 1985,"THE INLAND WATERWAYS AUTHORITY OF INDIA ACT, 1985",82,1985,"[30th December, 1985.]",An Act to provide for the constitution of an Authority for the regulation and development of inland waterways for purposes of shipping and navigation and for matters connected therewith or incidental thereto.
670,ACT NO. 19 OF 1986,"THE ADMINISTRATIVE TRIBUNALS (AMENDMENT) ACT, 1986",19,1986,"[25th March, 1986.]","An Act to amend the Administrative Tribunals Act, 1985."
671,ACT NO. 27 OF 1986,"THE COAL MINES LABOUR WELFARE FUND (REPEAL) ACT, 1986",27,1986,"[23rd May, 1986.]","An Act to repeal the Coal Mines Labour Welfare Fund Act, 1947 and to provide for certain matters incidental thereto."
672,ACT NO. 29 OF1986,"THE ENVIRONMENT (PROTECTION) ACT, 1986",29,1986,"[23rd May, 1986.]","An Act to provide for the protection and improvement of environment and for matters connected therewith. WHEREAS decisions were taken at the United Nations Conference on the Human Environment held at Stockholm in June, 1972, in which India participated, to take appropriate steps for the protection and improvement of human environment; ANDWHEREAS it is considered necessary further to implement the decisions aforesaid in so far as they relate to the protection and improvement of environment and the prevention of hazards to human beings, other living creatures, plants and property;"
673,ACT NO. 33 OF 1986,"THE MERCHANT SHIPPING (AMENDMENT) ACT, 1986",33,1986,"[14th August, 1986.]","An Act further to amend the Merchant Shipping Act, 1958."
674,ACT NO. 54 OF 1986,"THE DOCK WORKERS (SAFETY, HEALTH AND WELFARE) ACT, 1986",54,1986,"[7th December, 1986.]","An Act to provide for the safety, health and welfare of dock workers and for matters connected therewith."
675,ACT NO. 56 OF 1986,"THE DELHI FIRE PREVENTION AND FIRE SAFETY ACT, 1986",56,1986,"[12th December, 1986.]",An Act to make more effective provision for the fire prevention and fire safety measures in certain buildings and premises in the Union Territory of Delhi.
676,ACT NO. 68 OF 1986,"THE CONSUMER PROTECTION ACT, 1986",68,1986,"[24th December, 1986.]",An Act to provide for the better protection of the interests of consumers and for that purpose to make provision for the establishment of consumer councils and other authorities for the settlement of consumers’ disputes and for matters connected therewith.
677,ACT NO. 61 OF 1986,"THE CHILD AND ADOLESCENT (PROHIBITION AND REGULATION) ACT, 1986",61,1986,"[23rd December, 1986.]",1[An Act to prohibit the engagement of children in all occupations and to prohibit the engagement of adolescents in hazardous occupations and processes and the matters connected therewith or incidental thereto.]
678,ACT NO. 10 OF 1987,"THE JUTE PACKAGING MATERIALS (COMPULSORY USE IN PACKING COMMODITIES) ACT, 1987",10,1987,"[9th May, 1987.]","An Act to provide for the compulsory use of jute packaging material in the supply and distribution of certain commodities in the interests of production of raw jute and jute packaging material, and of persons engaged in the production thereof, and for matters connected therewith."
679,ACT NO. 16 OF 1987,"THE GOA, DAMAN AND DIU MINING CONCESSIONS (ABOLITION AND DECLARATION AS MINING LEASES) ACT, 1987",16,1987,"[23rd May, 1987.]","An Act to provide for the abolition of the mining concessions in operation in the Union territory of Goa, Daman and Diu and specified in the First and the Second Schedules, and for the declaration of such mining concessions as mining leases under the Mines and Minerals (Regulation and Development) Act, 1957 with a view to the regulation of the mines to which such concessions relate and for the development of minerals under the control of the Union and for matters connected therewith or incidental thereto. WHEREAS certain mining concessions have been granted in perpetuity under the former Portuguese Mining Laws (Decree of 20th day of September, 1906) in the territories now included in the Union territory of Goa, Daman and Diu by the former Portuguese Government and by the Government of Goa, Daman and Diu: AND WHEREAS the aforesaid mining laws have ceased to be in force and doubts have been expressed as to whether such mining concessions are mining leases within the meaning of the Mines and Minerals (Regulation and Development) Act 1957 (67 of 1957): AND WHEREAS it is expedient in the public interest to abolish such mining concessions and declare them as mining leases under the aforesaid Act for the purpose of making the provisions of that Act applicable to the mines to which such concessions relate with a view to the regulation of such mines and for the development of minerals under the control of the Union so as to subserve the common good:"
680,ACT NO. 35 OF 1987,"THE EXPENDITURE-TAX ACT, 1987",35,1987,"[14th September, 1987.]",An Act to provide for the levy of a tax on expenditure incurred in certain hotels 1[or restaurants and for matters connected therewith or incidental thereto].
681,ACT NO. 54 OF 1987,"THE RAILWAY CLAIMS TRIBUNAL ACT, 1987",54,1987,"[23rd December, 1987.]","An Act to provide for the establishment of a Railway Claims Tribunal for inquiring into and determining claims against a railway administration for loss, destruction, damage, deterioration or non-delivery of animals or goods entrusted to it to be carried by railway or for the refund of fares or freight or for compensation for death or injury to passengers occurring as a result of railway accidents 1[or untoward incidents] and for matters connected therewith or incidental thereto."
682,ACT NO. 51 OF1988,"THE LABOUR LAWS (SIMPLIFICATION OF PROCEDURE FOR FURNISHING RETURNS AND MAINTAINING REGISTERS BY CERTAIN ESTABLISHMENTS) ACT, 1988",51,1988,"[24thSeptember, 1988.]",1[An Act to provide for the simplification of procedure for furnishing returnsand maintaining registers in relation to establishments employing a small numberof persons under certain labour laws.]
683,ACT NO. 2 OF 1988,"THE CHANDIGARH (DELEGATION OF POWERS) ACT, 1987",2,1988,"[3rd, January, 1988.]",An Act to provide for the delegation of powers vested in the Administrator of the Union territory of Chandigarh.
684,ACT NO. 3 OF 1988,"THE COMMISSION OF SATI (PREVENTION) ACT, 1987",3,1988,"[3rd January, 1988.]","An Act to provide for the more effective prevention of the commission of sati and its glorification and for matters connected therewith or incidental thereto, WHEREAS sati or the burning or burying alive of widows or women is revolting to the feelings of human nature and is nowhere enjoined by any of the religions of India as an imperative duty; ANDWHEREAS it is necessary to take more effective measures to prevent the commission of sati and its glorification;"
685,ACT NO. 34 OF 1988,"THE SPECIAL PROTECTION GROUP ACT, 1988",34,1988,"[2nd June, 1988.]",An Act to provide for the constitution and regulation of an armed force of the Union for providing proximate security to the Prime Minister of India and the 1[former Prime Ministers of India and members of their immediate families] and for matters connected therewith.
686,ACT NO. 44 OF 1988,"THE BHARAT PETROLEUM CORPORATION LIMITED (DETERMINATION OF CONDITIONS OF SERVICE OF EMPLOYEES) ACT, 1988",44,1988,"[3rd September, 1988.]","An Act to empower the Central Government to determine the conditions of service of the officers and employees of Bharat Petroleum Corporation Limited and for matters connected therewith. WHEREAS for the purpose of making the conditions of service of the officers and employees of the Bharat Petroleum Corporation Limited comparable with the conditions of service of the officers and employees of other public sector companies, it is necessary to empower the Central Government to determine the conditions of service of the officers and employees of the said Corporation;"
687,ACT NO. 46 OF 1988,"THE PREVENTION OF ILLICIT TRAFFIC IN NARCOTIC DRUGS AND PSYCHOTROPIC SUBSTANCES ACT, 1988",46,1988,"[6thSeptember, 1988.]","An Act to provide for detention in certain cases for the purpose of preventing illicit traffic in narcotic drugs and psychotropic substances and for matters connected therewith. WHEREAS illicit traffic in narcotic drugs and psychotropic substances poses a serious threat to the health and welfare of the people and the activities of persons engaged in such illicit traffic have a deleterious effect on the national economy; ANDWHEREAS having regard to the persons by whom and the manner in which such activities are organised and carried on, and having regard to the fact that in certain areas which are highly vulnerable to the illicit traffic in narcotic drugs and psychotropic substances, such activities of a considerable magnitude are clandestinely organised and carried on, it is necessary for the effective prevention of such activities to provide for detention of persons concerned in any manner therewith."
688,ACT NO. 49 OF 1988,"THE PREVENTION OF CORRUPTION ACT, 1988",49,1988,"[9th September, 1988.]",An Act to consolidate and amend the law relating to the prevention of corruption and for matters connected therewith
689,ACT NO. 21 OF 1989,"THE REPRESENTATION OF THE PEOPLE (AMENDMENT) ACT, 1989",21,1989,"[22nd May, 1989.]","An Act further to amend the Representation of the People Act, 1950."
690,ACT NO. 24 OF 1989,"THE RAILWAYS ACT, 1989",24,1989,"[3rd June, 1989.]",An Act to consolidate and amend the law relating to Railways.
691,ACT NO. 33 OF 1989,"THE SCHEDULED CASTES AND THE SCHEDULED TRIBES (PREVENTION OF ATROCITIES) ACT, 1989",33,1989,"[11th September, 1989.]","An Act to prevent the commission of offences of atrocities against the members of the Scheduled Castes and the Scheduled Tribes, to provide for 1[Special Courts and the Exclusive Special Courts] for the trial of such offences and for the relief and rehabilitation of the victims of such offences and for matters connected therewith or incidental thereto."
692,ACT NO. 21 OF 1990,"THE ARMED FORCES (JAMMU AND KASHMIR) SPECIAL POWERS ACT, 1990",21,1990,"[10th September, 1990.]",An Act to enable certain special powers to be conferred upon members of the armed forces in the disturbed areas in the State of Jammu and Kashmir*.
693,ACT NO. 25 OF 1990,"THE PRASAR BHARATI (BROADCASTINGCORPORATION OF INDIA) ACT, 1990",25,1990,"[12th September, 1990.]","An Act to provide for the establishment of a Broadcasting Corporation for India, to be known as Prasar Bharati, to define its composition, functions and powers and to provide for matters connected therewith or incidental thereto."
694,ACT NO. 6 OF1991,"THE PUBLIC LIABILITY INSURANCE ACT, 1991",6,1991,"[22nd January, 1991.]",An Act to provide for public liability insurance for the purpose of providing immediate relief to the persons affected by accident occurring while handling any hazardous substance and for matters connected therewith or incidental thereto.
695,ACT NO. 11 OF 1991,"THE ELECTION COMMISSION (CONDITIONS OF SERVICE OF ELECTION COMMISSIONERS AND TRANSACTION OF BUSINESS) ACT, 1991",11,1991,"[25th January, 1991.]",An Act to determine the conditions of service of the Chief Election Commissioner and other Election Commissioners 1[and to provide for the procedure for transaction of business by the Election Commission and for matters] connected therewith or incidental thereto.
696,ACT NO. 41 OF 1991,"THE REMITTANCES OF FOREIGN EXCHANGE AND INVESTMENT IN FOREIGN EXCHANGE BONDS (IMMUNITIES AND EXEMPTIONS) ACT, 1991",41,1991,"[18th September, 1991.]","An Act to provide for certain immunities to persons receiving remittances in foregin exchange and to persons owning the Foreign Exchange Bonds and for certain exemptions from direct taxes in relation to such remittances and bonds and for matters connected therewith or incidental thereto. WHEREAS the position relating to balance of payments has become difficult and it is necessary to attract large inflow of foreign exchange; AND WHEREAS with a view to attracting such inflow of foreign exchange, it is expedient to provide for certain immunities and exemptions to render it possible for certain persons to receive the said remittances in foreign exchange and to own the said Bonds;"
697,ACT NO. 42 OF 1991,"THE PLACES OF WORSHIP (SPECIAL PROVISIONS) ACT, 1991",42,1991,"[18th September, 1991.]","An Act to prohibit conversion of any place of worship and to provide for the maintenance of the religious character of any place of worship as it existed on the 15th day of August, 1947, and for matters connected therewith or incidental thereto."
698,ACT NO. 12 OF 1992,"THE DESTRUCTIVE INSECTS AND PESTS (AMENDMENT AND VALIDATION) ACT, 1992",12,1992,"[31st March, 1992.]","An Act further to amend the Destructive Insects and Pests Act, 1914."
699,ACT NO. 15 OF 1992,"THE SECURITIES AND EXCHANGE BOARD OF INDIA ACT, 1992",15,1992,"[4th April, 1992.]","An Act to provide for the establishment of a Board to protect the interests of investors in securities and to promote the development of, and to regulate, the securities market and for matters connected therewith or incidental thereto."
700,ACT NO. 16 OF 1992,"THE CESS AND OTHER TAXES ON MINERALS (VALIDATION) ACT, 1992",16,1992,"[4thApril, 1992.]",An Act to validate the imposition and collection of cesses and certain other taxes on minerals under certain State laws.
701,ACT NO. 22 OF 1992,"THE FOREIGN TRADE (DEVELOPMENT AND REGULATION) ACT, 1992",22,1992,"[7th August, 1992.]","An Act to provide for the development and regulation of foreign trade by facilitating imports into, and augmenting exports from, India and for matters connected therewith or incidental thereto."
702,ACT NO. 27 OF 1992,"THE SPECIAL COURT (TRIAL OF OFFENCES RELATING TO TRANSACTIONS IN SECURITIES) ACT, 1992",27,1992,"[18th August, 1992.]",An Act to provide for the establishment of a Special Court for the trial of offences relating to transactions in securities and for matters connected therewith or incidental thereto.
703,ACTNO. 35 OF 1992,"THE INDO-TIBETAN BORDER POLICE FORCE ACT, 1992",35,1992,"[1st September, 1992.]",An Act to provide for the constitution and regulation of an armed force of the Union for ensuring the security of the borders of India and for matters connected therewith.
704,ACT NO. 23 OF 1993,"THE INDUSTRIAL FINANCE CORPORATION (TRANSFER OF UNDERTAKING AND REPEAL) ACT, 1993",23,1993,"[2nd April, 1993.]","An Act to provide for the transfer and vesting of the undertaking of the Industrial Finance Corporation of India to and in the Company to be formed and registered as a Company under the Companies Act, 1956, and for matters connected therewith or incidental thereto and also to repeal the Industrial Finance Corporation Act, 1948."
705,ACT NO. 25 OF 1993,"THE GOLD BONDS (IMMUNITIES AND EXEMPTIONS) ACT, 1993",25,1993,"[2nd April, 1993.]","An Act to provide for certain immunities to the subscribers of the Gold Bonds and for certain exemptions from direct taxes in relation to such Bonds and for matters connected therewith or incidental thereto. WHEREAS with a view to mobilising the idle gold resources of residents in India, it is expedient to provide for certain immunities and exemptions to render it possible for such residents to subscribe to Gold Bonds;"
706,ACT NO. 28 OF 1993,"THE MULTIMODAL TRANSPORTATION OF GOODS ACT, 1993",28,1993,"[2nd April, 1993.]","An Act to provide for the regulation of the multimodal transportation of goods, from any place in India to a place outside India, on the basis of a multimodal transport contract and for matters connected therewith or incidental thereto."
707,ACT NO. 33 OF 1993,"THE ACQUISITION OF CERTAIN AREA AT AYODHYA ACT, 1993",33,1993,"[3rd April, 1993.]","An Act to provide for the acquisition of certain area at Ayodhya and for matters connected therewith or incidental thereto. WHEREAS there has been a long-standing dispute relating to the structure (including the premises of the inner and outer courtyards of such structure), commonly known as the Ram Janma Bhumi-Babri Masjid, situated in village Kot Ramchandra in Ayodhya, in Pargana Haveli Avadh, in tehsil Faizabad Sadar, in the district of Faizabad of the State of Uttar Pradesh; AND WHEREAS the said dispute has affected the maintenance of public order and harmony between different communities in the country; AND WHEREAS it is necessary to maintain public order and to promote communal harmony and the spirit of common brotherhood amongst the people of India; AND WHEREAS with a view to achieving the aforesaid objectives, it is necessary to acquire certain areas in Ayodhya;"
708,ACT NO. 36 OF 1993,"THE SAARC CONVENTION (SUPPRESSION OF TERRORISM) ACT, 1993",36,1993,"[26th April, 1993.]","An Act to give effect to the South Asian Association for Regional Cooperation Convention on Suppression of Terrorism and for matters connected therewith or incidental thereto. WHEREAS a Convention on the Suppression of Terrorism was signed on behalf of the Government of India at Kathmandu on the 4th day of November, 1987; AND WHEREAS India, having ratified the said Convention, should make provisions for giving effect thereto and for matters connected therewith or incidental thereto;"
709,ACT NO. 41 OF 1993,"THE BEEDI AND CIGAR WORKERS (CONDITIONS OF EMPLOYMENT) AMENDMENT ACT, 1993",41,1993,"[22ndMay,1993.]","An Act to amend the Beedi and Cigar Workers (Conditions of Employment) Act, 1966."
710,ACT NO. 44 OF 1993,"THE CENTRAL LAWS (EXTENSION TO ARUNACHAL PRADESH) ACT, 1993",44,1993,"[27th May, 1993.]",An Act to provide for the extension of certain Central laws to the State of Arunachal Pradesh.
711,ACT NO. 51 OF 1993,"THE RECOVERY OF DEBTS DUE TO BANKS AND FINANCIAL INSTITUTIONS ACT, 1993",51,1993,"[27th August, 1993.]","An Act to provide for the establishment of Tribunals for expeditious adjudication and recovery of debts due to banks and financial institutions 1[, insolvency resolution and bankruptcy of individuals and partnership firms] and for matters connected therewith or incidental thereto."
712,ACT NO. 65 OF 1993,"THE OIL AND NATURAL GAS COMMISSION (TRANSFER OF UNDERTAKING AND REPEAL) ACT, 1993",65,1993,"[4th September, 1993.]","An Act to provide for the transfer and vesting of the undertaking of the Oil and Natural Gas Commission to and in the Oil and Natural Gas Corporation Limited, a company incorporated under the Companies Act, 1956, and for matters connected therewith or incidental thereto and also to repeal the Oil and Natural Gas Commission Act, 1959."
713,ACT NO. 69 OF 1993,"THE PUBLIC RECORDS ACT, 1993",69,1993,"[21st December, 1993.]","An Act to regulate the management, administration and preservation of public records of the Central Government, Union territory Administrations, public sector undertakings, statutory bodies and corporations, commissions and committees constituted by the Central Government or a Union territory Administration and matters connected therewith or incidental thereto."
714,ACT NO. 10 OF 1994,"THE PROTECTION OF HUMAN RIGHTS ACT, 1993",10,1994,"[8th January, 1994.]","An Act to provide for the constitution of a National Human Rights Commission, State Human Rights Commissions in States and Human Rights Courts for better protection of human rights and for matters connected therewith or incidental thereto."
715,ACT NO. 13 OF 1994,"THE AIR CORPORATIONS (TRANSFER OF UNDERTAKINGS AND REPEAL) ACT, 1994",13,1994,"[21st March, 1994.]","An Act to provide for the transfer and vesting of the undertakings of Indian Airlines and Air India respectively to and in the companies formed and registered as Indian Airlines Limited and Air India Limited and for matters connected therewith or incidental thereto and also to repeal the Air Corporations Act, 1953."
716,ACT NO. 45 OF 1994,"THE PUNJAB MUNICIPAL CORPORATION LAW (EXTENSION TO CHANDIGARH) ACT, 1994",45,1994,"[22nd July, 1994.]","An Act to provide for the extension of the Punjab Municipal Corporation Act, 1976 to the Union territory of Chandigarh."
717,ACT NO. 55 OF 1994,"THE AIRPORTS AUTHORITY OF INDIA ACT, 1994",55,1994,"[12th September, 1994.]",An Act to provide for the constitution of the Airports Authority of India and for the transfer and vesting of the undertakings of the International Airports Authority of India and the National Airports Authority to and in the Airports Authority of India so constituted for the better administration and cohesive management of airports and civil enclaves whereat air transport services are operated or are intended to be operated and of all aeronautical communication stations 1[for the purposes of establishing or assisting in the establishment of airports] and for matters connected therewith or incidental thereto.
718,ACT NO. 7 OF 1995,"THE CABLE TELEVISION NETWORKS (REGULATION) ACT, 1995",7,1995,"[25th March, 1995.]",An Act to regulate the operation of cable television networks in the country and for matters connected therewith or incidental thereto.
719,ACT NO. 39 OF 1995,"THE TEXTILE UNDERTAKINGS (NATIONALISATION) ACT, 1995",39,1995,"[8th September, 1995.]","An Act to provide for the acquisition and transfer of the textile undertakings, and the right, title and interest of the owners in respect of the textile undertakings, specified in the First Schedule with a view to augmenting the production and distribution of different varieties of cloth and yarn so as to subserve the interests of the general public and for matters connected therewith or incidental thereto. WHEREAS the textile companies specified in column (3) of the First Schedule have, through their undertakings specified in column (2) of the said Schedule, been engaged in the manufacture and production of different varieties of cloth and yarn; AND WHEREAS, pending acquisition, the management of the said textile undertakings was taken over by the Central Government under section 3 of the Textile Undertakings (Taking Over of Management) Act, 1983 (40 of 1983)or under section 3 of the Laxmirattan and Atherton West Cotton Mills (Taking Over of Management) Act, 1976 (98 of 1976), as the case may be; AND WHEREAS large sums of money have been invested with a view to making the said textile undertakings viable; AND WHEREAS further investment of very large sums of money is necessary for the purpose of securing the optimum utilisation of the available facilities for the manufacture, production and distribution of cloth and yarn by the said textile undertakings of the companies; AND WHEREAS such investment is also necessary for securing the continued employment of the workmen employed in the said textile undertakings; AND WHEREAS it is necessary in the public interest to acquire the said textile undertakings of the textile companies to ensure that the interest of the general public are served by the continuance by the said undertakings of the companies of the manufacture, production and distribution of different varieties of cloth and yarn which are vital to the needs of the country;"
720,ACT NO. 44 OF 1995,"THE TECHNOLOGY DEVELOPMENT BOARD ACT, 1995",44,1995,"[16thDecember,1995.]",An Act to provide for the constitution of a Board for payment of equity capital or any other financial assistance to industrial concerns and other agencies attempting development and commercial application of indigenous technology or adapting imported technology to wider domestic applications and for matters connected therewith or incidental thereto.
721,ACT NO. 22 OF 1996,"THE DEPOSITORIES ACT, 1996",22,1996,"[10th August, 1996.]",An Act to provide for regulation of depositories in securities and for matters connected therewith or incidental thereto.
722,ACT No. 26 OF 1996,"THE ARBITRATION AND CONCILIATION ACT, 1996",26,1996,"[16th August, 1996.]","An Act to consolidate and amend the law relating to domestic arbitration, international commercial arbitration and enforcement of foreign arbitral awards as also to define the law relating to conciliation and for matters connected therewith or incidental thereto. Preamble.—WHEREAS the United Nations Commission on International Trade Law (UNCITRAL) has adopted the UNCITRAL Model Law on International Commercial Arbitration in 1985; AND WHEREAS the General Assembly of the United Nations has recommended that all countries give due consideration to the said Model Law, in view of the desirability of uniformity of the law of arbitral procedures and the specific needs of international commercial arbitration practice; AND WHEREAS the UNCITRAL has adopted the UNCITRAL Conciliation Rules in 1980; AND WHEREAS the General Assembly of the United Nations has recommended the use of the said Rules in cases where a dispute arises in the context of international commercial relations and the parties seek an amicable settlement of that dispute by recourse to conciliation; AND WHEREAS the said Model Law and Rules make significant contribution to the establishment of a unified legal framework for the fair and efficient settlement of disputes arising in international commercial relations; AND WHEREAS it is expedient to make law respecting arbitration and conciliation, taking into account the aforesaid Model Law and Rules;"
723,ACT NO. 27 OF 1996,"THE BUILDING AND OTHER CONSTRUCTION WORKERS (REGULATION OF EMPLOYMENT AND CONDITIONS OF SERVICE) ACT, 1996",27,1996,"[19th August, 1996.]","An Act to regulate the employment and conditions of service of building and other construction workers and to provide for their safety, health and welfare measures and for other matters connected therewith or incidental thereto."
724,ACT NO. 28 OF 1996,"THE BUILDING AND OTHER CONSTRUCTION WORKERS’ WELFARE CESS ACT, 1996",28,1996,"[19th August, 1996.]","An Act to provide for the levy and collection of a cess on the cost of construction incurred by employers with a view to augmenting the resources of the Building and Other Construction Workers’ Welfare Boards constituted under the Building and Other Construction Workers (Regulation of Employment and Conditions of Service) Act, 1996."
725,ACT NO. 40 OF 1996,"THE PROVISIONS OF THE PANCHAYATS (EXTENSION TO THE SCHEDULED AREAS) ACT, 1996",40,1996,"[24th December, 1996.]",An Act to provide for the extension of the provisions of Part IX of the Constitution relating to the Panchayats to the Scheduled Areas.
726,ACT NO. 17 OF 1997,"THE LALIT KALA AKADAMI (TAKING OVER OF MANAGEMENT) ACT, 1997",17,1997,"[25th March, 1997.]","An Act to provide for the taking over of the management of the Lalit Kala Akadami for a limited period in the public interest and for matters connected therewith or incidental thereto. WHEREAS the Lalit Kala Akadami was set up as an apex cultural body in the field of visual arts by the Government of India by the Parliamentary Resolution passed on the 5th day of August, 1954 to encourage and promote visual arts such as paintings, graphics, sculptures, etc.; AND WHEREAS the Lalit Kala Akadami was registered as a society under the Societies Registration Act, 1860 (21 of 1860) on the 11th day of March, 1957; AND WHEREAS the Akadami has full functional autonomy in the field of its activity, even though the Government of India is the sole-funding agency for the organisation; AND WHEREAS pursuant to the complaints received with regard to the misuse of funds by the Lalit Kala Akadami from several quarters including from the Hon'ble Members of Parliament, a Committee was set up by the Government of India by Resolution dated the 24th day of March, 1988 under the Chairmanship of Shri P.N. Haksar to go into the functioning of National Akadamies including the Lalit Kala Akadami and the said Committee, after a detailed scrutiny of the affairs in the management of the said Akadami, recommended the restructuring of their General Council, Executive Board and the electoral roll, of the artists constituency; AND WHEREAS, in view of the serious difficulties which have arisen with regard to the management of the Lalit Kala Akadami, it is necessary to take over, for a limited period, the management thereof and it is felt that any delay in taking over the management of the Lalit Kala Akadami would be highly detrimental to the interests and objective of Akadami;"
727,ACT NO. 24 OF 1997,"THE TELECOM REGULATORY AUTHORITY OF INDIA ACT, 1997",24,1997,"[28th March, 1997.]","An Act to provide for the establishment of the 1[Telecom Regulatory Authority of India and the Telecom Disputes Settlement and Appellate Tribunal to regulate the telecommunication services, adjudicate disputes, dispose of appeals and to protect the interests of service providers and consumers of the telecom sector, to promote and ensure orderly growth of the telecom sector] and for matters connected therewith or incidental thereto."
728,ACT NO. 30 OF 1997,"THE VICE-PRESIDENT'S PENSION ACT, 1997",30,1997,"[28th May, 1997.]",An Act to provide for the payment of pension and other facilities to retiring Vice-Presidents.
729,ACT NO. 31 OF 1997,"THE DOCK WORKERS (REGULATION OF EMPLOYMENT) (INAPPLICABILITY TO MAJOR PORTS) ACT, 1997",31,1997,"[18th August, 1997.]","An Act to provide for inapplicability of the Dock Workers (Regulation of Employment) Act, 1948 to dock workers of major port trusts and for matters connected therewith or incidental thereto."
730,ACT NO. 17 OF 1998,"THE LOTTERIES (REGULATION) ACT, 1998",17,1998,"[7th July, 1998.]",An Act to regulate the lotteries and to provide for matters connected therewith and incidental thereto.
731,ACT NO. 5 OF 1999,"THE LEADERS AND CHIEF WHIPS OF RECOGNISED PARTIES AND GROUPS IN PARLIAMENT (FACILITIES) ACT, 1998",5,1999,"[7th January, 1999.]",An Act to provide for facilities to Leaders and Chief Whips of recognised parties and groups in Parliament.
732,ACT NO. 40 OF 1999,"THE CENTRAL INDUSTRIAL SECURITY FORCE (AMENDMENT AND VALIDATION) ACT, 1999",40,1999,"[29th December, 1999.]","An Act further to amend the Central Industrial Security Force Act, 1968, and to validate certain revision petitions disposed of under the rules made under the said Act."
733,ACT NO. 41 OF 1999,"THE INSURANCE REGULATORY AND DEVELOPMENT AUTHORITY ACT, 1999",41,1999,"[29th December, 1999.]","An Act to provide for the establishment of an Authority to protect the interests of holders of insurance policies, to regulate, promote and ensure orderly growth of the insurance industry and for matters connected therewith or incidental thereto and further to amend the Insurance Act, 1938, the Life Insurance Corporation Act, 1956 and the General Insurance Business (Nationalisation) Act, 1972."
734,ACT NO. 47 OF 1999,"THE TRADE MARKS ACT, 1999",47,1999,"[30th December, 1999.]","An Act to amend and consolidate the law relating to trade marks, to provide for registration and better protection of trade marks for goods and services and for the prevention of the use of fraudulent marks."
735,ACT NO. 48 OF 1999,"THE GEOGRAPHICAL INDICATIONS OF GOODS (REGISTRATION AND PROTECTION) ACT, 1999",48,1999,"[30th December, 1999.]",An Act to provide for the registration and better protection of geographical indications relating to goods.
736,ACT NO. 42 OF 1999,"THE FOREIGN EXCHANGE MANAGEMENT ACT, 1999",42,1999,"[29th December, 1999.]",An Act to consolidate and amend the law relating to foreign exchange with the objective of facilitating external trade and payments and for promoting the orderly development and maintenance of foreign exchange market in India.
737,ACT NO. 21 OF 2000,"THE INFORMATION TECHNOLOGY ACT, 2000",21,2000,"[9th June, 2000.]","An Act to provide legal recognition for transactions carried out by means of electronic data interchange and other means of electronic communication, commonly referred to as ―electronic commerce‖, which involve the use of alternatives to paper-based methods of communication and storage of information, to facilitate electronic filing of documents with the Government agencies and further to amend the Indian Penal Code, the Indian Evidence Act, 1872, the Banker’s Books Evidence Act, 1891 and the Reserve Bank of India Act, 1934 and for matters connected therewith or incidental thereto. WHEREAS the General Assembly of the United Nations by resolution A/RES/51/162, dated the 30th January, 1997 has adopted the Model Law on Electronic Commerce adopted by the United Nations Commission on International Trade Law; AND WHEREAS the said resolution recommends inter alia, that all States give favourable consideration to the said Model Law when they enact or revise their laws, in view of the need for uniformity of the law applicable to alternatives to paper-based methods of communication and storage of information; AND WHEREAS it is considered necessary to give effect to the said resolution and to promote efficient delivery of Government services by means of reliable electronic records."
738,ACT NO. 28 OF 2000,"THE MADHYA PRADESH REORGANISATION ACT, 2000",28,2000,"[25th August, 2000.]",An Act to provide for the reorganisation of the existing State of Madhya Pradesh and for matters connected therewith.
739,ACT NO. 45 OF 2000,"THE COAL INDIA (REGULATION OF TRANSFERS AND VALIDATION) ACT, 2000",45,2000,"[8th December, 2000.]","An Act to empower the Central Government to direct the transfer of the land, or of the rights in or over land or of the right, title and interest in relation to a coal mine, coking coal mine or coke oven plant, vested in the Coal India Limited or in a subsidiary company to any subsidiary company of Coal India Limited or any other subsidiary company and to validate certain transfers of such land or rights."
740,ACT NO. 52 OF 2000,"THE IMMIGRATION (CARRIERS’ LIABILITY) ACT, 2000",52,2000,"[11th December, 2000.]","An Act to make the carriers liable in respect of passengers brought by them into India in contravention of the provisions of the Passport (Entry into India) Act, 1920 and the rules made thereunder and matters connected therewith."
741,ACT NO. 54 OF 2000,"THE CENTRAL ROAD AND INFRASTRUCTURE FUND ACT, 2000",54,2000,"[27th December, 2000.]","An Act to give statutory status to 1[the Central Road and Infrastructure Fund for development and maintenance of National Highways, railway projects, improvement of safety in railways, State and rural roads and other infrastructure, and for these purposes to levy and collect by way of cess, a duty of excise and a duty of customs on motor spirit commonly known as petrol and high speed diesel oil] and for other matters connected therewith."
742,ACT NO. 34 OF 2000,"THE CHEMICAL WEAPONS CONVENTION ACT, 2000",34,2000,"[26th August, 2000.]","An Act to give effect to the Convention on the Prohibition of the Development, Production, Stockpiling and Use of Chemical Weapons and on their Destruction and to provide for matters connected therewith or incidental thereto. WHEREAS a Convention on the Prohibition of the Development, Production, Stockpiling and Use of Chemical Weapons and on their Destruction was signed on behalf of the Government of India at Paris on the 14th day of January, 1993; AND WHEREAS India, having ratified the said Convention, has to make provisions for giving effect thereto and for matters connected therewith or incidental thereto."
743,ACT NO. 36 OF 2002,"THE FOREIGN AIRCRAFT (EXEMPTION FROM TAXES AND DUTIES ON FUEL AND LUBRICANTS) ACT, 2002",36,2002,"[11th June, 2002.]","An Act to implement Agreements entered into by India with other countries in pursuance of the Convention on International Civil Aviation opened for signatures at Chicago on the 7th December, 1944. WHEREAS a Convention on International Civil Aviation was signed by India on the 7th December, 1944; AND WHEREAS India, having signed the said Convention, entered into Agreements with the parties to the said Convention to exempt the taxes and duties on fuel and lubricants supplied in India to the aircraft of the contracting parties."
744,ACT NO. 54 OF 2002,"THE SECURITISATION AND RECONSTRUCTION OF FINANCIAL ASSETS AND ENFORCEMENT OF SECURITY INTEREST ACT, 2002 (Last Updated on 1st January, 2020)",54,2002,"[17th December, 2002.]","1[An Act to regulate securitisation and reconstruction of financial assets and enforcement of security interest and to provide for a Central database of security interests created on property rights, and for matters connected therewith or incidental thereto.]"
745,ACT NO. 60 OF 2002,"THE METRO RAILWAYS (OPERATION AND MAINTENANCE) ACT, 2002",60,2002,"[17th December, 2002.]","An Act to provide for the operation and maintenance and to regulate the working of the metro railway in the 1[National Capital Region, metropolitan city and metropolitan area] and for matters connected therewith and incidental thereto."
746,ACT NO. 69 OF 2002,"THE SUPPRESSION OF UNLAWFUL ACTS AGAINST SAFETY OF MARITIME NAVIGATION AND FIXED PLATFORMS ON CONTINENTAL SHELF ACT, 2002",69,2002,"[20th December, 2002.]","An Act to give effect to the International Maritime Organisation Convention for Suppression of Unlawful Acts Against the Safety of Maritime Navigation and the Protocol for the Suppression of Unlawful Acts Against the Safety of Fixed Platforms Located on the Continental Shelf and for matters connected therewith. WHEREAS a Convention for the Suppression of Unlawful Acts Against the Safety of Maritime Navigation and the Protocol for the Suppression of Unlawful Acts Against the Safety of Fixed Platforms Located on the Continental Shelf were signed at Rome on the 10th day of March, 1988; AND WHEREAS India, having acceded to the said Convention and the Protocol, should make provisions for giving effect thereto and formatters connected therewith;"
747,ACT NO. 12 OF 2003,"THE COMPETITION ACT, 2002",12,2003,"[13th January, 2003.]","An Act to provide, keeping in view of the economic development of the country, for the establishment of a Commission to prevent practices having adverse effect on competition, to promote and sustain competition in markets, to protect the interests of consumers and to ensure freedom of trade carried on by other participants in markets, in India, and for matters connected therewith or incidental thereto."
748,ACT NO. 13 OF 2003,"THE CONTROL OF NATIONAL HIGHWAYS (LAND AND TRAFFIC) ACT, 2002",13,2003,"[14th January, 2003.]","An Act to provide for control of land within the National Highways, right of way and traffic moving on the National Highways and also for removal of unauthorised occupation thereon."
749,ACT NO. 15 OF 2003,"THE PREVENTION OF MONEY-LAUNDERING ACT, 2002",15,2003,"[17th January, 2003.]","An Act to prevent money-laundering and to provide for confiscation of property derived from, or involved in, money-laundering and for matters connected therewith or incidental thereto. WHEREAS the Political Declaration and Global Programme of Action, annexed to the resolution S-17/2 was adopted by the General Assembly of the United Nations at its seventeenth special session on the twenty-third day of February, 1990; AND WHEREAS the Political Declaration adopted by the Special Session of the United Nations General Assembly held on 8th to 10th June, 1998 calls upon the Member States to adopt national money-laundering legislation and programme; AND WHEREAS it is considered necessary to implement the aforesaid resolution and the Declaration."
750,ACT NO. 34 OF 2003,"THE CIGARETTES AND OTHER TOBACCO PRODUCTS (PROHIBITION OFADVERTISEMENT AND REGULATION OF TRADE AND COMMERCE, PRODUCTION, SUPPLY AND DISTRIBUTION) ACT, 2003",34,2003,"[18th May, 2003.]","An Act to prohibit the advertisement of, and to provide for the regulation of trade and commerce in, and production, supply and distribution of, cigarettes and other tobacco products and for matters connected therewith or incidental thereto. WHEREAS, the Resolution passed by the 39th World Health Assembly (WHO), in its Fourteenth Plenary meeting held on the 15th May, 1986 urged the member States of WHO which have not yet done so to implement the measures to ensure that effective protection is provided to non-smokers from involuntary exposure to tobacco smoke and to protect children and young people from being addicted to the use of tobacco; AND WHEREAS, the 43rd World Health Assembly in its Fourteenth Plenary meeting held on the 17th May, 1990, reiterated the concerns expressed in the Resolution passed in the 39th World Health Assembly and urged Member States to consider in their tobacco control strategies plans for legislation and other effective measures for protecting their citizens with special attention to risk groups such as pregnant women and children from involuntary exposure to tobacco smoke, discourage the use of tobacco and impose progressive restrictions and take concerted action to eventually eliminate all direct and indirect advertising, promotion and sponsorship concerning tobacco; AND WHEREAS, it is considered expedient to enact a comprehensive law on tobacco in the public interest and to protect the public health; AND WHEREAS, it is expedient to prohibit the consumption of cigarettes and other tobacco products which are injurious to health with a view to achieving improvement of public health in general as enjoined by article 47 of the Constitution; AND WHEREAS, it is expedient to prohibit the advertisement of, and to provide for regulation of trade and commerce, production, supply and distribution of, cigarettes and other tobacco products and for matters connected therewith or incidental thereto:"
751,ACT NO. 36 OF 2003,"THE ELECTRICITY ACT, 2003",36,2003,"[26th May, 2003.]","An Act to consolidate the laws relating to generation, transmission, distribution, trading and use of electricity and generally for taking measures conducive to development of electricity industry, promoting competition therein, protecting interest of consumers and supply of electricity to all areas, rationalisation of electricity tariff, ensuring transparent policies regarding subsidies, promotion of efficient and environmentally benign policies, constitution of Central Electricity Authority, Regulatory Commissions and establishment of Appellate Tribunal and for matters connected therewith or incidental thereto."
752,ACT No. 39 OF 2003,"THE FISCAL RESPONSIBILITY AND BUDGET MANAGEMENT ACT, 2003",39,2003,"[26th August, 2003.]","An Act to provide for the responsibility of the Central Government to ensure inter-generational equity in fiscal management and long-term macro-economic stability by 1*** removing fiscal impediments in the effective conduct of monetary policy and prudential debt management consistent with fiscal sustainability through limits on the Central Government borrowings, debt and deficits, greater transparency in fiscal operations of the Central Government and conducting fiscal policy in a medium-term framework and for matters connected therewith or incidental thereto."
753,ACT NO. 49 OF 2003,"THE REPATRIATION OF PRISONERS ACT, 2003",49,2003,"[28th September, 2003.]",An Act to provide for the transfer of certain prisoners from India to country or place outside India and reception in India of certain prisoners from country or place outside India.
754,ACT NO. 53 OF 2003,"THE INDUSTRIAL DEVELOPMENT BANK (TRANSFER OF UNDERTAKING AND REPEAL) ACT, 2003",53,2003,"[30th December, 2003.]","An Act to provide for the transfer and vesting of the undertaking of the Industrial Development Bank of India to, and in, the Company to be formed and registered as a Company under the Companies Act, 1956 to carry on banking business and for matters connected therewith or incidental thereto and also to repeal the Industrial Development Bank of India Act, 1964."
755,ACT NO. 1 OF 2004,"THE SICK INDUSTRIAL COMPANIES (SPECIAL PROVISIONS) REPEAL ACT, 2003",1,2004,"[1st January, 2004.]","An Act to repeal the Sick Industrial Companies (Special Provisions) Act, 1985."
756,ACT NO. 26 OF 2004,"THE PREVENTION OF TERRORISM (REPEAL) ACT, 2004",26,2004,"[21st December, 2004.]","An Act to repeal the Prevention of Terrorism Act, 2002."
757,ACT NO. 28 OF 2005,"THE SPECIAL ECONOMIC ZONES ACT, 2005",28,2005,"[23rd June, 2005.]","An Act to provide for the establishment, development and management of the Special Economic Zones for the promotion of exports and for matters connected therewith or incidental thereto."
758,ACT NO. 42 OF 2005,"THE MAHATMA GANDHI NATIONAL RURAL EMPLOYMENT GUARANTEE ACT, 2005",42,2005,"[5th September, 2005.]",An Act to provide for the enhancement of livelihood security of the households in rural areas of the country by providing at least one hundred days of guaranteed wage employment in every financial year to every household whose adult members volunteer to do unskilled manual work and for matters connected therewith or incidental thereto.
759,ACT NO. 49 OF 2005,"THE NATIONAL TAX TRIBUNAL ACT, 2005",49,2005,"[20th December, 2005.]","An Act to provide for the adjudication by the National Tax Tribunal of disputes with respect to levy, assessment, collection and enforcement of direct taxes and also to provide for the adjudication by that Tribunal of disputes with respect to the determination of the rates of duties of customs and central excise on goods and the valuation of goods for the purposes of assessment of such duties as well as in matters relating to levy of tax on service, in pursuance of article 323B of the Constitution and for matters connected therewith or incidental thereto."
760,ACT NO. 50 OF 2005,"THE STATE EMBLEM OF INDIA (PROHIBITION OF IMPROPER USE) ACT, 2005",50,2005,"[20th December, 2005.]",An Act to prohibit the improper use of State Emblem of India for professional and commercial purpose and for matters connected therewith or incidental thereto.
761,ACT NO. 1 OF 2006,"THE ANDHRA PRADESH LEGISLATIVE COUNCIL ACT, 2005",1,2006,"[11th January, 2006.]","An Act to provide for the creation of Legislative Council for the State of Andhra Pradesh and for matters supplemental, incidental and consequential thereto."
762,ACT No. 22 OF 2006,"THE DELHI LAWS (SPECIAL PROVISIONS) ACT, 2006",22,2006,"[19th May, 2006.]","An Act to make special provisions for the areas of Delhi for a period of one year and for matters connected therewith or incidental thereto. WHEREAS phenomenal increase in the population owing to migration has put tremendous pressure on land and infrastructure in Delhi resulting in developments which are not in consonance with the Master Plan of Delhi 2001 and the building bye-laws; AND WHEREAS keeping in view the perspective for the year 2021 and emerging new dimensions in urban development, the Central Government has proposed extensive modifications in the Master Plan of Delhi, which have been published and suggestions and objections have been received in respect thereof from the public, and the finalisation of the Master Plan 2021 is likely to take some more time; AND WHEREAS the Central Government has constituted a Committee of Experts to look into the various aspects of unauthorised construction and misuse of premises and suggest a comprehensive strategy to deal with them; AND WHEREAS a revised policy for relocation and rehabilitation of slum dwellers in Delhi is also under consideration of the Central Government; AND WHEREAS a strategy is proposed to be prepared by the local authorities in Delhi in accordance with the National Policy for Urban Street Vendors; AND WHEREAS action for violation of the provisions of the Master Plan,2001 and building bye-laws, before a final view is taken in the matter by the Government, is causing avoidable hardship and irreparable loss to a large number of people; AND WHEREAS some time is required for making orderly arrangements in terms of the proposed Master Plan 2021; AND WHEREAS it is expedient to have a law to provide temporary relief to the people of Delhi against such action for a period of one year within which various policy issues referred to above are expected to be finalised;"
763,ACT NO. 27 OF 2006,"THE MICRO, SMALL AND MEDIUM ENTERPRISES DEVELOPMENT ACT, 2006",27,2006,"[16th June, 2006.]","An Act to provide for facilitating the promotion and development and enhancing the competitiveness of micro, small and medium enterprises and for matters connected therewith or incidental thereto. WHEREAS a declaration as to expediency of control of certain industries by the Union was made under section 2 of the Industries (Development and Regulation) Act, 1951; AND WHEREAS it is expedient to provide for facilitating the promotion and development and enhancing the competitiveness of micro, small and medium enterprises and for matters connected therewith or incidental thereto;"
764,ACT NO. 34 OF 2006,"THE FOOD SAFETY AND STANDARDS ACT, 2006",34,2006,"[23rd August, 2006.]","An Act to consolidate the laws relating to food and to establish the Food Safety and Standards Authority of India for laying down science based standards for articles of food and to regulate their manufacture, storage, distribution, sale and import, to ensure availability of safe and wholesome food for human consumption and for matters connected therewith or incidental thereto."
765,ACT NO. 38 OF 2006,"THE GOVERNMENT SECURITIES ACT, 2006",38,2006,"[30th August, 2006.]","An Act to consolidate and amend the law relating to Government securities and its management by the Reserve Bank of India and for matters connected therewith or incidental thereto. WHEREAS it is expedient to consolidate and amend the law relating to Government securities and its management by the Reserve Bank of India; AND WHEREAS Parliament has no power to make laws for the States with respect to any of the matters aforesaid except as provided in articles 249 and 250 of the Constitution; AND WHEREAS in pursuance of clause (1) of article 252 of the Constitution, resolutions have been passed by the Houses of the Legislatures of all the States, except the Legislature of the State of Jammu and Kashmir, to the effect that the matters aforesaid should be regulated in those States by Parliament by law;"
766,ACT NO. 44 OF 2006,"THE PONDICHERRY (ALTERATION OF NAME) ACT, 2006",44,2006,"[13th September, 2006.]",An Act to alter the name of the Union territory of Pondicherry.
767,ACT NO. 52 OF 2006,"THE UTTARANCHAL (ALTERATION OF NAME) ACT, 2006",52,2006,"[21st December, 2006.]",An Act to alter the name of the State of Uttaranchal.
768,ACT NO. 5 OF 2007,"THE CENTRAL EDUCATIONAL INSTITUTIONS (RESERVATION IN ADMISSION) ACT, 2006",5,2007,"[3rd January, 2007.]","An Act to provide for the reservation in admission of the students belonging to the Scheduled Castes, the Scheduled Tribes and the Other Backward Classes of citizens, to certain Central Educational Institutions established, maintained or aided by the Central Government, and for matters connected therewith or incidental thereto."
769,ACTNO. 6 OF2007,"THE PROHIBITION OF CHILD MARRIAGE ACT, 2006",6,2007,"[10th January, 2007.]",An Act to provide for the prohibition of solemnisation of child marriages and for matters connected therewith or incidental thereto.
770,ACT NO. 7 OF 2007,"THE ENGLISH AND FOREIGN LANGUAGES UNIVERSITY ACT, 2006",7,2007,"[10th January, 2007.]","An Act to establish and incorporate a teaching University for promotion and development of English and other Foreign Languages and their Literature, and to provide for matters connected therewith or incidental thereto. WHEREAS it is expedient to establish and incorporate a teaching University at Hyderabad, to dissolve the ""Central Institute of English and Foreign Languages, Hyderabad"", a Society registered under the Hyderabad Societies Registration Act, 1350(Act 1 of 1350 Fasli) and to transfer to and vest in the said University all properties and rights of the said Society;"
771,ACT NO. 11 OF 2007,"THE SPORTS BROADCASTING SIGNALS (MANDATORY SHARING WITH PRASAR BHARATI) ACT, 2007",11,2007,"[19th March, 2007.]","An Act to provide access to the largest number of listeners and viewers, on a free to air basis, of sporting events of national importance through mandatory sharing of sports broadcasting signals with Prasar Bharati and for matters connected therewith or incidental thereto."
772,ACT NO. 23 OF 2007,"THE NATIONAL RURAL EMPLOYMENT GUARANTEE (EXTENSIONTO JAMMU ANDKASHMIR) ACT, 2007",23,2007,"[11th May,2007.]","An Act to provide for the extension of the National Rural Employment Guarantee Act, 2005 to the State of Jammu and Kashmir*."
773,ACT NO. 29 OF 2007,"THE NATIONAL INSTITUTES OF TECHNOLOGY, SCIENCE EDUCATION AND RESEARCH ACT, 2007",29,2007,"[5th June, 2007.]","An Act to declare 1[certain institutions of technology, science education and research] to be Institutions of national importance and to provide for instructions and research in branches of engineering, technology, management, education, sciences and arts and for the advancement of learning and dissemination of knowledge in such branches and for certain other matters connected with such institutions."
774,ACT NO. 37 OF 2007,"THE WAREHOUSING (DEVELOPMENT AND REGULATION) ACT, 2007",37,2007,"[19th September, 2007.]","An Act to make provisions for the development and regulation of warehouses, negotiability of warehouse receipts, establishment of a Warehousing Development and Regulatory Authority and for matters connected therewith or incidental thereto."
775,ACT NO. 41 OF 2007,"THE CARRIAGE BY ROAD ACT, 2007",41,2007,"[29th September, 2007.]","An Act to provide for the regulation of common carriers, limiting their liability and declaration of value of goods delivered to them to determine their liability for loss of, or damage to, such goods occasioned by the negligence or criminal acts of themselves, their servants or agents and for matters connected therewith or incidental thereto."
776,ACT NO. 43 OF 2007,"THE NATIONAL CAPITAL TERRITORY OF DELHI LAWS (SPECIAL PROVISIONS) ACT, 2007",43,2007,"[5th December, 2007.]","An Act to make special provisions for the National Capital Territory of Delhi for a further period up to 31st December, 2008 and for matters connected therewith or incidental thereto. WHEREAS there had been phenomenal increase in the population of the National Capital Territory of Delhi owing to migration and other factors resulting in tremendous pressure on land and infrastructure leading to encroachment or unauthorised developments which are not in consonance with the concept of planned development as provided in the Master Plan of Delhi, 2001 and the relevant Acts and building bye-laws made thereunder; AND WHEREAS the National Capital Territory of Delhi Laws (Special Provisions) Bill, 2007 introduced in Parliament to replace the National Capital Territory of Delhi Laws (Special Provisions) Ordinance, 2007 (Ord. 6 of 2007) could not be taken up for consideration and passing since Parliament adjourned sine die; AND WHEREAS it is expedient to have a law in terms of the Master Plan of Delhi, 2021, in continuation of the said Act for a period up to 31st December, 2008 to provide temporary relief and to minimise avoidable hardships and irreparable loss to the people of the National Capital Territory of Delhi against any action by the concerned agency in respect of persons covered by the policies referred to above which are expected to be finalised within the period so extended; AND WHEREAS the Master Plan of Delhi, 2001 has been extensively modified and notified by the Central Government on 7th February, 2007 with the perspective for the year 2021 keeping in view the emerging new dimensions in urban development vis-a-vis the social, financial and other ground realities; AND WHEREAS the Master Plan of Delhi with the perspective for the year 2021 specifically provides for strategies for housing for urban poor as well as to deal with the informal sector; AND WHEREAS a revised policy for relocation and rehabilitation of slum dwellers in the National Capital Territory of Delhi is also under consideration of the Central Government; AND WHEREAS a strategy and a scheme has been prepared by the local authorities in the National Capital Territory of Delhi for regulation of urban street vendors in accordance with the National Policy for Urban Street Vendors and the Master Plan for Delhi, 2021; AND WHEREAS some time is required for making orderly arrangements in accordance with the revised policy for relocation and rehabilitation of slum dwellers of Delhi as well as for putting in place the scheme for regulation of urban street vendors in terms of the Master Plan of Delhi, 2021 and also the national policy in this regard; AND WHEREAS the Central Government has considered and finalised a policy regarding regularisation of unauthorised colonies, village abadi area and its extension, as existed on the 31st day of March, 2002 for which the guidelines are being framed; AND WHEREAS the Central Government require time to take a considered view on the policy regarding existing farm houses involving construction beyond permissible building limits and regarding schools, dispensaries, religious institutions and cultural institutions, storages, warehouses and godowns used for agricultural inputs or produce (including dairy and poultry) in rural areas built on agricultural land, inter alia, in the light of recommendations of the Expert Committees constituted by the Central Government in the year 2006; AND WHEREAS the National Capital Territory of Delhi Laws (Special Provisions) Ordinance, 2007 (Ord. 6 of 2007) for making special provisions for the areas of the National Capital Territory of Delhi for a further period of one year promulgated on 4th July, 2007 will cease to operate from the 21st day of September, 2007;"
777,ACT NO. 50 OF 2007,"THE TYRE CORPORATION OF INDIA LIMITED (DISINVESTMENT OF OWNERSHIP) ACT, 2007",50,2007,"[12th December, 2007.]","An Act to provide for disinvestment of Government's equity in the Tyre Corporation of India Limited and for matters connected therewith or incidental thereto. WHEREAS the Inchek Tyres Limited and the National Rubber Manufacturers Limited, engaged in the manufacture, production and distribution of articles mentioned in the First Schedule to the Industries (Development and Regulation) Act, 1951, namely, tyres, tubes and other rubber goods, were nationalised under the Inchek Tyres Limited and National Rubber Manufacturers Limited (Nationalisation) Act, 1984 and transferred to, and vested in, the Tyre Corporation of India Limited, Calcutta from the 5th day of March, 1984; AND WHEREAS for the purpose of securing optimum utilisation of the available facilities for the manufacture, production and distribution of tyres, tubes and other rubber goods, investment of large amount is necessary; AND WHEREAS it is expedient to disinvest the Government's equity in the Tyre Corporation of India Limited, Kolkata to enable the private sector to have investment made to ensure that the interest of general public are served by the continuance of the manufacture, production and distribution of the aforesaid articles which are essential to the needs of the economy of the country."
778,ACT NO. 53 OF 2007,"THE SASHASTRA SEEMA BAL ACT, 2007",53,2007,"[20th December, 2007.]",An Act to provide for the constitution and regulation of an armed force of the Union for ensuring the security of the borders of India and for matters connected therewith.
779,ACT NO. 55 OF 2007,"THE ARMED FORCES TRIBUNAL ACT, 2007",55,2007,"[25th December, 2007.]","An Act to provide for the adjudication or trial by Armed Forces Tribunal of disputes and complaints with respect to commission, appointments, enrolment and conditions of service in respect of persons subject to the Army Act, 1950, the Navy Act, 1957 and the Air Force Act, 1950 and also to provide for appeals arising out of orders, findings or sentences of court martial held under the said Acts and for matters connected therewith or incidental thereto."
780,ACTNO. 51 OF 2007,"THE PAYMENT AND SETTLEMENT SYSTEMS ACT, 2007",51,2007,"[20th December, 2007.]",An Act to provide for the regulation and supervision of payment systems in Indiaand to designate the Reserve Bank of India as the authority for that purpose and for matters connected therewith or incidental thereto.
781,ACT NO. 6 OF 2009,"THE LIMITED LIABILITY PARTNERSHIP ACT, 2008",6,2009,"[7th January, 2009.]",An Act to make provisions for the formation and regulation of limited liability partnerships and for matters connected therewith or incidental thereto.
782,ACT NO. 27 OF 2008,"THE AIRPORTS ECONOMIC REGULATORY AUTHORITY OF INDIA ACT, 2008",27,2008,"[5th December, 2008.]",An Act to provide for the establishment of an Airports Economic Regulatory Authority to regulate tariff and other charges for the aeronautical services rendered at airports and to monitor performance standards of airports 1* * * and for matters connected therewith or incidental thereto.
783,ACT NO. 33 OF 2008,"THE UNORGANISED WORKERS’ SOCIAL SECURITY ACT, 2008",33,2008,"[30th December, 2008.]",An Act to provide for the social security and welfare of unorganised workers and for other matters connected therewith or incidental thereto.
784,ACT NO. 34 OF 2008,"THE NATIONAL INVESTIGATION AGENCY ACT, 2008",34,2008,"[31st December, 2008.]","An Act to constitute an investigation agency at the national level to investigate and prosecute offences affecting the sovereignty, security and integrity of India, security of State, friendly relations with foreign States and offences under Acts enacted to implement international treaties, agreements, conventions and resolutions of the United Nations, its agencies and other international organisations and for matters connected therewith or incidental thereto."
785,ACT No. 7 OF 2009,"THE COLLECTION OF STATISTICS ACT, 2008",7,2009,"[7th January, 2009.]","An Act to facilitate the collection of statistics on economic, demographic, social, scientific and environmental aspects, and for matters connected therewith or incidental thereto."
786,ACT NO. 9 OF 2009,"THE SCIENCE AND ENGINEERING RESEARCH BOARD ACT, 2008",9,2009,"[17th January, 2009.]","An Act to provide for the constitution of a Board for promoting basic research in Science and Engineering and to provide financial assistance to persons engaged in such research, academic institutions, research and development laboratories, industrial concerns and other agencies for such research and for matters connected therewith or incidental thereto."
787,ACT NO. 24 OF 2009,THE NATIONAL CAPITAL TERRITORY OF DELHI LAWS (SPECIAL PROVISIONS),24,2009,"[16th March, 2009.]","An Act to make special provisions for the National Capital Territory of Delhi for a further period up to the 31st day of December, 2009 and for matters connected therewith or incidental thereto. WHEREAS there had been phenomenal increase in the population of the National Capital Territory of Delhi owing to migration and other factors resulting in tremendous pressure on land and infrastructure leading to encroachment or unauthorised developments which are not in consonance with the concept of planned development as provided in the Master Plan of Delhi, 2001 and the relevant Acts and building bye-laws made thereunder; AND WHEREAS it is expedient to have a law in terms of the Master Plan of Delhi,2021, in continuation of the said Act for a period up to the 31st day of December, 2009 to provide temporary relief and to minimise avoidable hardships and irreparable loss to the people of the National Capital Territory of Delhi against any action by the concerned agency in respect of persons covered by the policies referred to above. AND WHEREAS the Master Plan of Delhi, 2001 was extensively modified and notified by the Central Government on the 7th day of February, 2007 with the perspective for the year 2021 keeping in view the emerging new dimensions in urban development vis-a-vis the social, financial and other ground realities; AND WHEREAS the Master Plan of Delhi with the perspective for the year 2021 specifically provides for strategies for housing for urban poor as well as to deal with the informal sector; AND WHEREAS a strategy and a scheme has been prepared by the local authorities in the National Capital Territory of Delhi for regulation of urban street vendors in accordance with the National Policy for Urban Street Vendors and the Master Plan for Delhi, 2021; AND WHEREAS based on the policy finalised by the Central Government regarding regularisation of unauthorised colonies, village abadi area and its extension, the guidelines and regulations for this purpose have been issued; AND WHEREAS more time is required for orderly implementation of scheme regarding hawkers and urban street vendors and for regularisation of unauthorised colonies, village abadi area and its extension; AND WHEREAS the revised policy and orderly arrangements for relocation and rehabilitation of slum dwellers and Jhuggi-Jhompri clusters in the National Capital Territory of Delhi is under consideration of the Government; AND WHEREAS policy regarding existing farm houses involving construction beyond permissible building limits, schools, dispensaries, religious institutions and cultural institutions and storages, warehouses and godowns used for agricultural inputs or produce (including dairy and poultry) in rural areas built on agricultural land is under consideration of the Central Government; AND WHEREAS the National Capital Territory of Delhi Laws (Special Provisions) Act,2007 (43 of 2007) was enacted on the 5th day of December, 2007 to make special provisions for the areas of National Capital Territory of Delhi for a period up to the 31st day of December, 2008and has ceased to operate after the 31st day of December, 2008;"
788,ACT NO. 25 OF 2009,"THE CENTRAL UNIVERSITIES ACT, 2009",25,2009,"[20th March, 2009.]",An Act to establish and incorporate universities for teaching and research in the various States and to provide for matters connected therewith or incidental thereto.
789,ACT NO. 27 OF 2009,"THE PREVENTION AND CONTROL OF INFECTIOUS AND CONTAGIOUS DISEASES IN ANIMALS ACT, 2009",27,2009,"[20th March, 2009.]","An Act to provide for the prevention, control and eradication of infectious and contagious diseases affecting animals, for prevention of outbreak or spreading of such diseases from one State to another, and to meet the international obligations of India for facilitating import and export of animals and animal products and for matters connected therewith or incidental thereto. WHEREAS economic losses due to infectious and contagious diseases of animals are enormous in the country with some of these diseases constituting a serious threat to the public; AND WHEREAS many of such animal diseases can be largely prevented by judicious implementation of vaccination programmes or by taking other appropriate and timely measures on scientific lines; AND WHEREAS such measures are necessary to facilitate the import and export of animals and animal products and to keep in tune with international practices; AND WHEREAS it has been realised that the prevention, control and eradication of infectious and contagious diseases of animals from India has to be tackled on a national basis so as to avoid adverse impact of such diseases on the economy of the country and for this purpose harmonise the control procedures and to prevent inter-State transmission of animal diseases; AND WHEREAS the national level handling has to be done with the active involvement of the State Governments, particularly in regard to the precautionary measures required to be taken within their jurisdiction in respect of certain infectious and contagious diseases and the regulation of movement of animals outside their respective areas by timely adoption of appropriate measures; AND WHEREAS India is a Member Country of the Office International Des Epizooties, Paris and it is necessary to implement the general obligations, decisions and recommendations of the said Organisation and abide by the International Animal Health Code stipulated by the said Organisation;"
790,ACT NO. 40 OF 2009,"THE NATIONAL CAPITAL TERRITORY OF DELHI LAWS (SPECIAL PROVISIONS) SECOND ACT, 2009",40,2009,"[22nd December, 2009.]","An Act to make special provisions for the National Capital Territory of Delhi for a further period up to the 31st day of December, 2010 and for matters connected therewith or incidental thereto. WHEREAS there had been phenomenal increase in the population of the National Capital Territory of Delhi owing to migration and other factors resulting in tremendous pressure on land and infrastructure leading to encroachment or unauthorised developments which are not in consonance with the concept of planned development as provided in the Master Plan for Delhi, 2001 and the relevant Acts and building bye-laws made thereunder; AND WHEREAS in pursuance of the Master Plan for Delhi, 2021, the policy or plan regarding schools, dispensaries, religious institutions, cultural institutions, storages, warehouses and go downs used for agricultural inputs or produce (including dairy and poultry) in rural areas built on agricultural land is under consideration of the Central Government; AND WHEREAS the National Capital Territory of Delhi Laws (Special Provisions) Act, 2007 (43 of 2007) was enacted on the 5th day of December, 2007 to make special provisions for the areas of National Capital Territory of Delhi for a period up to the 31st day of December, 2008which ceased to operate after the 31st December, 2008; AND WHEREAS the National Capital Territory of Delhi Laws (Special Provisions) Act, 2009 (24 of 2009) was enacted in continuation of the aforesaid Act referred to in the preceding paragraph for a period up to the 31st day of December, 2009 to make special provisions for the areas of the National Capital Territory of Delhi and that Act ceased to operate after the 31st day of December, 2009; AND WHEREAS it is expedient to have a law in terms of the Master Plan for Delhi, 2021, in continuation of the said Act for a period up to the 31st day of December, 2010 to provide for temporary relief and to minimise avoidable hardships and irreparable loss to the people of the National Capital Territory of Delhi against any action by the concerned agency in respect of persons covered by the policies referred to above. AND WHEREAS the Master Plan of Delhi, 2001 was extensively modified and notified by the Central Government on the 7th day of February, 2007 with the perspective for the year2021 keeping in view the emerging new dimensions in urban development vis-a-vis the social, financial and other ground realities; AND WHEREAS the Master Plan of Delhi with the perspective for the year 2021specifically provides for strategies for housing for urban poor as well as to deal with thein formal sector; AND WHEREAS a strategy and a scheme has been prepared by the local authorities in the National Capital Territory of Delhi for regulation of urban street vendors in accordance with the National Policy for Urban Street Vendors and the Master Plan for Delhi, 2021, and is being implemented; AND WHEREAS based on the policy finalised by the Central Government regarding regularisation of unauthorised colonies, village a badi area and its extension, the guidelines and regulations for this purpose have been issued; AND WHEREAS in pursuance of the guidelines and regulations for regularisation of unauthorised colonies, necessary steps are being taken which, inter alia, involve scrutiny of layout plans, assessment of built up percentage existed as on the 31st day of March, 2002, identification of mixed use of streets, approval of layout plans, fixation of boundaries, change of land use and identification of colonies not eligible for regularisation; AND WHEREAS more time is required for orderly implementation of scheme regarding hawkers and urban street vendors and for regularisation of unauthorised colonies, village abadi area and its extension; AND WHEREAS the revised policy and orderly arrangements for relocation and rehabilitation of slum dwellers and Jhuggi-Jhompri clusters in the National Capital Territory of Delhi has been considered and a Bill, namely, the Delhi Urban Shelter Improvement Board Bill, 2009 has been prepared by the Government of National Capital Territory of Delhi to provide for implementation of schemes for improvement of Jhuggi-Jhompri clusters and its redevelopment with a view to bring improvement in environment and living conditions, and preparing housing scheme for resettlement of persons; AND WHEREAS the draft policy regarding farm houses has been formulated by the Delhi Development Authority and has been forwarded to major stakeholders for their views and comments;"
791,ACT NO. 16 OF 2010,"THE TAMIL NADU LEGISLATIVE COUNCIL ACT, 2010",16,2010,"[18th May, 2010.]","An Act to provide for the creation of Legislative Council for the State of Tamil Nadu and for matters supplemental, incidental and consequential thereto."
792,ACT NO. 19 OF 2010,"THE NATIONAL GREEN TRIBUNAL ACT, 2010",19,2010,"[2nd June, 2010.]",
793,ACT NO. 23 OF 2010,"THE CLINICAL ESTABLISHMENTS (REGISTRATION AND REGULATION) ACT, 2010",23,2010,"[18th August, 2010.]","An Act to provide for the registration and regulation of clinical establishments in the country and for matters connected therewith or incidental thereto. WHEREAS, it is considered expedient to provide for the registration and regulation of clinical establishments with a view to prescribe minimum standards of facilities and services which may be provided by them so that mandate of article 47 of the Constitution for improvement in public health may be achieved; ANDWHEREAS, Parliament has no power to make laws for the States with respect to any of the matters aforesaid except as provided in articles 249 and 250 of the Constitution; ANDWHEREAS, in pursuance of clause (1) of article 252 of the Constitution, resolutions have been passed by all the Houses of the Legislatures of the States of Arunachal Pradesh, Himachal Pradesh, Mizoram and Sikkim to the effect that the matters aforesaid should be regulated in those States by Parliament by law;"
794,ACT NO. 5 OF 2011,"THE NATIONAL CAPITAL TERRITORY OF DELHI LAWS (SPECIAL PROVISIONS) ACT, 2011",5,2011,"[29th March, 2011.]","An Act to make special provisions for the National Capital Territory of Delhi for a further period up to the 31st day of December, 2011 and for matters connected therewith or incidental thereto. WHEREAS there had been phenomenal increase in the population of the National Capital Territory of Delhi owing to migration and other factors resulting in tremendous pressure on land and infrastructure leading to encroachment or unauthorised developments which are not in consonance with the concept of planned development as provided in the Master Plan for Delhi, 2001 and the relevant Acts and building bye-laws made thereunder; AND WHEREAS pursuant to the Master Plan for Delhi, 2021, the Zonal Development Plans in respect of various Zones have been notified which provides for regularisation of schools, dispensaries, religious institutions and cultural institutions; ANDWHEREAS the policy with respect to storages, warehouses and godowns used for agricultural inputs or produce (including dairy and poultry) in rural areas built on agricultural land are under consideration of the Central Government in consultation with the Delhi Development Authority; AND WHEREAS the National Capital Territory of Delhi Laws (Special Provisions) Act, 2007 (43 of 2007) was enacted on the 5th day of December, 2007 to make special provisions for the areas of the National Capital Territory of Delhi for a period up to the 31st day of December, 2008 which ceased to operate after the 31st December, 2008; AND WHEREAS the National Capital Territory of Delhi Laws (Special Provisions) Act, 2009 (24 of 2009) was enacted in continuation of the aforesaid Act for a period up to the 31st day of December, 2009 to make special provisions for the areas of the National Capital Territory of Delhi and that Act ceased to operate after the 31st day of December, 2009; AND WHEREAS the National Capital Territory of Delhi Laws (Special Provisions) Second Act, 2009 (40 of 2009) was enacted in continuation of the aforesaid Act for a period up to the 31st day of December, 2010 to make special provisions for the areas of the National Capital Territory of Delhi and that Act ceased to operate after the 31st day of December, 2010; AND WHEREAS it is expedient to have a law in terms of the Master Plan for Delhi, 2021, in continuation of the said Act for a period up to the 31st day of December, 2011 to provide for temporary relief and to minimise avoidable hardships and irreparable loss to the people of the National Capital Territory of Delhi against any action by the concerned agency in respect of persons covered by the policies referred to above. AND WHEREAS the Master Plan for Delhi, 2001 was extensively modified and notified by the Central Government on the 7th day of February, 2007 with the perspective for the year 2021 keeping in view the emerging new dimensions in urban development vis-a-vis the social, financial and other ground realities; AND WHEREAS the Master Plan for Delhi with the perspective for the year 2021 specifically provides for strategies for housing for urban poor as well as to deal with the informal sector; AND WHEREAS a strategy and a scheme has been prepared by the local authorities in the National Capital Territory of Delhi for regulation of urban street vendors in accordance with the National Policy for Urban Street Vendors and the Master Plan for Delhi, 2021, and is being implemented; AND WHEREAS based on the policy finalised by the Central Government regarding regularisation of unauthorised colonies, village abadi area and its extension, the guidelines and regulations for this purpose have been issued; AND WHEREAS in pursuance of the guidelines and regulations necessary steps are being taken for regularisation of unauthorised colonies which, inter alia, involve scrutiny of layout plans, assessment of built up percentage existed as on 31st day of March, 2002, identification of mixed use of streets, approval of layout plans, fixation of boundaries, change in land use and identification of colonies not eligible for regularisation; AND WHEREAS more time is required for proper implementation of the scheme regarding hawkers and urban street vendors and for the regularisation of unauthorised colonies, village abadi area and its extension; AND WHEREAS the revised policy for proper arrangements for relocation and rehabilitation of slum dwellers and jhuggi-jhompri clusters in the National Capital Territory of Delhi has been formulated and accordingly, the Delhi Urban Shelter Improvement Board Act, 2010 (Delhi Act 7 of 2010) has been enacted by the Government of National Capital Territory of Delhi and notified with effect from the 1st July, 2010 to provide for implementation of schemes for improvement of slums and jhuggi-jhompri clusters with a view to bring improvement in environment and living conditions, and to prepare housing scheme for such persons; AND WHEREAS the draft policy regarding farm houses is under consideration in the Delhi Development Authority;"
795,ACT NO. 15 OF 2011,"THE ORISSA (ALTERATION OF NAME) ACT, 2011",15,2011,"[23rd September, 2011.]",An Act to alter the name of the State of Orissa.
796,ACT NO. 20 OF 2011,"THE NATIONAL CAPITAL TERRITORY OF DELHI LAWS (SPECIAL PROVISIONS) SECOND ACT, 2011",20,2011,"[23rd December, 2011.]","An Act to make special provisions for the National Capital Territory of Delhi 1[for a further period up to the 31st day of December, 2020] and for matters connected therewith or incidental thereto. WHEREAS there has been phenomenal increase in the population of the National Capital Territory of Delhi owing to migration and other factors resulting in tremendous pressure on land and infrastructure leading to encroachment or unauthorised developments which are not in consonance with the concept of planned development as provided in the Master Plan for Delhi, 2001 and the relevant Acts and building bye-laws made thereunder; AND WHEREAS the revised policy for proper arrangements for relocation and rehabilitation of slum dwellers and jhuggi-jhompri clusters in the National Capital Territory of Delhi has been formulated and accordingly, the Delhi Urban Shelter Improvement Board Act, 2010 (Delhi Act 7 of 2010) has been enacted by the Legislature of the National Capital Territory of Delhi and notified with effect from the 1st July, 2010to provide for implementation of schemes for improvement of slums and jhuggi-jhompri clusters with a view to bring improvement in environment and living conditions, and to prepare housing scheme for such persons; AND WHEREAS the Delhi Urban Shelter Improvement Board has identified about six hundred and eighty-five jhuggi-jhompri clusters in the National Capital Territory of Delhi and relocation thereof is likely to take considerable time; AND WHEREAS the draft policy regarding farm houses is being prepared by the Delhi Development Authority and its finalisation is likely to take about two years; AND WHEREAS pursuant to the Master Plan for Delhi, 2021, the Zonal Development Plans in respect of various Zones have been notified which provides for regularisation of schools, dispensaries, religious institutions and cultural institutions established on or before the 1st January, 2006 in non-conforming areas; AND WHEREAS the policy with respect to storages, warehouses and godowns used for agricultural inputs or produce (including dairy and poultry) in rural areas built on agricultural land and guidelines for redevelopment of existing godown clusters in non-conforming areas (including those for a storage of non- agricultural goods) required to cater to the needs of the people of the National Capital Territory of Delhi are under consideration of the Central Government in consultation with the Delhi Development Authority; AND WHEREAS with respect to special areas (being the areas consisting of walled city, walled city extension and area known as Karol Bagh and as such other areas as may be designated as special area) referred to in clause (vi) of regulation 2 of the Building Regulations for Special Area, Unauthorised Regularised Colonies and Village Abadis, 2010 notified in the Gazette of India vide S.O. 97(E), dated the 17th January, 2011, is being taken for formulation of redevelopment plan and schemes by concerned local authority which is likely to take considerable time; AND WHEREAS rule 12 of the Delhi Development (Master Plan and Zonal Development Plan) Rules, 1959 provides for amendment of whole or any part of the Master Plan, if necessary, at the expiry of every five years and accordingly in pursuance of the aforesaid rule 12, the process of quinquennial revision of the provisions of the Master Plan notified on the 7th February, 2007, is being undertaken for such modifications and updating that have emerged based on ground realities which is likely to take some time for finalisation; AND WHEREAS in view of the foregoing paragraphs, it is expedient and in public interest that no hardship be caused (whether by way of sealing or demolition of the structures or otherwise), to the public until the revision of Master Plan as stated in the preceding paragraph is undertaken to facilitate the smooth review of the Master Plan; AND WHEREAS the National Capital Territory of Delhi Laws (Special Provisions) Act, 2007 (43 of 2007) was enacted on the 5th day of December, 2007 to make special provisions for the areas of National Capital Territory of Delhi for a period of up to the 31st day of December, 2008 which ceased to operate after the 31st December, 2008; AND WHEREAS the National Capital Territory of Delhi Laws (Special Provisions) Act, 2009 (24 of 2009) was enacted in continuation of the aforesaid Act for a period up to the 31st day of December, 2009 to make special provisions for the areas of the National Capital Territory of Delhi and that Act ceased to operate after the 31st day of December, 2009; AND WHEREAS the Master Plan for Delhi, 2001 was extensively modified and notified by the Central Government on the 7th day of February, 2007 with the perspective for the year 2021 keeping in view the emerging new dimensions in urban development vis-a-vis the social, financial and other ground realities; AND WHEREAS the National Capital Territory of Delhi Laws (Special Provisions) Second Act, 2009 (40 of 2009) was enacted in continuation of the aforesaid Act for a period up to the 31st day of December, 2010 to make special provisions for the areas of National Capital Territory of Delhi and that Act ceased to operate after the 31st day of December, 2010; AND WHEREAS the National Capital Territory of Delhi Laws (Special Provisions) Act, 2011 (5 of 2011) has been enacted to give continued effect to provisions of the enactment specified in the preceding paragraph for a period up to the 31st day of December, 2011 and to make special provisions for the areas of the National Capital Territory of Delhi and that Act, shall cease to operate after the 31st day of December, 2011; AND WHEREAS it is expedient to have a law in terms of the Master Plan for Delhi, 2021, in continuation of the said Acts 1[for a period up to the 31st day of December, 2020] to provide for relief and to minimise avoidable hardships and irreparable loss to the people of the National Capital Territory of Delhi against any punitive action by any agency in respect of the persons covered by the policies referred to above. AND WHEREAS the Master Plan for Delhi with the perspective for the year 2021 specifically provides for strategies for housing for urban poor as well as to deal with the informal sector; 2* * * * * AND WHEREAS based on the policy finalised by the Central Government regarding regularisation of unauthorised colonies, village abadi area and their extension, the guidelines and regulations for this purpose have been issued; AND WHEREAS based on the policy finalised by the Central Government regarding regularisation of unauthorised colonies, village abadi area and their extensions, the Building Regulations for Special Area, Unauthorised Regularised Colonies and Village Abadis, have been made by the Delhi Development Authority under sub-section (1) of section 57 of the Delhi Development Act, 1957 (61 of 1957) notified in the Gazette of India vide S.O. 97(E), dated the 17th January, 2011; AND WHEREAS in pursuance of the guidelines and regulations necessary steps are being taken for the regularisation of unauthorised colonies which, inter alia, involve scrutiny of layout plans, assessment of built-up percentage existed as on the 31st day of March, 2002, identification of mixed use of streets, approval of layout plans, fixation of boundaries, change in land use and identification of colonies not eligible for regularisation; AND WHEREAS the Government of National Capital Territory of Delhi has received one hundred forty redrafted layout plans and is in process of fixing the boundary on these layout plans and the complete process of redrafting or finalisation of layout plans is likely to take considerable time to regularise all the unauthorised colonies; 3[AND WHEREAS more time is required for the regularisation of unauthorised colonies, village abadi area and their extensions and special areas;]"
797,ACT NO. 13 OF 2012,"THE ACADEMY OF SCIENTIFIC AND INNOVATIVE RESEARCH, 2011",13,2012,"[6thFebruary, 2012.]","An Act to establish an Academy for furtherance of the advancement of learning and prosecution of research in the field of science and technology in association with Council of Scientific and Industrial Research and to declare the institution known as the Academy of Scientific and Innovative Research, to be an institution of national importance to provide for its incorporation and matters connected therewith or incidental thereto."
798,ACT NO. 18 OF 2013,"THE COMPANIES ACT, 2013",18,2013,"[29th August, 2013.]",An Act to consolidate and amend the law relating to companies
799,ACT No. 30 OF 2013,"THE RIGHT TO FAIR COMPENSATION AND TRANSPARENCY IN LAND ACQUISITION, REHABILITATION AND RESETTLEMENT ACT, 2013",30,2013,"[26th September, 2013.]","An Act to ensure, in consultation with institutions of local self-government and Gram Sabhas established under the Constitution, a humane, participative, informed and transparent process for land acquisition for industrialisation, development of essential infrastructural facilities and urbanisation with the least disturbance to the owners of the land and other affected families and provide just and fair compensation to the affected families whose land has been acquired or proposed to be acquired or are affected by such acquisition and make adequate provisions for such affected persons for their rehabilitation and resettlement and for ensuring that the cumulative outcome of compulsory acquisition should be that affected persons become partners in development leading to an improvement in their post acquisition social and economic status and for matters connected therewith or incidental thereto."
800,ACT NO. 7 OF 2014,"THE STREET VENDORS (PROTECTION OF LIVELIHOOD AND REGULATION OF STREET VENDING) ACT, 2014",7,2014,"[4th March, 2014.]",An Act to protect the rights of urban street vendors and to regulate street vending activities and for matters connected therewith or incidental thereto.
801,ACT NO. 18 OF 2014,"THE NATIONAL INSTITUTES OF DESIGN ACT, 2014",18,2014,"[17th July, 2014.]","An Act to declare 1[certain institutions of design to be institutions of national importance] for the promotion of quality and excellence in education, research and training in all disciplines relating to Design and for matters connected therewith or incidental thereto."
802,ACT NO. 30 OF 2014,"THE INDIAN INSTITUTES OF INFORMATION TECHNOLOGY ACT, 2014",30,2014,"[8th December, 2014.]","An Act to declare certain institutions of information technology to be institutions of national importance, with a view to develop new knowledge in information technology and to provide manpower of global standards for the information technology industry and to provide for certain other matters connected with such institutions or incidental thereto."
803,ACT NO. 40 OF 2014,"THE NATIONAL JUDICIAL APPOINTMENTS COMMISSION ACT, 2014",40,2014,"[31st December, 2014.]",An Act to regulate the procedure to be followed by the National Judicial Appointments Commission for recommending persons for appointment as the Chief Justice of India and other Judges of the Supreme Court and Chief Justices and other Judges of High Courts and for their transfers and for matters connected therewith or incidental thereto.
804,ACT NO. 19 OF 2015,"THE REPEALING AND AMENDING (SECOND) ACT, 2015",19,2015,"[14th May, 2015.]",An Act to repeal certain enactments and to amend certain other enactments.
805,ACT NO. 11 OF 2015,"THE COAL MINES (SPECIAL PROVISIONS) ACT, 2015",11,2015,"[30th March, 2015.]","An Act to provide for allocation of coal mines and vesting of the right, title and interest in and over the land and mine infrastructure together with mining leases to successful bidders and allottees with a view to ensure continuity in coal mining operations and production of coal, and for promoting optimum utilisation of coal resources consistent with the requirement of the country in national interest and for matters connected therewith or incidental thereto. WHEREAS the Supreme Court vide judgment dated 25th August, 2014 read with its order dated 24th September, 2014 has cancelled the allocation of coal blocks and issued directions with regard to such coal blocks and the Central Government in pursuance of the said directions has to take immediate action to implement the said order; AND WHEREAS it is expedient in public interest for the Central Government to take immediate action to allocate coal mines to successful bidders and allottees keeping in view the energy security of the country and to minimise any impact on core sectors such as steel, cement and power utilities, which are vital for the development of the nation; AND WHEREAS Parliament is competent to legislate under entry 54 of List I of the Seventh Schedule to the Constitution for regulation of mines and mineral development to theextent to which such regulation and development under the control of Union is declared by Parliament by law to be expedient in the public interest."
806,ACT NO. 22 OF 2015,"THE BLACK MONEY (UNDISCLOSED FOREIGN INCOMEAND ASSETS) AND IMPOSITION OF TAX ACT, 2015",22,2015,"[26th May, 2015.]","An Act to make provisions to deal with the problem of the Black money that is undisclosed foreign income and assets, the procedure for dealing with such income and assets and to provide for imposition of tax on any undisclosed foreign income and asset held outside India and for matters connected therewith or incidental thereto."
807,ACT NO. 17 OF 2015,"THE REPEALING AND AMENDING ACT, 2015",17,2015,"[13th May, 2015.]",An Act to repeal certain enactments and to amend certain other enactments.
808,ACT NO. 30 OF 2016,"THE ANTI-HIJACKING ACT, 2016",30,2016,"[13th May, 2016.]","An Act to give effect to the Convention for the Suppression of Unlawful Seizure of Aircraft and for matters connected therewith. WHEREAS a Convention for the Suppression of Unlawful Seizure of Aircraft was signed at The Hague on the 16th day of December, 1970; ANDWHEREASIndia acceded to the said Convention and enacted the Anti-Hijacking Act, 1982 (65 of 1982) to give effect to the provisions of the Convention; ANDWHEREAS India has signed the Protocol Supplementary to the Convention at Beijing on the 10th day of September, 2010 which deals with unlawful acts against Civil Aviation by new types of threats which require comprehensive amendments to the said Act; ANDWHEREAS it is considered expedient that the unlawful acts of seizure or exercise of control of aircraft which jeopardize safety of persons and property is a matter of great concern to be addressed effectively by making suitable provisions for giving effect to the Convention and the Protocol and for matters connected therewith."
809,ACT NO. 11 OF 2016,"THE BUREAU OF INDIAN STANDARDS ACT, 2016",11,2016,"[21st March, 2016.]","An Act to provide for the establishment of a national standards body for the harmonious development of the activities of standardisation, conformity assessment and quality assurance of goods, articles, processes, systems and services and for matters connected therewith or incidental thereto."
810,ACT NO. 16 OF 2016,"THE REAL ESTATE (REGULATION AND DEVELOPMENT) ACT, 2016",16,2016,"[25th March, 2016.]","An Act to establish the Real Estate Regulatory Authority for regulation and promotion of the real estate sector and to ensure sale of plot, apartment or building, as the case may be, or sale of real estate project, in an efficient and transparent manner and to protect the interest of consumers in the real estate sector and to establish an adjudicating mechanism for speedy dispute redressal and also to establish the Appellate Tribunal to hear appeals from the decisions, directions or orders of the Real Estate Regulatory Authority and the adjudicating officer and for matters connected therewith or incidental thereto."
811,ACT NO. 17 OF 2016,"THE NATIONAL WATERWAYS ACT, 2016",17,2016,"[25th March, 2016.]",An Act to make provisions for existing national waterways and to provide for the declaration of certain inland waterways to be national waterways and also to provide for the regulation and development of the said waterways for the purposes of shipping and navigation and for matters connected therewith or incidental thereto.
812,ACT NO. 31 OF 2016,"THE INSOLVENCY AND BANKRUPTCY CODE, 2016 Last Update 01-6-2020",31,2016,"[28th May, 2016.]","An Act to consolidate and amend the laws relating to reorganisation and insolvency resolution of corporate persons, partnership firms and individuals in a time bound manner for maximisation of value of assets of such persons, to promote entrepreneurship, availability of credit and balance the interests of all the stakeholders including alteration in the order of priority of payment of Government dues and to establish an Insolvency and Bankruptcy Board of India, and for matters connected therewith or incidental thereto"
813,ACT NO. 38 OF 2016,"THE COMPENSATORY AFFORESTATION FUND ACT, 2016",38,2016,"[3rd August, 2016.]","An Act to provide for the establishment of funds under the public accounts of India and the public accounts of each State and crediting thereto the monies received from the user agencies towards compensatory afforestation, additional compensatory afforestation, penal compensatory afforestation, net present value and all other amounts recovered from such agencies under the Forest (Conservation) Act, 1980; constitution of an authority at national level and at each of the State and Union territory Administration for administration of the funds and to utilise the monies so collected for undertaking artificial regeneration (plantations), assisted natural regeneration, protection of forests, forest related infrastructure development, Green India Programme, wildlife protection and other related activities and for matters connected therewith or incidental thereto. WHEREAS the Supreme Court in its order in T.N. Godavarman Thirumulpad vs. Union of India and Others [Writ Petition (Civil) No. 202 of 1995], dated the 30th October, 2002, observed that a Compensatory Afforestation Fund be created in which all the monies received from the user agencies towards compensatory afforestation, additional compensatory afforestation, penal compensatory afforestation, net present value of the diverted forest land or catchment area treatment plan shall be deposited; AND WHEREAS absence of permanent institutional mechanism for utilisation of funds collected by the State Governments and Union territory Administrations is the main reason for accumulation of huge unspent funds in the ad hoc Authority; NOW, THEREFORE, based on the above orders, directions and observations of the Supreme Court to ensure safety, security and expeditious utilisation in a transparent manner of funds accumulated with the ad hoc Authority and the funds to be collected by the State Governments and Union territory Administrations, it is proposed to create a National Compensatory Afforestation Fund and a National Compensatory Afforestation Fund Management and Planning Authority at the national level, and a State Compensatory Afforestation Fund and a State Compensatory Afforestation Fund Management and Planning Authority in each State and Union territory, by an Act of Parliament. AND WHEREAS it had also been observed that the money received from the user agencies in cases where forest land diverted falls within protected areas, that is, the areas notified under the Wild Life (Protection) Act, 1972 (35 of 1972) for undertaking activities related to protection of biodiversity or wildlife shall also be deposited in the Fund; AND WHEREAS the Supreme Court has directed that, besides artificial regeneration (Plantations), the Fund shall also be utilised for undertaking assisted natural regeneration, protection of forests, infrastructure development, wildlife protection and other related activities and an independent system of concurrent monitoring and evaluation should be evolved and implemented through the Compensatory Afforestation Fund to ensure effective and proper utilisation of funds; AND WHEREAS the Supreme Court in its judgment dated 26th September, 2005 in the said Writ Petition observed that the Fund generated for protecting ecology and providing regeneration should not be treated as a Fund under article 266 and article 283 of the Constitution; AND WHEREAS in its direction dated the 5th May, 2006, the Supreme Court had directed that since the Government has not constituted a Compensatory Afforestation Fund Management and Planning Authority (hereinafter referred to as Authority), an ad hoc Authority should be constituted till the Compensatory Afforestation Fund Management and Planning Authority becomes operational and directed to centrally pool the money recovered on behalf of the said Authority lying in the States and Union territories into the ad hoc Compensatory Afforestation Fund Management and Planning Authority; AND WHEREAS Central Government formulated guidelines dated the 2nd July, 2009 on the subject of State Authority for utilisation of funds lying with the ad hoc Authority; AND WHEREAS in its direction dated the 10th July, 2009, the Supreme Court had directed that the guidelines and structure of the State Authority prepared by the Central Government may be notified and implemented; AND WHEREAS in its directions dated the 10th July, 2009, the Supreme Court further directed that till an alternative system is put in place, after obtaining permission from the Supreme Court, the money towards compensatory afforestation, net present value and protected areas (national parks, wildlife sanctuaries) shall continue to be deposited in the ad hoc Authority; AND WHEREAS in compliance of the directions of the Supreme Court including its order dated the 5th May, 2006, over rupees thirty eight thousand crores as collected by the State Governments and Union territory Administrations have been placed under the ad hoc Authority, and deposited in the nationalised banks;"
814,ACT NO. 49 OF 2016,"THE RIGHTS OF PERSONS WITH DISABILITIES ACT, 2016",49,2016,"[27th December, 2016]","An Act to give effect to the United Nations Convention on the Rights of Persons with Disabilities and for matters connected therewith or incidental thereto. WHEREAS the United Nations General Assembly adopted its Convention on the Rights of Persons with Disabilities on the 13th day of December, 2006.  AND WHEREAS India is a signatory to the said Convention; AND WHEREAS India ratified the said Convention on the 1st day of October, 2007; AND WHEREAS it is considered necessary to implement the Convention aforesaid."
815,ACT NO. 23 OF 2016,"THE REPEALING AND AMENDING ACT, 2016",23,2016,"[6th May, 2016.]",An Act to repeal certain enactments and to amend certain other enactments.
816,ACT NO. 2 OF 2017,"THE SPECIFIED BANK NOTES (CESSATION OF LIABILITIES) ACT, 2017",2,2017,"[27th February, 2017.]",An Act to provide in the public interest for the cessation of liabilities on the specified bank notes and for matters connected therewith or incidental thereto.
817,ACT NO. 10 OF 2017,"THE MENTAL HEALTHCARE ACT, 2017",10,2017,"[7th April, 2017.]","An Act to provide for mental healthcare and services for persons with mental illness and to protect, promote and fulfil the rights of such persons during delivery of mental healthcare and services and for matters connected therewith or incidental thereto. WHEREAS the Convention on Rights of Persons with Disabilities and its Optional Protocol was adopted on the 13th December, 2006 at United Nations Headquarters in New York and came into force on the 3rd May, 2008; AND WHEREAS India has signed and ratified the said Convention on the 1st day of October, 2007; AND WHEREAS it is necessary to align and harmonise the existing laws with the said Convention."
818,ACT NO. 12 OF 2017,"THE CENTRAL GOODS AND SERVICES TAX ACT, 2017 (Last Updated on 17th June 2020)",12,2017,"[12th April, 2017.]",An Act to make a provision for levy and collection of tax on intra-State supply of goods or services or both by the Central Government and for matters connected therewith or incidental thereto.
819,ACT NO. 13 OF 2017,"THE INTEGRATED GOODS AND SERVICES TAX ACT, 2017",13,2017,"[12th April, 2017.]",An Act to make a provision for levy and collection of tax on inter-State supply of goods or services or both by the Central Government and for matters connected therewith or incidental thereto.
820,ACT NO. 14 OF 2017,"THE UNION TERRITORY GOODS AND SERVICES TAX ACT, 2017",14,2017,"[12th April, 2017.]",An Act to make a provision for levy and collection of tax on intra-State supply of goods or services or both by the Union territories and for matters connected therewith or incidental thereto.
821,ACT NO. 15 OF 2017,"THE GOODS AND SERVICES TAX (COMPENSATION TO STATES) ACT, 2017 Last updated 16-3-2020",15,2017,"[12th April, 2017.]","An Act to provide for compensation to the States for the loss of revenue arising on account of implementation of the goods and services tax in pursuance of the provisions of the Constitution (One Hundred and First Amendment) Act, 2016."
822,ACT NO. 16 OF 2017,"THE HUMAN IMMUNODEFICIENCY VIRUS AND ACQUIRED IMMUNE DEFICIENCY SYNDROME (PREVENTION AND CONTROL) ACT, 2017",16,2017,"[20th April, 2017.]","An Act to provide for the prevention and control of the spread of Human Immunodeficiency Virus and Acquired Immune Deficiency Syndrome and for the protection of human rights of persons affected by the said virus and syndrome and for matters connected therewith or incidental thereto. WHEREAS the spread of Human Immunodeficiency Virus and Acquired Immune Deficiency Syndrome is a matter of grave concern to all and there is an urgent need for the prevention and control of said virus and syndrome; AND WHEREAS there is a need to protect and secure the human rights of persons who are HIV- positive, affected by Human Immunodeficiency Virus and Acquired Immune Deficiency Syndrome and vulnerable to the said virus and syndrome; AND WHEREAS there is a necessity for effective care, support and treatment for Human Immunodeficiency Virus and Acquired Immune Deficiency Syndrome; AND WHEREAS there is a need to protect the rights of healthcare providers and other persons in relation to Human Immunodeficiency Virus and Acquired Immune Deficiency Syndrome; AND WHEREAS the General Assembly of the United Nations, recalling and reaffirming its previous commitments on Human Immunodeficiency Virus and Acquired Immune Deficiency Syndrome, has adopted the Declaration of Commitment on Human Immunodeficiency Virus and Acquired Immune Deficiency Syndrome (2001) to address the problems of Human Immunodeficiency Virus and Acquired Immune Deficiency Syndrome in all its aspects and to secure a global commitment to enhancing coordination and intensification of national, regional and international efforts to combat it in a comprehensive manner; AND WHEREAS the Republic of India, being a signatory to the aforesaid Declaration, it is expedient to give effect to the said Declaration."
823,ACT NO. 20 OF 2017,"THE FOOTWEAR DESIGN AND DEVELOPMENT INSTITUTE ACT, 2017",20,2017,"[4th August, 2017.]","An Act to establish and declare the Footwear Design and Development Institute as an institution of national importance for the promotion and development of quality and excellence in education, research and training in all disciplines relating to footwear and leather products design and development and for matters connected therewith or incidental thereto."
824,ACT NO 22 OF 2017,"THE ADMIRALTY (JURISDICTION AND SETTLEMENT OF MARITIME CLAIMS) ACT, 2017",,2017,"[9th August, 2017.]","An Act to consolidate the laws relating to admiralty jurisdiction, legal proceedings in connection with vessels, their arrest, detention, sale and other matters connected therewith or incidental thereto."
825,NO. 23 OF 2017,"THE INDIAN INSTITUTES OF INFORMATION TECHNOLOGY (PUBLIC-PRIVATE PARTNERSHIP) ACT, 2017",23,2017,"[9th August, 2017.]","An Act to declare certain Indian Institutes of Information Technology established under public-private partnership as institutions of national importance, with a view to develop new knowledge in information technology and to provide manpower of global standards for the information technology industry and to provide for certain other matters connected with such institutions or incidental thereto."
826,ACT NO. 26 OF 2017,"THE CENTRAL GOODS AND SERVICES TAX (EXTENSION TO JAMMU AND KASHMIR) ACT, 2017",26,2017,"[23rd August, 2017.]","An Act to provide for the extension of the Central Goods and Services Tax Act, 2017 to the State of Jammu and Kashmir."
827,ACT NO. 27 OF 2017,"THE INTEGRATED GOODS AND SERVICES TAX (EXTENSION TO JAMMU AND KASHMIR) ACT, 2017",27,2017,"[23rd August, 2017.]","An Act to provide for the extension of the Integrated Goods and Services Tax Act, 2017 to the State of Jammu and Kashmir*."
828,ACT NO. 33 OF 2017,"THE INDIAN INSTITUTES OF MANAGEMENT ACT, 2017",33,2017,"[31st December, 2017.]","An Act to declare certain Institutes of management to be institutions of national importance with a view to empower these institutions to attain standards of global excellence in management, management research and allied areas of knowledge and to provide for certain other matters connected therewith or incidental thereto."
829,ACT NO. 2 OF 2018,"THE REPEALING AND AMENDING ACT, 2017",2,2018,"[5th January, 2018.]",An Act to repeal certain enactments and to amend certain other enactments.
830,ACT NO. 3 OF 2018,"THE INDIAN INSTITUTE OF PETROLEUM AND ENERGY ACT, 2017",3,2018,"[5th January, 2018.]",An Act to declare the institution known as the Indian Institute of Petroleum and Energy to be an institution of national importance and to provide for its incorporation and for matters connected therewith or incidental thereto.
831,ACT NO. 4 OF 2018,"THE REPEALING AND AMENDING (SECOND) ACT, 2017",4,2018,"[5th January, 2018.]",An Act to repeal certain enactments and to amend certain other enactments.
832,ACT NO 17 OF 2018,"THE FUGITIVE ECONOMIC OFFENDERS ACT, 2018",,2018,"[31st July, 2018.]","An Act to provide for measures to deter fugitive economic offenders from evading the process of law in India by staying outside the jurisdiction of Indian courts, to preserve the sanctity of the rule of law in India and for matters connected therewith or incidental thereto."
833,ACT NO. 24 OF 2018,"THE NATIONAL COMMISSION FOR BACKWARD CLASSES (REPEAL) ACT, 2018",24,2018,"[14th August, 2018.]","An Act to repeal the National Commission for Backward Classes Act, 1993."
834,ACT NO. 25 OF 2018,"THE NATIONAL SPORTS UNIVERSITY ACT, 2018",25,2018,"[17th August, 2018.]","An Act to establish and incorporate a National Sports University in the State of Manipur, a specialised University first of its kind, to promote sports education in the areas of sports sciences, sports technology, sports management and sports coaching besides functioning as the national training centre for select sports disciplines by adopting best international practices and for matters connected therewith or incidental thereto."
835,ACT NO. 10 OF 2019,"THE CENTRAL EDUCATIONAL INSTITUTIONS (RESERVATION IN TEACHERS’ CADRE) ACT, 2019",10,2019,"[9th July, 2019.]","An Act to provide for the reservation of posts in appointments by direct recruitment of persons belonging to the Scheduled Castes, the Scheduled Tribes, the socially and educationally backward classes and the economically weaker sections, to teachers’ cadre in certain Central Educational Institutions established, maintained or aided by the Central Government, and for matters connected therewith or incidental thereto."
836,ACT NO. 17 OF 2019,"THE NEW DELHI INTERNATIONAL ARBITRATION CENTRE ACT, 2019",17,2019,"[26th July, 2019.]","An Act to provide for the establishment and incorporation of the New Delhi International Arbitration Centre for the purpose of creating an independent and autonomous regime for institutionalised arbitration and for acquisition and transfer of the undertakings of the International Centre for Alternative Dispute Resolution and to vest such undertakings in the New Delhi International Arbitration Centre for the better management of arbitration so as to make it a hub for institutional arbitration and to declare the New Delhi International Arbitration Centre to be an institution of national importance and for matters connected therewith or incidental thereto. WHEREAS dispute resolution process has a huge impact on the Indian economy and global perception on doing business in our country and it has become necessary to inspire confidence and credibility among the litigants of commercial disputes; AND WHEREAS rapidly changing economic activity demands expeditious settlement of disputes and creation and establishment of institutional arbitration; AND WHEREAS the International Centre for Alternative Dispute Resolution was set up in the year 1995, under the aegis of the Central Government and registered under the Societies Registration Act, 1860 (21 of 1860), with the objective of promoting alternative dispute resolution mechanism and providing facilities for the same; AND WHEREAS the International Centre for Alternative Dispute Resolution has received land and substantial funding by way of grants and other benefits from the Central Government for constructing infrastructure and making other facilities; AND WHEREAS the International Centre for Alternative Dispute Resolution has not been able to actively engage and embrace developments in the arbitration ecosystem and to create a reputation par excellence keeping pace with the dynamic nature of arbitration over more than two decades; AND WHEREAS studies conducted by the High Level Committee appointed by the Central Government indicate that the International Centre for Alternative Dispute Resolution has failed to address the growing needs of the institutional arbitration and also to bear optimum caseload and to become better choice to the parties for arbitration; AND WHEREAS it has become expedient to take over the undertakings of the International Centre for Alternative Dispute Resolution including its regional offices without interfering with its activities and without adversely affecting its character as a Society but to utilise its existing infrastructure and other facilities which have been set up by using the public funds provided by the Government and to incorporate a robust institution for domestic and international arbitration to be known as the New Delhi International Arbitration Centre; AND WHEREAS it is considered necessary to declare the New Delhi International Arbitration Centre as an institution of national importance for its overall development as a major arbitration hub by promoting quick and efficient dispute resolution mechanism."
837,ACT NO. 20 OF 2019,"THE MUSLIM WOMEN (PROTECTION OF RIGHTS ON MARRIAGE) ACT, 2019",20,2019,"[31st July, 2019.]",An Act to protect the rights of married Muslim women and to prohibit divorce by pronouncing talaq by their husbands and to provide for matters connected therewith or incidental thereto.
838,ACT NO. 35 OF 2019,"THE CONSUMER PROTECTION ACT, 2019",35,2019,"[9th August, 2019.]","An Act to provide for protection of the interests of consumers and for the said purpose, to establish authorities for timely and effective administration and settlement of consumers' disputes and for matters connected therewith or incidental thereto."
839,ACT NO. 40 OF 2019,"THE TRANSGENDER PERSONS (PROTECTION OF RIGHTS) ACT, 2019",40,2019,"[5th December, 2019.]",An Act to provide for protection of rights of transgender persons and their welfare and for matters connected therewith and incidental thereto.
840,ACT NO. 42 OF 2019,"THE PROHIBITION OF ELECTRONIC CIGARETTES (PRODUCTION, MANUFACTURE, IMPORT, EXPORT, TRANSPORT, SALE, DISTRIBUTION, STORAGE AND ADVERTISEMENT) ACT, 2019",42,2019,"[05th December, 2019.]","An Act to prohibit the production, manufacture, import, export, transport, sale, distribution, storage and advertisement of electronic cigarettes in the interest of public health to protect the people from harm and for matters connected therewith or incidental thereto."
841,ACT NO. 44 OF 2019,"THE DADRA AND NAGAR HAVELI AND DAMAN AND DIU (MERGER OF UNION TERRITORIES) ACT, 2019",44,2019,"[09th December, 2019.]",An Act to provide for merger of Union territories of Dadra and Nagar Haveli and Daman and Diu and for matters connected therewith.
842,ACT NO. 45 OF 2019,"THE NATIONAL CAPITAL TERRITORY OF DELHI (RECOGNITION OF PROPERTY RIGHTS OF RESIDENTS IN UNAUTHORISED COLONIES) ACT, 2019",45,2019,"[11th December, 2019.]","An Act to provide special provisions for the National Capital Territory of Delhi for recognising the property rights of resident in unauthorised colonies by securing the rights of ownership or transfer or mortgage in favour of the residents of such colonies who are possessing properties on the basis of Power of Attorney, Agreement to Sale, Will, possession letter or any other documents including documents evidencing payment of consideration and for the matters connected therewith or incidental thereto. WHEREAS there has been phenomenal increase in the population of the National Capital Territory of Delhi in the last few decades owing to migration and other factors but development of planned housing colonies have not kept pace with the requirements of a burgeoning population resulting in the increase of unauthorised colonies; AND WHEREAS number of unauthorised colonies have been identified in the National Capital Territory of Delhi on the basis of applications made by the Residents Welfare Associations for regularisation in pursuance to notification number S.O. 683(E), dated the 24th March, 2008 of the Delhi Development Authority, published in the Gazette of India, Extraordinary, Part II, Section 3, Sub-section (ii), dated the 24th March, 2008; AND WHEREAS the properties in these colonies are not being registered by registering authority and thereby the residents do not have any title documents in respect of such properties and the Banks and financial institutions do not extend any credit facilities in respect of said properties; AND WHEREAS the ownership of the properties in unauthorised colonies have been transferred several times through registered or un-registered or notarised Power of Attorney, Agreement to Sale, Will, possession letter and other documents including documents evidencing payment of consideration and stamp duty on these multiple transactions have neither assessed nor been paid; AND WHEREAS the stamp duty on the conveyance deed or authorisation slip, as the case may be, is leviable as per minimum rates (circle rates) specified in the notification of the Government of the National Capital Territory of Delhi published vide number F.1(953) Regn. Br./ Div. Com/HQ/2014, dated the 22nd September, 2014 or the sale consideration mentioned in the conveyance deed or authorisation slip, as the case may be, whichever is higher; AND WHEREAS the Supreme Court in the case of Suraj Lamp & Industries (P) Ltd. Vs. State of Haryana & others vide its judgment dated the 11th October, 2011 had held that sale agreement/general Power of Attorney or Will transactions are not “transfers” or “sales” and that such transactions cannot be treated as completed transfers or conveyances and they can continue to be treated as existing agreement of sale; AND WHEREAS keeping in view the socio-economic conditions of the residents of these unauthorised colonies and ground realities, it is desirable to recognise and confer rights of ownership or transfer or mortgage to the residents of such colonies on the basis of Power of Attorney, Agreement to Sale, Will, possession letter and other documents including documents evidencing payment of consideration and to facilitate development or re-development that may improve existing infrastructure, civic and social amenities which may lead to better quality of life; AND WHEREAS it is expedient to have a law to recognise and confer rights of ownership or transfer or mortgage to the residents of unauthorised colonies as one time special measure."
843,ACT NO 50 OF 2019,"THE INTERNATIONAL FINANCIAL SERVICES CENTRES AUTHORITY ACT, 2019",,2019,"[19th December, 2019.]",An Act to provide for the establishment of an Authority to develop and regulate the financial services market in the International Financial Services Centres in India and for matters connected therewith or incidental thereto.
844,ACT NO. 34 OF 2019,"THE JAMMU AND KASHMIR REORGANISATION ACT, 2019",34,2019,"[9th August, 2019.]",An Act to provide for the reorganisation of the existing State of Jammu and Kashmir and for matters connected therewith or incidental thereto.
845,ACT NO. 30 OF 2019,"THE NATIONAL MEDICAL COMMISSION ACT, 2019",30,2019,"[8th August, 2019.]","An Act to provide for a medical education system that improves access to quality and affordable medical education, ensures availability of adequate and high quality medical professionals in all parts of the country; that promotes equitable and universal healthcare that encourages community health perspective and makes services of medical professionals accessible to all the citizens; that promotes national health goals; that encourages medical professionals to adopt latest medical research in their work and to contribute to research; that has an objective periodic and transparent assessment of medical institutions and facilitates maintenance of a medical register for India and enforces high ethical standards in all aspects of medical services; that is flexible to adapt to changing needs and has an effective grievance redressal mechanism and for matters connected therewith or incidental thereto."
846,ACT NO. 21 OF 2019,"THE BANNING OF UNREGULATED DEPOSIT SCHEMES ACT, 2019",21,2019,"[31st July, 2019.]","An Act to provide for a comprehensive mechanism to ban the unregulated deposit schemes, other than deposits taken in the ordinary course of business, and to protect the interest of depositors and for matters connected therewith or incidental thereto."
847,ACT NO. 31 OF 2019,"THE REPEALING AND AMENDING ACT, 2019",31,2019,"[8th August, 2019.]",An Act to repeal certain enactments and to amend certain other enactments.
848,ACT NO. 5 OF 2020,"THE CENTRAL SANSKRIT UNIVERSITIES ACT, 2020",5,2020,"[25th March, 2020.]","An Act to establish and incorporate Universities for teaching and research in Sanskrit, to develop all-inclusive Sanskrit promotional activities and to provide for matters connected therewith or incidental thereto."
849,ACT NO. 3 OF 2020,"THE DIRECT TAX VIVAD SE VISHWAS ACT, 2020",3,2020,"[17th March, 2020.]",An Act to provide for resolution of disputed tax and for matters connected therewith or incidental thereto.
850,ACT NO. 14 OF 2020,"THE NATIONAL COMMISSION FOR INDIAN SYSTEM OF MEDICINE ACT, 2020",14,2020,"[20th September, 2020.]","An Act to provide for a medical education system that improves access to quality and affordable medical education, ensures availability of adequate and high quality medical professionals of Indian System of Medicine in all parts of the country; that promotes equitable and universal healthcare that encourages community health perspective and makes services of such medical professionals accessible and affordable to all the citizens; that promotes national health goals; that encourages such medical professionals to adopt latest medical research in their work and to contribute to research; that has an objective periodic and transparent assessment of medical institutions and facilitates maintenance of a medical register of Indian System of Medicine for India and enforces high ethical standards in all aspects of medical services; that is flexible to adapt to the changing needs and has an effective grievance redressal mechanism and for matters connected therewith or incidental thereto."
851,ACT NO. 15 OF 2020,"THE NATIONAL COMMISSION FOR HOMOEOPATHY ACT, 2020",15,2020,"[20th September, 2020.]","An Act to provide for a medical education system that improves access to quality and affordable medical education, ensures availability of adequate and high quality Homoeopathy medical professionals in all parts of the country; that promotes equitable and universal healthcare that encourages community health perspective and makes services of Homoeopathy medical professionals accessible and affordable to all the citizens; that promotes national health goals; that encourages Homoeopathy medical professionals to adopt latest medical research in their work and to contribute to research; that has an objective periodic and transparent assessment of medical institutions and facilitates maintenance of a Homoeopathy medical register for India and enforces high ethical standards in all aspects of medical services; that is flexible to adapt to the changing needs and has an effective grievance redressal mechanism and for matters connected therewith or incidental thereto."
852,ACT NO. 16 OF 2020,"THE INSTITUTE OF TEACHING AND RESEARCH IN AYURVEDA ACT, 2020",16,2020,"[21st September, 2020.]","An Act to provide for the establishment of an Institute of Teaching and Research in Ayurveda and to declare it as an Institution of national importance for the promotion of quality and excellence in education, research and training in Ayurveda and allied disciplines and for matters connected therewith or incidental thereto."
853,ACT NO. 20 OF 2020,"THE FARMERS (EMPOWERMENT AND PROTECTION) AGREEMENT ON PRICE ASSURANCE AND FARM SERVICES ACT, 2020",20,2020,"[24th September, 2020.]","An Act to provide for a national framework on farming agreements that protects and empowers farmers to engage with agri-business firms, processors, wholesalers, exporters or large retailers for farm services and sale of future farming produce at a mutually agreed remunerative price framework in a fair and transparent manner and for matters connected therewith or incidental thereto"
854,ACT NO. 21 OF 2020,"THE FARMERS’ PRODUCE TRADE AND COMMERCE (PROMOTION AND FACILITATION) ACT, 2020",21,2020,"[24th September, 2020.]","An Act to provide for the creation of an ecosystem where the farmers and traders enjoy the freedom of choice relating to sale and purchase of farmers’ produce which facilitates remunerative prices through competitive alternative trading channels; to promote efficient, transparent and barrier- free inter-State and intra-State trade and commerce of farmers’ produce outside the physical premises of markets or deemed markets notified under various State agricultural produce market legislations; to provide a facilitative framework for electronic trading and for matters connected therewith or incidental thereto."
855,ACT NO. 23 OF 2020,"THE JAMMU AND KASHMIR OFFICIAL LANGUAGES ACT, 2020",23,2020,"[26th September, 2020.]",An Act to provide for the languages to be used for the official purposes of the Union territory of Jammu and Kashmir and for matters connected therewith or incidental thereto.
856,ACT NO. 31 OF 2020,"THE RASHTRIYA RAKSHA UNIVERSITY ACT, 2020",31,2020,"[28th September, 2020.]",An Act to establish and declare an institution to be known as the Rashtriya Raksha University as an institution of national importance and to provide for its incorporation and matters connected therewith or incidental thereto.
857,ACT NO. 32 OF 2020,"THE NATIONAL FORENSIC SCIENCES UNIVERSITY ACT, 2020",32,2020,"[28th September, 2020.]","An Act to establish and declare an institution to be known as the National Forensic Sciences University as an institution of national importance to facilitate and promote studies and research and to achieve excellence in the field of forensic science in conjunction with applied behavioural science studies, law, criminology and other allied areas and technology and other related fields, and to provide for matters connected therewith or incidental thereto."
858,ACT NO. 30 OF 2020,"THE BILATERAL NETTING OF QUALIFIED FINANCIAL CONTRACTS ACT, 2020",30,2020,"[28th September, 2020.]",An Act to ensure financial stability and promote competitiveness in Indian financial markets by providing enforceability of bilateral netting of qualified financial contracts and for matters connected therewith or incidental thereto.
