id,act_id,chapter_name,chapter_number
1,2,PRELIMINARY,CHAPTER I
2,2,OFTHE CREATION OF TRUSTS,CHAPTER II
3,2,OF THE DUTIES AND LIABILITIES OF TRUSTEES,CHAPTER III
4,2,OF THE RIGHTS AND POWERS OF TRUSTEES,CHAPTER IV
5,2,OF THE DISABILITIES OF TRUSTEES,CHAPTER V
6,2,OF THE RIGHTS AND LIABILITIES OF THE BENEFICIARY,CHAPTER VI
7,2,OF VACATING THE OFFICE OF TRUSTEE,CHAPTER VII
8,2,OF THE EXTINCTION OF TRUSTS,CHAPTER VIII
9,2,OF CERTAIN OBLIGATIONS IN THE NATURE OF TRUSTS,CHAPTER IX
10,4,PRELIMINARY,CHAPTER I
11,4,APPOINTMENT AND DECLARATION OF GUARDIANS,CHAPTER II
12,4,"DUTIES, RIGHTS AND LIABILITIES OF GUARDIANS",CHAPTER III
13,4,SUPPLEMENTAL PROVISIONS,CHAPTER IV
14,7,PRELIMINARY,
15,7,GENERAL DEFINITIONS,
16,7,GENERAL RULES OF CONSTRUCTION,
17,7,POWERS AND FUNCTIONARIES,
18,7,"PROVISIONS AS TO ORDERS, RULES, ETC., MADE UNDER ENACTMENTS",
19,7,MISCELLANEOUS,
20,12,PRELIMINARY,CHAPTER I
21,12,REGISTRATION OF TRADE UNIONS,CHAPTER II
22,12,RIGHTS AND LIABILITIES OF REGISTERED TRADE UNIONS,CHAPTER III
23,12,REGULATIONS,CHAPTER IV
24,12,PENALTIES AND PROCEDURE,CHAPTER V
25,13,PRELIMINARY,CHAPTER I
26,13,FORMATION OF THE CONTRACT,CHAPTER II
27,13,EFFECTS OF THE CONTRACT,CHAPTER III
28,13,PERFORMANCE OF THE CONTRACT,CHAPTER IV
29,13,RIGHTS OF UNPAID SELLER AGAINST THE GOODS,CHAPTER V
30,13,SUITS FOR BREACH OF THE CONTRACT,CHAPTER VI
31,13,MISCELLANEOUS,CHAPTER VII
32,16,PRELIMINARY,CHAPTER I
33,16,AUTHORITIES UNDER THIS ACT,CHAPTER II
34,16,PENALTIES,CHAPTER VI
35,16,MISCELLANEOUS,CHAPTER VII
36,16,NOTICE OF CHANGE,CHAPTER IIA
37,16,REFERENCE OF CERTAIN INDIVIDUAL DISPUTES TO GRIEVANCE SETTLEMENT AUTHORITIES,CHAPTER IIB
38,16,"REFERENCE OF DISPUTES TO BOARDS, COURTS OR TRIBUNALS",CHAPTER III
39,16,"PROCEDURE, POWERS AND DUTIES OF AUTHORITIES",CHAPTER IV
40,16,STRIKES AND LOCK-OUTS,CHAPTER V
41,16,LAY-OFF AND RETRENCHMENT,CHAPTER VA
42,16,"SPECIAL PROVISIONS RELATING TO LAY-OFF, RETRENCHMENT AND CLOSURE IN CERTAIN ESTABLISHMENTS",CHAPTER VB
43,16,UNFAIR LABOUR PRACTICES,CHAPTER VC
44,18,INTRODUCTORY,CHAPTER I
45,18,THE PHARMACY COUNCIL OF INDIA,CHAPTER II
46,18,STATE PHARMACY COUNCILS,CHAPTER III
47,18,REGISTRATION OF PHARMACISTS,CHAPTER IV
48,18,MISCELLANEOUS,CHAPTER V
49,20,PRELIMINARY,CHAPTER I
50,20,,CHAPTER II
51,20,,CHAPTER III
52,20,,CHAPTER IV
53,20,,CHAPTER V
54,21,PRELIMINARY,CHAPTER I
55,21,THE INSTITUTE OF CHARTERED ACCOUNTANTS OF INDIA,CHAPTER II
56,21,COUNCIL OF THE INSTITUTE,CHAPTER III
57,21,REGISTER OF MEMBERS,CHAPTER IV
58,21,MISCONDUCT,CHAPTER V
59,21,REGIONAL COUNCILS,CHAPTER VI
60,21,PENALTIES,CHAPTER VII
61,21,QUALITY REVIEW BOARD,CHAPTER VII A
62,21,MISCELLANEOUS,CHAPTER VIII
63,22,PRELIMINARY,CHAPTER I
64,22,PRIMARY RIGHTS,CHAPTER II
65,22,GRANTS,CHAPTER XI
66,22,PREPARATION OF RECORD-OF-RIGHTS AND DETERMINATION AND MODIFICATION OF RENT AND RENT-RATES,CHAPTER XII
67,22,EXTRAORDINARY AND EMERGENCY PROVISIONS,CHAPTER XIII
68,22,PROCEDURE AND JURISDICTION OF COURTS,CHAPTER XIV
69,22,MISCELLANEOUS PROVISIONS,CHAPTER XV
70,22,POWER TO MAKE RULES,CHAPTER XVI
71,22,TRANSITIONAL PROVISIONS,CHAPTER XVII
72,22,,CHAPTER III
73,22,CLASSES OF TENANTS,CHAPTER IV
74,22,"DEVOLUTION, TRANSFER, EXTINOTION, DIVISION, EXCHANGE AND ACQUISITION",CHAPTER V
75,22,GENERAL PROVISIONS RELATING TO TENANCIES,CHAPTER VI
76,22,PREMIA AND OTHER LEVIES,CHAPTER VII
77,22,RENT AND ITS RECOVERY,CHAPTER VIII
78,22,EJECTMENT OF TENANTS,CHAPTER IX
79,22,COMPENSATION AND PENALTIES,CHAPTER X
80,23,PRELIMINARY,CHAPTER I
81,23,ROAD TRANSPORT CORPORATIONS,CHAPTER II
82,23,SUBSIDIARY CORPORATIONS,CHAPTER IIA
83,23,POWERS AND DUTIES OF CORPORATION,CHAPTER III
84,23,"FINANCE, ACCOUNTS AND AUDIT",CHAPTER IV
85,23,MISCELLANEOUS,CHAPTER V
86,23,SPECIAL PROVISIONS APPLICABLE TO THE UNION TERRITORY OF DELHI,CHAPTER VI
87,24,PRELIMINARY,
88,24,THE UNIVERSITY,
89,24,THE PARIDARSAKA (VISITOR),
90,24,THE PRADHANA (RECTOR),
91,24,OFFICERS OF THE UNIVERSITY,
92,24,AUTHORITIES OF THE UNIVERSITY,
93,24,"STATUTES, ORDINANCES AND REGULATIONS",
94,24,ADMISSIOIN AND EXAMINATIONS,
95,24,ANNUAL REPORTS AND ACCOUNTS,
96,24,SUPPLEMENTARY PROVISIONS,
97,25,PRELIMINARY,CHAPTER I
98,25,INCORPORATION OF STATE FINANCIAL CORPORATIONS THEIR CAPITAL AND MANAGEMENT,CHAPTER II
99,25,POWERS AND DUTIES OF THE BOARD,CHAPTER III
100,25,"INVESTMENT OF FUNDS, ACCONTS AND AUDIT",CHAPTER IV
101,25,MISCELLANEOUS,CHAPTER V
102,26,PRELIMINARY,CHAPTER I
103,26,REGISTRATION OF PLANTATIONS,CHAPTER IA
104,26,MISCELLANEOUS,CHAPTER VIII
105,26,INSPECTING STAFF,CHAPTER II
106,26,PROVISIONS AS TO HEALTH,CHAPTER III
107,26,WELFARE,CHAPTER IV
108,26,PROVISIONS AS TO SAFETY,CHAPTER IVA
109,26,HOURS AND LIMITATION OF EMPLOYMENT,CHAPTER V
110,26,LEAVE WITH WAGES,CHAPTER VI
111,26,ACCIDENTS,CHAPTER VIA
112,26,PENALTIES AND PROCEDURE,CHAPTER VII
113,29,PRELIMINARY,CHAPTER I
114,29,STANDARD RENT AND PROVISIONS RELATING TO OTHER CHARGES BY THE LANDLORD,CHAPTER II
115,29,CONTROL OF EVICTION OF TENANTS,CHAPTER III
116,29,HOTELS AND LODGING HOUSES,CHAPTER IV
117,29,"JURISDICTION OF COURTS APPEALS, REVIEW AND REVISION",CHAPTER V
118,29,MISCELLANEOUS,CHAPTER VI
119,30,PRELIMINARY,CHAPTER I
120,30,REGULAR AIR FORCE RESERVE,CHAPTER II
121,30,AIR DEFENCE RESERVE,CHAPTER III
122,30,AUXILIARY AIR FORCE,CHAPTER IV
123,30,LIABILITY AND DISCIPLINE OF MEMBERS OF RESERVE AND AUXILIARY AIR FORCES,CHAPTER V
124,30,MISCELLANEOUS,CHAPTER VI
125,31,PPRELIMINARY,CHAPTER I
126,31,THE FORWARD MARKETS COMMISSION,CHAPTER II
127,31,RECOGNISED ASSOCIATIONS,CHAPTER III
128,31,REGISTERED ASSOCIATIONS,CHAPTER IIIA
129,31,FORWARD CONTRACTS AND OPTIONS IN GOODS,CHAPTER IV
130,31,PENALTIES AND PROCEDURE,CHAPTER V
131,31,MISCELLANEOUS,CHAPTER VI
132,34,PRELIMINARY,CHAPTER I
133,34,SOLEMNIZATION OF SPECIAL MARRIAGES,CHAPTER II
134,34,REGISTRATION OF MARRIAGES CELEBRATED IN OTHER FORMS,CHAPTER III
135,34,CONSEQUENCES OF MARRIAGE UNDER THIS ACT,CHAPTER IV
136,34,RESTITUTION OF CONJUGAL RIGHTS AND JUDICIAL SEPARATION,CHAPTER V
137,34,NULLITY OF MARRIAGE AND DIVORCE,CHAPTER VI
138,34,JURISDICTION AND PROCEDURE,CHAPTER VII
139,34,MISCELLANEOUS,CHAPTER VIII
140,36,PRELIMINARY,CHAPTER I
141,36,COURT OF THE JUDICAL COMMISSIONER,CHAPTER II
142,36,SUBORDINATE COURTS,CHAPTER III
143,36,SUPPLEMENTAL AND MISCELLANEOUS PROVISIONS,CHAPTER IV
144,37,PRELIMINARY,CHAPTER I
145,37,ESTABLISHMENT OF THE COMMISSION,CHAPTER II
146,37,POWERS AND FUNCTIONS OF THE COMMISSION,CHAPTER III
147,37,MISCELLANEOUS,CHAPTER IV
148,39,PRELIMINARY,CHAPTER I
149,39,ESTABLISHMENT OF LIFE INSURANCE CORORATION OF INDIA,CHAPTER II
150,39,FUNCTIONS OF THE CORPORATION,CHAPTER III
151,39,TRANSFER OF EXISTING LIFE INSURANCE BUSINESS TO THE CORPORATION,CHAPTER IV
152,39,MANAGEMENT,CHAPTER V
153,39,"FINANCE, ACCOUNTS AND AUDIT",CHAPTER VI
154,39,MISCELLANEOUS,CHAPTER VII
155,42,PRELIMINARY,CHAPTER I
156,42,ESTABLISHMENT OF RIVER BOARDS,CHAPTER II
157,42,POWERS AND FUNCTIONS OF THE BOARD,CHAPTER III
158,42,MISCELLANEOUS,CHAPTER IV
159,43,PRELIMINARY,CHAPTER I
160,43,ADOPTION,CHAPTER II
161,43,MAINTENANCE,CHAPTER III
162,44,PRELIMINARY,CHAPTER I
163,44,CONSTITUTION AND FUNCTIONS OF VILLAGE AUTHORITIES,CHAPTER II
164,44,ADMINISTRATION OF JUSTICE BY VILLAGE AUTHORITIES,CHAPTER III
165,44,MISCELLANEOUS,CHAPTER IV
166,45,PRELIMINARY,CHAPTER I
167,45,ESTABLISHMENT OF THE CORPORATION,CHAPTER II
168,45,POWERS AND FUNCTIONS OF THE CORPORATION,CHAPTER III
169,45,MISCELLANEOUS,CHAPTER IV
170,46,PRELIMINARY,CHAPTER I
171,46,SLUM AREAS,CHAPTER II
172,46,SLUM IMPROVEMENT,CHAPTER III
173,46,SLUM CLEARANCE AND RE-DEVELOPMENT,CHAPTER IV
174,46,ACQUISITION OF LAND,CHAPTER V
175,46,PROTECTION OF TENANTS IN SLUM AREAS FROM EVICTION,CHAPTER VI
176,46,MISCELLANEOUS,CHAPTER VII
177,48,PRELIMINARY,CHAPTER I
178,48,THE INSTITUTE OF COST AND WORKS ACCOUNTANTS,CHAPTER II
179,48,COUNCIL OF THE INSTITUTE,CHAPTER III
180,48,REGISTER OF MEMBERS,CHAPTER IV
181,48,MISCONDUCT,CHAPTER V
182,48,REGIONAL COUNCIL,CHAPTER VI
183,48,PENALTIES,CHAPTER VII
184,48,QUALITY REVIEW BOARD,CHAPTER VIIA
185,48,"DISSSOLUTION OF THE INSTITUTE OF COST AND WORKS ACCOUNTANTS REGISTERED UNDER THE COMPANIES ACT, 1956 (1 OF 1956)",CHAPTER VIII
186,48,MISCELLANEOUS,CHAPTER IX
187,54,PRELIMINARY,CHAPTER I
188,54,SALAR JUNG MUSEUM BOARD,CHAPTER II
189,54,FUNCTIONS OF THE BOARD,CHAPTER III
190,54,"FINANCE, ACCOUNTS, AUDIT AND REPORTS",CHAPTER IV
191,54,MISCELLANEOUS,CHAPTER V
192,56,PRELIMINARY,CHAPTER I
193,56,ESTABLISHMENT AND MANGEMENT OF THE DEPOSIT INSURANCE CORPORATION,CHAPTER II
194,56,REGISTRATION OF BANKING COMPANIES AND CO-OPERATIVE BANKS AS INSURED BANKS AND LIABILITY OF CORPORATION TO DEPOITORS,CHAPTER III
195,56,CREDIT GUARANTEE FUNCTIONS,CHAPTER IIIA
196,56,"FUNDS, ACCOUNTS AND AUDIT",CHAPTER IV
197,56,MISCELLANEOUS,CHAPTER V
198,57,PRELIMINARY,CHAPTER I
199,57,THE INSTITUTES,CHAPTER II
200,57,THE COUNCIL,CHAPTER III
201,57,MISCELLANEOUS,CHAPTER IV
202,60,PRELIMINARY,CHAPTER I
203,60,EXTRADITION OF FUGITIVE CRIMINALS TO FOREIGN STATE TO WHICH CHAPTER III DOES NOT APPLY,CHAPTER II
204,60,RETURN OF FUGITIVE CRIMINALS TO FOREIGN STATES WITH EXTRADITION ARRANGEMENTS,CHAPTER III
205,60,SURRENDER OR RETURN OF ACCUSED OR CONVICTED PERSONS FROM FOREIGN STATES,CHAPTER IV
206,60,MISCELLANEOUS,CHAPTER V
207,63,MARINE INSURANCE,
208,63,INSURABLE INTEREST,
209,63,LOSS AND ABANDONMENT,
210,63,PARTIAL LOSSES (INCLUDING SALVAGE AND GENERAL AVERAGE AND PARTICULAR CHARGES),
211,63,MEASURE OF INDEMNITY,
212,63,RIGHTS OF INSURER ON PAYMENTS,
213,63,RETURN OF PREMIUM,
214,63,SUPPLEMENTAL,
215,63,INSURABLE VALUE,
216,63,DISCLOSURE AND REPRESENTATIONS,
217,63,THE POLICY,
218,63,DOUBLE INSURANCE,
219,63,"WARRANTIES, ETC.",
220,63,THE VOYAGE,
221,63,ASSIGNMENT OF POLICY,
222,63,THE PREMIUM,
223,63,,
224,67,PRELIMINARY,CHAPTER I
225,67,THE FOOD CORPORATION OF INDIA,CHAPTER II
226,67,BOARDS OF MANAGEMENT,CHAPTER III
227,67,STATE FOOD CORPORATIONS,CHAPTER IV
228,67,"FINANCE, ACCOUNTS AND AUDIT",CHAPTER V
229,67,MISCELLANEOUS,CHAPTER VI
230,74,PRELIMINARY,CHAPTER I
231,74,UNLAWFUL ASSOCIATIONS,CHAPTER II
232,74,OFFENCES AND PENALTIES,CHAPTER III
233,74,PUNISHMENT FOR TERRORIST ACTIVITIES,CHAPTER IV
234,74,FORFEITURE OF PROCEEDS OF TERRORISM OR ANY PROPERTY INTENDED TO BE USED FOR TERRORISM,CHAPTER V
235,74,TERRORIST ORGANISATIONS AND INDIVIDUALS,CHAPTER VI
236,74,MISCELLANEOUS,CHAPTER VII
237,77,PRELIMINARY,CHAPTER I
238,77,REGISTRATION ESTABLISHMENT,CHAPTER II
239,77,REGISTRATION OF BIRTHS AND DEATHS,CHAPTER III
240,77,MAINTENANCE OF RECORDS AND STATISTICS,CHAPTER IV
241,77,MISCELLANEOUS,CHAPTER V
242,78,PRELIMINARY,CHAPTER I
243,78,THE KHUDA BAKHSH ORIENTAL PUBLIC LIBRARY BOARD,CHAPTER II
244,78,"PROPERTY, LIABILITIES AND FUNCTIONS OF THE BOARD",CHAPTER III
245,78,"FINANCE, ACCOUNTS, AUDIT AND REPORTS",CHAPTER IV
246,78,MISCELLANEOUS,CHAPTER V
247,81,PRELIMINARY,CHAPTER I
248,81,ESTABLISHMENT OF CORRESPONDING UNIVERSITIES,CHAPTER II
249,81,MANAGEMENT OF A CORRESPONDING UNIVERSITY,CHAPTER III
250,81,COLLEGES,CHAPTER IV
251,81,SERVICES,CHAPTER V
252,81,STATUTES AND REGULATIONS,CHAPTER VI
253,81,ACCOUNTS AND AUDIT,CHAPTER VII
254,81,MISCELLANEOUS,CHAPTER VIII
255,85,PRELIMINARY,CHAPTER I
256,85,CONSTITUTION OF DISTRICT COUNCILS,CHAPTER II
257,85,FUNCTIONS OF DISTRICT COUNCILS,CHAPTER III
258,85,PROCEDURE AND STAFF OF DISTRICT COUNCILS,CHAPTER IV
259,85,FINANCE OF DISTRICT COUNCILS AND VESTING OF PROPERTY,CHAPTER V
260,85,CONTROL,CHAPTER VI
261,85,OFFENCES AND PENALTIES,CHAPTER VII
262,85,RULES AND BYE-LAWS,CHAPTER VIII
263,88,PRELIMINARY,CHAPTER I
264,88,COUNCIL OF ARCHITECTURE,CHAPTER II
265,88,REGISTRATION OF ARCHITECTS,CHAPTER III
266,88,MISCELLANEOUS,CHAPTER IV
267,89,PRELIMINARY,CHAPTER I
268,89,LIABILITY OF PERSONS TO RENDER NATIONAL SERVICE,CHAPTER II
269,89,REGISTRATION AND ENLISTMENT FOR NATIONAL SERVICE,CHAPTER III
270,89,POSTPONEMENT OF NATIONAL SERVICE,CHAPTER IV
271,89,REINSTATEMENT OF QUALIFIED PERSONS CALLED UP FOR NATIONAL SERVICE,CHAPTER V
272,89,OTHER OFFENCES AND PENALTIES,CHAPTER VI
273,89,MISCELLANEOUS,CHAPTER VII
274,90,PRELIMINARY,CHAPTER I
275,90,REGISTRATION OF CO-OPERATIVE SOCIETIES,CHAPTER II
276,90,APPEALS AND REVISION,CHAPTER XI
277,90,OFFENCES AND PENALTIES,CHAPTER XII
278,90,MEMBERS OF CO-OPERATIVE SOCIETIES AND THEIR RIGHTS AND LIABILITIES,CHAPTER III
279,90,MANAGEMENT OF CO-OPERATIVE SOCIETIES,CHAPTER IV
280,90,PRIVILEGES OF CO-OPERATIVE SOCIETIES,CHAPTER V
281,90,PROPERTIES AND FUNDS OF CO-OPERATIVE SOCIETIES,CHAPTER VI
282,90,"AUDIT, INQUIRY, INSPECTION AND SURCHARGE",CHAPTER VII
283,90,SETTLEMENT OF DISPUTES,CHAPTER VIII
284,90,WINDING UP OF CO-OPERATIVE SOCIETIES,CHAPTER IX
285,90,"EXECUTION OF AWARDS, DECREES, ORDERS AND DECISIONS",CHAPTER X
286,92,PRELIMINARY,CHAPTER I
287,92,TRANSFER TO PUBLIC OWNERSHIP OF GENERAL INSURANCE BUSINESS,CHAPTER II
288,92,GENERAL INSURANCE CORPORATION OF INDIA,CHAPTER III
289,92,AMOUNTS TO BE PAID FOR ACQUISITIONS,CHAPTER IV
290,92,SCHEME FOR REORGANISATION OF GENERAL INSURANCE BUSINESS,CHAPTER V
291,92,TERMS AND CONDITIONS OF SERVICE OF OFFICERS AND OTHER EMPLOYEES,CHAPTER VA
292,92,FUNCTIONS OF CORPORATION AND ACQUIRING COMPANIES AND THEIR MANAGEMENT,CHAPTER VI
293,92,MISCELLANEOUS,CHAPTER VII
294,93,PRELIMINARY,CHAPTER I
295,93,"ESTABLISHMENT, RECOGNITION, MANAGEMENT OF, AND AID TO, SCHOOLS",CHAPTER II
296,93,SCHOOL PROPERTY,CHAPTER III
297,93,TERMS AND CONDITIONS OF SERVICE OF EMPLOYEES OF RECOGNISED PRIVATE SCHOOLS,CHAPTER IV
298,93,PROVISIONS APPLICABLE TO UNAIDED MINORITY SCHOOLS,CHAPTER V
299,93,ADMISSION TO SCHOOLS AND FEES,CHAPTER VI
300,93,TAKING OVER THE MANAGEMENT OF SCHOOLS,CHAPTER VII
301,93,MISCELLANEOUS,CHAPTER VIII
302,97,PRELIMINARY,CHAPTER I
303,97,ACQUISITION OF THE RIGHTS OF OWNERS OF SICK TEXTILE UNDERTAKINGS,CHAPTER II
304,97,PAYMENT OF AMOUNT,CHAPTER III
305,97,"MANAGEMENT, ETC., OF SICK TEXTILE UNDERTAKINGS",CHAPTER IV
306,97,PROVISIONS RELATING TO EMPLOYEES OF SICK TEXTILE UNDERTAKINGS,CHAPTER V
307,97,COMMISSIONERS OF PAYMENTS,CHAPTER VI
308,97,MISCELLANEOUS,CHAPTER VII
309,98,PRELIMINARY,CHAPTER I
310,98,CONSTITUTION OF CRIMINAL COURTS AND OFFICES,CHAPTER II
311,98,MAINTENANCE OF PUBLIC ORDER AND TRANQUILLITY,CHAPTER X
312,98,PREVENTIVE ACTION OF THE POLICE,CHAPTER XI
313,98,INFORMATION TO THE POLICE AND THEIR POWERS TO INVESTIGATE,CHAPTER XII
314,98,JURISDICTION OF THE CRIMINAL COURTS IN INQUIRIES AND TRIALS,CHAPTER XIII
315,98,CONDITIONS REQUISITE FOR INITIATION OF PROCEEDINGS,CHAPTER XIV
316,98,COMPLAINTS TO MAGISTRATES,CHAPTER XV
317,98,COMMENCEMENT OF PROCEEDINGS BEFORE MAGISTRATES,CHAPTER XVI
318,98,THE CHARGE,CHAPTER XVII
319,98,TRIAL BEFORE A COURT OF SESSION,CHAPTER XVIII
320,98,TRIAL OF WARRANT-CASES BY MAGISTRATES,CHAPTER XIX
321,98,POWER OF COURTS,CHAPTER III
322,98,TRIAL OF SUMMONS-CASES BY MAGISTRATES,CHAPTER XX
323,98,SUMMARY TRIALS,CHAPTER XXI
324,98,PLEA BARGAINING,CHAPTER XXIA
325,98,ATTENDANCE OF PERSONS CONFINED OR DETAINED IN PRISONS,CHAPTER XXII
326,98,EVIDENCE IN INQUIRIES AND TRIALS,CHAPTER XXIII
327,98,GENERAL PROVISIONS AS TO INQUIRIES AND TRIALS,CHAPTER XXIV
328,98,PROVISIONS AS TO ACCUSED PERSONS OF UNSOUND MIND,CHAPTER XXV
329,98,PROVISIONS AS TO OFFENCES AFFECTING THE ADMINISTRATION OF JUSTICE,CHAPTER XXVI
330,98,THE JUDGMENT,CHAPTER XXVII
331,98,SUBMISSION OF DEATH SENTENCES FOR CONFIRMATION,CHAPTER XXVIII
332,98,,CHAPTER IV
333,98,APPEALS,CHAPTER XXIX
334,98,REFERENCE AND REVISION,CHAPTER XXX
335,98,TRANSFER OF CRIMINAL CASES,CHAPTER XXXI
336,98,"EXECUTION, SUSPENSION, REMISSION AND COMMUTATION OF SENTENCES",CHAPTER XXXII
337,98,PROVISIONS AS TO BAIL AND BONDS,CHAPTER XXXIII
338,98,DISPOSAL OF PROPERTY,CHAPTER XXXIV
339,98,IRREGULAR PROCEEDINGS,CHAPTER XXXV
340,98,LIMITATION FOR TAKING COGNIZANCE OF CERTAIN OFFENCES,CHAPTER XXXVI
341,98,MISCELLANEOUS,CHAPTER XXXVII
342,98,ARREST OF PERSONS,CHAPTER V
343,98,PROCESSES TO COMPEL APPEARANCE,CHAPTER VI
344,98,PROCESSES TO COMPEL THE PRODUCTION OF THINGS,CHAPTER VII
345,98,RECIPROCAL ARRANGEMENTS FOR ASSISTANCE IN CERTAIN MATTERS AND PROCEDURE FOR ATTACHMENT AND FORFEITURE OF PROPERTY,CHAPTER VIIA
346,98,SECURITY FOR KEEPING THE PEACE AND FOR GOOD BEHAVIOUR,CHAPTER VIII
347,98,"ORDER FOR MAINTENANCE OF WIVES, CHILDREN AND PARENTS",CHAPTER IX
348,99,PRELIMINARY,CHAPTER I
349,99,THE TOBACCO BOARD,CHAPTER II
350,99,REGULATION OF PRODUCTION AND DISPOSAL OF VIRGINIA TOBACCO,CHAPTER III
351,99,"FINANCE, ACCOUNTS AND AUDIT",CHAPTER IV
352,99,CONTROL BY CENTRAL GOVERNMENT,CHAPTER V
353,99,MISCELLANEOUS,CHAPTER VI
354,100,PRELIMINARY,CHAPTER I
355,100,RAMPUR RAZA LIBRARY BOARD,CHAPTER II
356,100,"PROPERTY, LIABILITIES AND FUNCTIONS OF BOARD",CHAPTER III
357,100,"FINANCE, ACCOUNTS, AUDIT AND REPORTS",CHAPTER IV
358,100,MISCELLANEOUS,CHAPTER V
359,101,PRELIMINARY,CHAPTER I
360,101,INCIDENCE AND LEVY OF TAX,CHAPTER II
361,101,SALES TAX AUTHORITIES AND APPELLATE TRIBUNAL,CHAPTER III
362,101,"REGISTRATION, AMENDMENT AND CANCELLATION",CHAPTER IV
363,101,"RETURNS, ASSESSMENT, RECOVERY AND REFUND OF TAX",CHAPTER V
364,101,LIABILITY IN SPECIAL CASES,CHAPTER VI
365,101,LIABILITY TO PRODUCE ACCOUNTS AND SUPPLY OF INFORMATION,CHAPTER VII
366,101,"APPEALS, REFERENCE AND REVISION",CHAPTER VIII
367,101,OFFENCES AND PENALTIES,CHAPTER IX
368,101,MISCELLANEOUS,CHAPTER X
369,103,PRELIMINARY,CHAPTER I
370,103,TAKING OVER OF MANAGEMENT OF THE UNDERTAKING OF THE METAL CORPORATION,CHAPTER II
371,103,ACQUISITION OF THE UNDETAKING OF THE METAL CORPORATION,CHAPTER III
372,103,PAYMENT OF AMOUNTS,CHAPTER IV
373,103,"MANAGEMENT, ETC., OF THE UNDERTAKING OF THE METAL CORPORATION",CHAPTER V
374,103,PROVISIONS RELATING TO EMPLOYEES OF THE METAL CORPORATION,CHAPTER VI
375,103,MISCELLANEOUS,CHAPTER VII
376,104,PRELIMINARY,CHAPTER I
377,104,ABOLITION OF BONDED LABOUR SYSTEM,CHAPTER II
378,104,EXTINGUISHMENT OF LIABILITY TO REPAY BONDED DEBT,CHAPTER III
379,104,IMPLEMENTING AUTHORITIES,CHAPTER IV
380,104,VIGILANCE COMMITTEES,CHAPTER V
381,104,OFFENCES AND PROCEDURE FOR TRIAL,CHAPTER VI
382,104,MISCELLANEOUS,CHAPTER VII
383,105,PRELIMINARY,CHAPTER I
384,105,INCORPORATION AND CAPITAL OF REGIONAL RURAL BANKS,CHAPTER II
385,105,MANAGEMENT,CHAPTER III
386,105,BUSINESS OF A REGIONAL RURAL BANK,CHAPTER IV
387,105,ACCOUNTS AND AUDIT,CHAPTER V
388,105,AMALGAMATION OF REGIONAL RURAL BANKS,CHAPTER VA
389,105,MISCELLANEOUS,CHAPTER VI
390,105,(Repealed),CHAPTER VII
391,106,PRELIMINARY,CHAPTER I
392,106,"DISSOLUTION, TRANSFER AND VESTING OF UNDERTAKINGS OF CERTAIN COMPANIES",CHAPTER II
393,106,TRANSFER OF SHARES,CHAPTER III
394,106,PROVISIONS RELATING TO OFFICERS AND EMPLOYEES,CHAPTER IV
395,106,FINANCIAL PROVISIONS,CHAPTER V
396,106,MISCELLANEOUS,CHAPTER VI
397,107,PRELIMINARY,CHAPTER I
398,107,CONSTITUTION OF THE COAST GUARD AND CONDITIONS OF SERVICE OF THE MEMBERS OF THE COAST GUARD,CHAPTER II
399,107,JUDICIAL REVIEW OF PROCEEDINGS OF COAST GUARD COURTS,CHAPTER XI
400,107,"MODIFICATION OF FINDINGS AND SENTENCES, PARDONS, COMMUTATION AND REMISSION OF SENTENCES",CHAPTER XII
401,107,MISCELLANEOUS,CHAPTER XIII
402,107,DUTIES AND FUNCTIONS OF THE COAST GUARD,CHAPTER III
403,107,OFFENCES,CHAPTER IV
404,107,PUNISHMENTS,CHAPTER V
405,107,ARREST AND PROCEEDINGS BEFORE TRIAL,CHAPTER VI
406,107,COAST GUARD COURTS,CHAPTER VII
407,107,PROCEDURE OF COAST GUARD COURTS,CHAPTER VIII
408,107,EXECUTION AND SUSPENSION OF SENTENCES,CHAPTER IX
409,107,CHIEF LAW OFFICER AND LAW OFFICERS,CHAPTER X
410,108,PRELIMINARY,CHAPTER I
411,108,METRO RAILWAY ADMINISTRATION,CHAPTER II
412,108,ACQUISITION,CHAPTER III
413,108,CONSTRUCTION OF WORKS,CHAPTER IV
414,108,INSPECTION OF METRO RAILWAY,CHAPTER V
415,108,MISCELLANEOUS,CHAPTER VI
416,109,PRELIMINARY,CHAPTER I
417,109,"ORGANISATION, SUPERINTENDENCE AND CONTROL OF THE POLICE FORCE",CHAPTER II
418,109,MISCELLANEOUS,CHAPTER XI
419,109,"REGULATION, CONTROL AND DISCIPLINE OF THE DELHI POLICE",CHAPTER III
420,109,POLICE REGULATIONS,CHAPTER IV
421,109,SPECIAL MEASURES FOR MAINTENANCE OF PUBLIC ORDER AND SECURITY OF STATE,CHAPTER V
422,109,EXECUTIVE DUTIES AND POWERS OF POLICE OFFICERS,CHAPTER VI
423,109,POWERS IN RELATION TO UNCLAIMED PROPERTY,CHAPTER VII
424,109,"SPECIAL PROVISIONS RELATING TO EXERCISE OF POWERS UNDER THE CODE OF CRIMINAL PROCEDURE, 1973",CHAPTER VIII
425,109,"SPECIAL POWERS UNDER THE PREVENTION OF CRUELTY TO ANIMALS ACT, 1960",CHAPTER IX
426,109,OFFENCES AND PUNISHMENTS,CHAPTER X
427,110,PRELIMINARY,CHAPTER I
428,110,ACQUISITION AND TRANSFER OF MOKAMEH UNIT AND UNDERTAKINGS OF ARTHUR BUTLER AND COMPANY,CHAPTER II
429,110,PAYMENT OF AMOUNT,CHAPTER III
430,110,"MANAGEMENT, ETC., OF MOKAMEH UNIT AND THE UNDERTAKINGS OF ARTHUR BUTLER AND COMPANY",CHAPTER IV
431,110,PROVISIONS RELATING TO EMPLOYEES OF MOKAMEH UNIT AND OF ARTHUR BUTLER AND COMPANY,CHAPTER V
432,110,COMMISSIONER OF PAYMENTS,CHAPTER VI
433,110,MISCELLANEOUS,CHAPTERVII
434,112,PRELIMINARY,CHAPTER I
435,112,REGISTRATION OF ESTABLISHMENTS EMPLOYING INTER-STATE MIGRANT WORKMEN,CHAPTER II
436,112,LICENSING OF CONTRACTORS,CHAPTER III
437,112,DUTIES AND OBLIGATIONS OF CONTRACTORS,CHAPTER IV
438,112,"WAGES, WELFARE AND OTHER FACILITIES TO BE PROVIDED TO INTER-STATE MIGRANT WORKMEN",CHAPTER V
439,112,INSPECTING STAFF,CHAPTER VI
440,112,MISCELLANEOUS,CHAPTER VII
441,115,PRELIMINARY,CHAPTER I
442,115,ACQUISITION AND TRANSFER OF THE UNDERTAKINGS OF THE COMPANY,CHAPTER II
443,115,PAYMENT OF AMOUNTS,CHAPTER III
444,115,"MANAGEMENT, ETC., OF THE UNDERTAKINGS OF THE COMPANY",CHAPTER IV
445,115,PROVISIONS RELATING TO THE EMPLOYEES OF THE COMPANY,CHAPTER V
446,115,COMMISSIONER OF PAYMENTS,CHAPTER VI
447,115,MISCELLANEOUS,CHAPTER VII
448,116,PRELIMINARY,CHAPTER I
449,116,ESTABLISHMENT OF THE BOARD,CHAPTER II
450,116,FUNCTIONS AND POWERS OF THE BOARD,CHAPTER III
451,116,CONTROL BY CENTRAL GOVERNMENT,CHAPTER IV
452,116,"FINANCE, ACCOUNTS AND AUDIT",CHAPTER V
453,116,MISCELLANEOUS,CHAPTER VI
454,119,PRELIMINARY,CHAPTER I
455,119,INSTITUTE OF COMPANY SECRETARIES OF INDIA,CHAPTER II
456,119,COUNCIL OF THE INSTITUTE,CHAPTER III
457,119,REGISTER OF MEMBERS,CHAPTER IV
458,119,MISCONDUCT,CHAPTER V
459,119,REGIONAL COUNCILS,CHAPTER VI
460,119,PENALTIES,CHAPTER VII
461,119,QUALITY REVIEW BOARD,CHAPTER VIIA
462,119,DISSOLUTION OF THE INSTITUTE OF COMPANY SECRETARIES OF INDIA REGISTERED UNDER THE COMPANIES ACT,CHAPTER IX
463,119,MISCELLANEOUS,CHAPTER X
464,120,PRELIMINARY,CHAPTER I
465,120,ACQUISITION AND TRANSFER OF THE UNDERTAKINGS OF THE JUTE COMPANIES,CHAPTER II
466,120,PAYMENT OF AMOUNTS,CHAPTER III
467,120,"MANAGEMENT, ETC., OF THE UNDERTAKINGS OF THE JUTE COMPANIES",CHAPTER IV
468,120,PROVISIONS RELATING TO EMPLOYEES OF THE JUTE COMPANIES,CHAPTER V
469,120,COMMISSIONER OF PAYMENTS,CHAPTER VI
470,120,MISCELLANEOUS,CHAPTER VII
471,122,PRELIMINARY,CHAPTER I
472,122,ACQUISITION AND TRANSFER OF THE UNDERTAKINGS OF THE COMPANY AND OF SHARES HELD BY THE COMPANY IN THE SPECIFIED COMPANIES,CHAPTER II
473,122,PAYMENT OF AMOUNTS,CHAPTER III
474,122,"MANAGEMENT, ETC., OF THE UNDERTAKINGS OF THE COMPANY",CHAPTER IV
475,122,PROVISION RELATING TO EMPLOYEES OF THE COMPANY,CHAPTER V
476,122,COMMISSIONER OF PAYMENTS,CHAPTER VI
477,122,MISCELLANEOUS,CHAPTER VII
478,124,PRELIMINARY,CHAPTER I
479,124,ACQUISITION OF THE UNDERTAKINGS OF THE TWO COMPANIES,CHAPTER II
480,124,PAYMENT OF AMOUNTS,CHAPTER III
481,124,"MANAGEMENT, ETC., OF THE UNDERTAKINGS OF THE TWO COMPANIES",CHAPTET IV
482,124,PROVISIONS RELATING TO EMPLOYEES OF THE TWO COMPANIES,CHAPTER V
483,124,COMMISSIONER OF PAYMENTS,CHAPTET VI
484,124,MISCELLANEOUS,CHAPTER VII
485,125,PRELIMINARY,CHAPTER I
486,125,ESTABLISHMENT OF THE EXPORT-IMPORT BANK OF INDIA AND INCORPORATION THEREOF,CHAPTER II
487,125,MANGAEMENT OF THE EXIM BANK,CHAPTER III
488,125,BUSINESS OF THE EXIM BANK,CHAPTER IV
489,125,RESOURCES OF THE EXIM BANK,CHAPTER V
490,125,EXPORT DEVELOPMENT FUND,CHAPTER VI
491,125,"GENERAL FUND, ACCOUNTS AND AUDIT",CHAPTER VII
492,125,TRANSFER OF PART OF BUSINESS OF DEVELOPMENT BANK,CHAPTER VIII
493,125,MISCELLANEOUS,CHAPTER IX
494,126,PRELIMINARY,CHAPTER I
495,126,REGULATION OF FISHING BY FOREIGN VESSELS,CHAPTER II
496,126,POWERS OF SEARCH AND SEIZURE,CHAPTER III
497,126,OFFENCES AND PENALTIES,CHAPTER IV
498,126,MISCELLANEOUS,CHAPTER V
499,128,PRELIMINARY,CHAPTER I
500,128,THE JUTE MANUFACTURES DEVELOPMENT COUNCIL,CHAPTER II
501,128,"FINANCE, ACCOUNTS AND AUDIT",CHAPTER III
502,128,CONTROL BY CENTRAL GOVERNMENT,CHAPTER IV
503,128,MISCELLANEOUS,CHAPTER V
504,129,PRELIMINARY,CHAPTER I
505,129,EMIGRATION AUTHORITIES,CHAPTER II
506,129,REGISTRATION OF RECRUITING AGENTS,CHAPTER III
507,129,PERMITS FOR RECRUITMENT BY EMPLOYERS,CHAPTER IV
508,129,EMIGRATION CLEARANCE,CHAPTER V
509,129,APPEALS,CHAPTER VI
510,129,OFFENCES AND PENALTIES,CHAPTER VII
511,129,MISCELLANEOUS,CHAPTER VIII
512,131,PRELIMINARY,CHAPTER I
513,131,ACQUIAITON AND TRANSFER OF THE UNDERTAKINGS OF THE TWO COMPANIES,CHAPTER II
514,131,PAYMENT OF AMOUNTS,CHAPTER III
515,131,"MANAGEMENT, ETC., OF THE UNDERTAKINGS OF THE TWO COMPANIES",CHAPTER IV
516,131,PROVISIONS RELATING TO EMPLOYEES OF THE TWO COMPANIES,CHAPTER V
517,131,COMMISSIONER OF PAYMENTS,CHAPTER VI
518,131,MISCELLANEOUS,CHAPTER VII
519,132,PRELIMINARY,CHAPTER I
520,132,ACQUISITION AND TRANSFER OF THE UNDERTAKINGS OF THE COMPANY,CHAPTER II
521,132,PAYMENT OF AMOUNTS,CHAPTER III
522,132,"MANAGEMENT, ETC., OF THE UNDERTAKINGS OF THE COMPANY",CHAPTER IV
523,132,PROVISIONS RELATING TO THE EMPLOYEES OF THE COMPANY,CHAPTER V
524,132,COMMISSIONER OF PAYMENTS,CHAPTER VI
525,132,MISCELLANEOUS,CHAPTER VII
526,133,PRELIMINARY,CHAPTER I
527,133,THE NATIONAL CAPITAL REGION PLANNING BOARD,CHAPTER II
528,133,FUNCTIONS AND POWERS OF THE BOARD AND OF THE COMMITTEE,CHAPTER III
529,133,THE REGIONAL PLAN,CHAPTER IV
530,133,"FUNCTIONAL PLANS, SUB-REGIONAL PLANS AND PROJECT PLANS",CHAPTER V
531,133,"FINANCE, ACCOUNTS AND AUDIT",CHAPTER VI
532,133,MISCELLANEOUS,CHAPTER VII
533,137,PRELIMINARY,CHAPTER I
534,137,AUTHORITIES AND OFFICERS,CHAPTER II
535,137,NATIONAL FUND FOR CONTROL OF DRUG ABUSE,CHAPTER IIA
536,137,"PROHIBITION, CONTROL AND REGULATION",CHAPTER III
537,137,OFFENCES AND PENALTIES,CHAPTER IV
538,137,PROCEDURE,CHAPTER V
539,137,FORFEITURE OF ILLEGALLY ACQUIRED PROPERTY,CHAPTER VA
540,137,MISCELLANEOUS,CHAPTER VI
541,138,PRELIMINARY,CHAPTER I
542,138,AGRICULTURAL AND PROCESSED FOOD PRODUCTS EXPORT DEVELOPMENT AUTHORITY,CHAPTER II
543,138,REGISTRATION,CHAPTER III
544,138,"FINANCE, ACCOUNTS AND AUDIT",CHAPTER IV
545,138,CONTROL BY THE CENTRAL GOVERNMENT,CHAPTER V
546,138,MISCELLANEOUS,CHAPTER VI
547,139,PRELIMINARY,CHAPTER I
548,139,THE SPICES BOARD,CHAPTER II
549,139,REGISTRATION OF OWNERS OF CARDAMOM ESTATES,CHAPTER III
550,139,CERTIFICATE FOR EXPORT OF SPICES,CHAPTER IV
551,139,CONTROL BY THE CENTRAL GOVERNMENT,CHAPTER V
552,139,"FINANCE, ACCOUNTS AND AUDIT",CHAPTER VI
553,139,MISCELLANEOUS,CHAPTER VII
554,141,PRELIMINARY,CHAPTER I
555,141,ACQUISITION AND TRANSFER OF THE TEXTILE UNDERTAKINGS,CHAPTER II
556,141,PAYMENT OF AMOUNTS,CHAPTER III
557,141,"MANAGEMENT, ETC., OF THE TEXTILE UNDERTAKINGS",CHAPTER IV
558,141,PROVISIONS RELATING TO EMPLOYEES OF THE TEXTILE UNDERTAKINGS,CHAPTER V
559,141,COMMISSIONER OF PAYMENTS,CHAPTER VI
560,141,MISCELLANEOUS,CHAPTER VII
561,143,PRELIMINARY,CHAPTER I
562,143,CONSTITUTION OF THE SECURITY GUARD AND CONDITIONS OR SERVCE OF THE MEMBERS OF THE SECURITY GUARD,CHAPTER II
563,143,OFFENCES,CHAPTER III
564,143,PUNISHMENTS,CHAPTER IV
565,143,ARREST AND PROCEEDINGS BEFORE TRIAL,CHAPTER V
566,143,SECURITY GUARD COURTS,CHAPTER VI
567,143,PROCEDURE OF SECURITY GUARD COURTS,CHAPTER VII
568,143,CONFIRMATION AND REVISION,CHAPTER VIII
569,143,"EXECUTION OF SENTENCES, PARDONS, REMISSIONS, ETC.",CHAPTER IX
570,143,MISCELLANEOUS,CHAPTER X
571,144,PRELIMINARY,CHAPTER I
572,144,"OWNERSHIP, HERITABILITY AND TRASFERABILITY OF APARTMENTS",CHAPTER II
573,144,DEED OF APARTMENT AND ITS REGISTRATION,CHAPTER III
574,144,ASSOCIATION OF APARTMENT OWNERS AND BYE-LAWS FOR THE REGULATION OF THE AFFAIRS OF SUCH ASSOCIATION,CHAPTER IV
575,144,"COMMON PROFITS, COMMON EXPENSES AND OTHER MATTERS",CHAPTER V
576,144,MISCELLANEOUS,CHAPTER VI
577,147,PRELIMINARY,CHAPTER I
578,147,ESTABLISHMENT OF THE NATIONAL HOUSING BANK AND CAPITAL THEREOF,CHAPTER II
579,147,MANAGEMENT OF THE NATIONAL HOUSING BANK,CHAPTER III
580,147,BUSINESS OF THE NATIONAL HOUSING BANK,CHAPTER IV
581,147,PROVISIONS RELATING TO HOUSING FINANCE INSTITUTIONS,CHAPTER V
582,147,OTHERPROVISIONSRELATINGTO HOUSING FINANCE INSTITUTIONS,CHAPTER VA
583,147,"FUNDS, ACCOUNTS AND AUDIT",CHAPTER VI
584,147,MISCELLANEOUS,CHAPTER VII
585,149,PRELIMINARY,CHAPTER I
586,149,THE NATIONAL DAIRY DEVELOPMENT BOARD,CHAPTER II
587,149,MANAGEMENT OF THE NATIONAL DAIRY DEVELOPMENT BOARD,CHAPTER III
588,149,POWERS AND FUNCTIONS OF THE NATIONAL DAIRY DEVELOPMENT BOARD,CHAPTER IV
589,149,PROVISIONS RELATING TO DIRECTORS AND EMPLOYEES OF THE NATIONAL DAIRY DEVELOPMENT BOARD,CHAPTER V
590,149,"FINANCE, ACCOUNTS AND AUDIT",CHAPTER VI
591,149,MISCELLANEOUS,CHAPTER VII
592,150,PRELIMINARY,CHAPTER I
593,150,THE NATIONAL LEGAL SERVICES AUTHORITY,CHAPTER II
594,150,STATE LEGAL SERVICES AUTHORITY,CHAPTER III
595,150,ENTITLEMENT TO LEGAL SERVICES,CHAPTER IV
596,150,"FINANCE, ACCOUNTS AND AUDIT",CHAPTER V
597,150,LOKADALATS,CHAPTER VI
598,150,PRE-LITIGATION CONCILIATION AND SETTLEMENT,CHAPTER VIA
599,150,MISCELLANEIOUS,CHAPTER VII
600,151,PRELIMINARY,CHAPTER
601,151,ESTABLISHMENT OF THE COUNCIL,CHAPTER II
602,151,POWERS AND FUNCTIONS OF THE COUNCIL,CHAPTER III
603,151,BODIES OF THE COUNCIL,CHAPTER IV
604,151,"FINANCE, ACCOUNTS AND AUDIT",CHAPTER V
605,151,MISCELLANEOUS,CHAPTER VI
606,153,PRELIMINARY,CHAPTER I
607,153,ACQUISITION AND TRANSFER OF UNDERTAKINGS OF AUROVILLE,CHAPTER II
608,153,THE AUROVILLE FOUNDATION,CHAPTER III
609,153,MISCELLANEOUS,CHAPTER IV
610,155,PRELIMINARY,CHAPTER I
611,155,THE NATIONAL HIGHWAYS AUTHORITY OF INDIA,CHAPTER II
612,155,PROPERTY AND CONTRACTS,CHAPTER III
613,155,FUNCTIONS OF THE AUTHORITY,CHAPTER IV
614,155,"FINANCE, ACCOUNTS AND AUDIT",CHAPTER V
615,155,MISCELLANEOUS,CHAPTER VI
616,156,PRELIMINARY,CHAPTER I
617,156,PROHIBITION OF BENAMI TRANSACTIONS,CHAPTER II
618,156,AUTHORITIES,CHAPTER III
619,156,"ATTACHMENT, ADJUDICATION AND CONFISCATION",CHAPTER IV
620,156,APPELLATE TRIBUNAL,CHAPTER V
621,156,SPECIAL COURTS,CHAPTER VI
622,156,OFFENCES AND PROSECUTION,CHAPTER VII
623,156,MISCELLANEOUS,CHAPTER VIII
624,157,PRELIMINARY,CHAPTER I
625,157,LICENSING OF DRIVERS OF MOTOR VEHICLES,CHAPTER II
626,157,INSURANCE OF MOTOR VEHICLES AGAINST THIRD PARTY RISKS,CHAPTER XI
627,157,CLAIMS TRIBUNALS,CHAPTER XII
628,157,"OFFENCES, PENALTIES AND PROCEDURE",CHAPTER XIII
629,157,MISCELLANEOUS,CHAPTER XIV
630,157,LICENSING OF CONDUCTORS OF STAGE CARRIAGES,CHAPTER III
631,157,REGISTRATION OF MOTOR VEHICLES,CHAPTER IV
632,157,CONTROL OF TRANSPORT VEHICLES,CHAPTER V
633,157,SPECIAL PROVISIONS RELATING TO STATE TRANSPORT UNDERTAKINGS,CHAPTER VI
634,157,"CONSTRUCTION, EQUIPMENT AND MAINTENANCE OF MOTOR VEHICLES",CHAPTER VII
635,157,CONTROL OF TRAFFIC,CHAPTER VIII
636,157,MOTOR VEHICLES TEMPORARILY LEAVING OR VISITING INDIA,CHAPTER IX
637,157,[LIABILITY WITHOUT FAULT IN CERTAINCASES] [Omitted.].,CHAPTER IX
638,158,PRELIMINARY,CHAPTER I
639,160,PRELIMINARY,CHAPTER I
640,160,ESTABLISHMENT OF THE SMALL INDUSTRIES DEVELOPMENT BANK OF INDIA AND CAPITAL THEREOF,CHAPTER II
641,160,BUSINESS OF THE SMALL INDUSTRIES BANK,CHAPTER IV
642,160,SHARES,CHAPTER IVA
643,160,MEETINGS AND PROCEEDINGS,CHAPTER IVB
644,160,SMALL INDUTRIES DEVELOPMENT ASSISTANCE FUND,CHAPTER V
645,160,"SMALL INDUSTRIES GENERAL, FUND, ACCOUNTS AND AUDIT",CHAPTER VI
646,160,TRANSFER OF PART OF BUSINESS OF DEVELOPMENT BANK,CHAPTER VII
647,160,MISCELLANEOUS,CHAPTER VIII
648,161,PRELIMINARY,CHAPTER I
649,161,THE NATIONAL COMMISSION FOR WOMEN,CHAPTER II
650,161,FUNCTIONS OF THE COMMISSION,CHAPTER III
651,161,"FINANCE, ACCOUNTS AND AUDIT",CHAPTER IV
652,161,MISCELLANEOUS,CHAPTER V
653,163,PRELIMINARY,CHAPTER I
654,163,THE NATIONAL COMMISSIONFOR MINORITIES,CHAPTER II
655,163,FUNCTIONS OF THE COMMISSION,CHAPTER III
656,163,"FINANCE, ACCOUNTS AND AUDIT",CHAPTER IV
657,163,MISCELLANEOUS,CHAPTER V
658,164,PRELIMINARY,CHAPTER I
659,164,THE REHABILITATION COUNCIL OF INDIA,CHAPTER II
660,164,FUNCTIONS OF THE COUNCIL,CHAPTER III
661,168,PRELIMINAR,CHAPTER I
662,168,"PROHIBITION OF EMPLOYMENT OF MANUAL SCAVENGERS, ETC.",CHAPTER II
663,168,IMPLEMENTING AUTHORITIES AND SCHEMES,CHAPTER III
664,168,PENALTIES AND PROCEDURE,CHAPTER IV
665,168,MISCELLANEOUS,CHAPTER V
666,169,PRELIMINARY,CHAPTER I
667,169,THE NATIONAL COMMISSION FOR SAFAI KARAMCHARIS,CHAPTER II
668,169,FUNCTION SAND POWERS OF THE COMMISSION,CHAPTER III
669,169,MISCELLANEOUS,CHAPTER IV
670,170,PRELIMINARY,CHAPTER I
671,170,ESTABLISHMENT OF THE COUNCIL,CHAPTER II
672,170,FUNCTIONS OF THE COUNCIL,CHAPTER III
673,170,RECOGNITION OF TEACHER EDUCATION INSTITUTIONS,CHAPTER IV
674,170,BODIES OF THE COUNCIL,CHAPTER V
675,170,"FINANCE, ACCOUNTS AND AUDIT",CHAPTER VI
676,170,MISCELLANEOUS,CHAPTER VII
677,171,PRELIMINARY,CHAPTER I
678,171,ACQUISITION AND TRANSFER OF THE ASSETS AND PROPERTIES OF KALAKSHETRA,CHAPTER II
679,171,KALAKSHETRA FOUNDATION,CHAPTER III
680,171,"FINANCE, ACCOUNTS AND AUDIT",CHAPTER IV
681,171,MISCELLANEOUS,CHAPTER V
682,172,PRELIMINARY,CHAPTER I
683,172,GRAM SABHA,CHAPTER II
684,172,GRAM PANCHAYATS,CHAPTER III
685,172,ZILLA PARISHAD,CHAPTER IV
686,172,MISCELLANEOUS,CHAPTER V
687,173,PRELIMINARY,CHAPTER I
688,173,AUTHORITY FOR THE REMOVAL OF HUMAN ORGANS OR TISSUES OR BOTH,CHAPTER II
689,173,REGULATION OF HOSPITALS,CHAPTER III
690,173,APPROPRIATE AUTHORITY,CHAPTER IV
691,173,REGISTRATION OF HOSPITALS,CHAPTER V
692,173,OFFENCES AND PENALTIES,CHAPTER VI
693,173,MISCELLANEOUS,CHAPTER VII
694,174,PRELIMINARY,CHAPTER I
695,174,CONSTITUTION OF MUNICIPALITIES,CHAPTER II
696,174,OTHER POWERS AND PENALTIES,CHAPTER XI
697,174,PROCEDURE,CHAPTER XII
698,174,CONTROL,CHAPTER XIII
699,174,RULES AND BYE-LAWS,CHAPTER XIV
700,174,MISCELLANEOUS,CHAPTER XV
701,174,NAGAR PANCHAYAT,CHAPTER III
702,174,MUNICIPAL COUNCIL,CHAPTER IV
703,174,ESTABLISHMENT,CHAPTER V
704,174,CONDUCT OF BUSINESS,CHAPTER VI
705,174,"MUNICIPAL PROPERTY, FINANCE AND CONTRACTS",CHAPTER VII
706,174,MUNICIPAL TAXATION,CHAPTER VIII
707,174,RECOVERY OF MUNICIPAL CLAIMS,CHAPTER IX
708,174,MUNICIPAL POWER AND OFFENCES,CHAPTER X
709,175,PRELIMINARY,CHAPTER I
710,175,THE COUNCIL,CHAPTER II
711,175,"WATER SUPPLY, DRAINAGE AND SEWAGE COLLECTION",CHAPTER XI
712,175,ELECTRICITY SUPPLY,CHAPTER XII
713,175,STREETS,CHAPTER XIII
714,175,BUILDING REGULATIONS,CHAPTER XIV
715,175,SANITATION AND PUBLIC HEALTH,CHAPTER XV
716,175,VITAL STATISTICS,CHAPTER XVI
717,175,PUBLIC SAFETY AND SUPPRESSION OF NUISANCES,CHAPTER XVII
718,175,"MARKETS, TRADES AND OCCUPATIONS",CHAPTER XVIII
719,175,IMPROVEMENT,CHAPTER XIX
720,175,"POWERS, PROCEDURE, OFFENCES AND PENALTIES",CHAPTER XX
721,175,FUNCTIONS OF THE COUNCIL,CHAPTER III
722,175,"RULES, REGULATIONS AND BYE-LAWS",CHAPTER XXI
723,175,CONTROL,CHAPTER XXII
724,175,MISCELLANEOUS,CHAPTER XXIII
725,175,THE CHAIRPERSON,CHAPTER IV
726,175,PROCEDURE,CHAPTER V
727,175,MUNICIPAL OFFICERS AND OTHER MUNICIPAL EMPLOYEES,CHAPTER VI
728,175,REVENUE AND EXPENDITURE,CHAPTER VII
729,175,TAXATION,CHAPTER VIII
730,175,BORROWING,CHAPTER IX
731,175,PROPERTY AND CONTRACTS,CHAPTER X
732,176,PRELIMINARY,CHAPTER I
733,176,"REGULATION OF GENETIC COUNSELLING CENTRES, GENETIC LABORATORIES AND GENETIC CLINICS",CHAPTER II
734,176,REGULATION OF PRE-NATAL DIAGNOSTIC TECHNIQUES,CHAPTER III
735,176,CENTRAL SUPERVISORY BOARD,CHAPTER IV
736,176,APPROPRIATE AUTHORITY AND ADVISORY COMMITTEE,CHAPTER V
737,176,"REGISTRATION OF GENETIC COUNSELLING CENTRES, GENETIC LABORATORIES AND GENETIC CLINICS",CHAPTER VI
738,176,OFFENCES AND PENALTIES,CHAPTER VII
739,176,MISCELLANEOUS,CHAPTER VIII
740,178,PRELIMINARY,CHAPTER I
741,178,SURVEY OF AUQAF,CHAPTER II
742,178,CENTRAL WAQF COUNCIL,CHAPTER III
743,178,ESTABLISHMENT OF BOARDS AND THEIR FUNCTIONS,CHAPTER IV
744,178,REGISTRATION OF AUQAF,CHAPTER V
745,178,MAINTENANCE OF ACCOUNTS OF AUQAF,CHAPTER VI
746,178,FINANCE OF THE BOARD,CHAPTER VII
747,178,JUDICIAL PROCEEDINGS,CHAPTER VIII
748,178,MISCELLANEOUS,CHAPTER IX
749,181,PRELIMINARY,CHAPTER I
750,181,THE INSTITUTE,CHAPTER II
751,181,MISCELLANEOUS,CHAPTER III
752,182,PRELIMINARY,CHAPTER I
753,182,"THE NATIONAL TRUST FOR WELFARE OF PERSONS WITH AUTISM, CEREBRAL PALSY, MENTAL RETARDATION AND MULTIPLE DISABILITY",CHAPTERII
754,182,OBJECTS OF THETRUST,CHAPTER III
755,182,POWERS AND DUTIES OF THE BOARD,CHAPTER IV
756,182,PROCEDURE FOR REGISTRATION,CHAPTER V
757,182,LOCAL LEVEL COMMITTEES,CHAPTER VI
758,182,ACCOUNTABILITY AND MONITORING,CHAPTER VII
759,182,"FINANCE, ACCOUNTS AND AUDIT",CHAPTER VIII
760,182,MISCELLANEOUS,CHAPTER IX
761,184,PRELIMINARY,CHAPTER I
762,184,REGISTRATION OF DESIGNS,CHAPTER II
763,184,REPEAL AND SAVINGS,CHAPTER XI
764,184,COPYRIGHT IN REGISTERED DESIGNS,CHAPTER III
765,184,INDUSTRIAL AND INTERNATIONAL EXHIBITIONS,CHAPTER IV
766,184,LEGAL PROCEEDINGS,CHAPTER V
767,184,GENERAL,CHAPTER VI
768,184,POWERS AND DUTIES OF CONTROLLER,CHAPTER VII
769,184,"EVIDENCE, ETC.",CHAPTER VIII
770,184,AGENCY,CHAPTER IX
771,184,"POWERS, ETC., OF CENTRAL GOVERNMENT",CHAPTER X
772,187,PRELIMINARY,CHAPTER I
773,187,THE REGISTER AND CONDITIONS OF REGISTRATION,CHAPTER II
774,187,PROCEDURE FOR AND DURATION OF REGISTRATION,CHAPTER III
775,187,EFFECT OF REGISTRATION,CHAPTER IV
776,187,ASSIGNMENT AND TRANSMISSION,CHAPTER V
777,187,USE OF LAYOUT-DESIGN AND REGISTERED USERS,CHAPTER VI
778,187,RECTIFICATION AND CORRECTION OF THE REGISTER,CHAPTER VII
779,187,APPELLATE BOARD,CHAPTER VIII
780,187,"OFFENCES, PENALTIES AND PROCEDURE",CHAPTER IX
781,187,MISCELLANEOUS,CHAPTER X
782,189,PRELIMINARY,CHAPTER I
783,189,CONSTITUTION OF ADVOCATES’ WELFARE FUND,CHAPTER II
784,189,ESTABLISHMENT OF TRUSTEE COMMITTEE,CHAPTER III
785,189,RECOGNITION OF ANY ASSOCIATION OF ADVOCATES,CHAPTER IV
786,189,MEMBERSHIP AND PAYMENT OUT OF ADVOCATES’ WELFARE FUND,CHAPTER V
787,189,"PRINTING, DISTRIBUTION AND CANCELLATION OF STAMPS",CHAPTER VI
788,189,MISCELLANEOUS,CHAPTER VII
789,190,PRELIMINARY,CHAPTER I
790,190,BUREAU OF ENERGY EFFICIENCY,CHAPTER II
791,190,"TRANSFER OF ASSETS, LIABILITIES, ETC., OF ENERGY MANAGEMENT CENTRE TO BUREAU",CHAPTER III
792,190,POWERS AND FUNCTIONS OF BUREAU,CHAPTER IV
793,190,POWER OF CENTRAL GOVERNMENT TO FACILITATE AND ENFORCE EFFICIENT USE OF ENERGY AND ITS CONSERVATION,CHAPTER V
794,190,POWER OF STATE GOVERNMENT TO FACILITATE AND ENFORCE EFFICIENT USE OF ENERGY AND ITS CONSERVATION,CHAPTER VI
795,190,"FINANCE, ACCOUNTS AND AUDIT OF BUREAU",CHAPTER VII
796,190,PENALTIES AND ADJUDICATION,CHAPTER VIII
797,190,APPELLATE TRIBUNAL FOR ENERGY CONSERVATION,CHAPTER IX
798,190,MISCELLANEOUS,CHAPTER X
799,191,PRELIMINARY,CHAPTER I
800,191,PROTECTION OF PLANT VARIETIES AND FARMERS’ RIGHTS AUTHORITY AND REGISTRY,CHAPTER II
801,191,MISCELLANEOUS,CHAPTER XI
802,191,REGISTRATION OF PLANT VARIETIES AND ESSENTIALLY DERIVED VARIETY,CHAPTER III
803,191,DURATION AND EFFECT OF REGISTRATION AND BENEFIT SHARING,CHAPTER IV
804,191,SURRENDER AND REVOCATION OF CERTIFICATE AND RECTIFICATION AND CORRECTION OF REGISTER,CHAPTER V
805,191,FARMERS’ RIGHTS,CHATER VI
806,191,COMPULSORY LICENCE,CHAPTER VII
807,191,PLANT VARIETIES PROTECTION APPELLANTE TRIBUNAL,CHAPTER VIII
808,191,"FINANCE, ACCOUNTS AND AUDIT",CHAPTER IX
809,191,"INFRINGEMENT, OFFENCES, PENALTIES AND PRODURE",CHAPTER X
810,193,PRELIMINARY,CHAPTER I
811,193,HAJ COMMITTEE OF INDIA,CHAPTER II
812,193,STATE HAJ COMMITTEES,CHAPTER III
813,193,"FINANCE, ACCOUNTS AND AUDIT",CHAPTER IV
814,193,MISCELLANEOUS,CHAPTER V
815,194,PRELIMINARY,CHAPTER I
816,194,CENTRAL REGISTRAR AND REGISTRATION OF MULTI-STATE CO-OPERATIVE SOCIETIES,CHAPTER II
817,194,"EXECUTION OF DECREES, ORDERS AND DECISIONS",CHAPTER XI
818,194,APPEALS AND REVIEW,CHAPTER XII
819,194,SOCIETIES WHICH BECOME MULTI-STATE CO-OPERATIVE SOCIETIES CONSEQUENT ON REORGANISATION OF STATES,CHAPTER XIII
820,194,OFFENCES AND PENALTIES,CHAPTER XIV
821,194,MISCELLANEOUS,CHAPTER XV
822,194,REGISTRATION AND FUNCTIONS OF FEDERAL CO-OPERATIVES,CHAPTER III
823,194,"MEMBERS OF MULTI-STATE CO-OPERATIVE SOCIETIES AND THEIR DUTIES, RIGHTS AND LIABILITIES",CHAPTER IV
824,194,DIRECTION AND MANAGEMENT OF MULTI-STATE CO-OPERATIVE SOCIETIES,CHAPTER V
825,194,PRIVILEGES OF MULTI-STATE CO-OPERATIVE SOCIETIES,CHAPTER VI
826,194,PROPERTIES AND FUNDS OF MULTI-STATE CO-OPERATIVE SOCIETIES,CHAPTER VII
827,194,"AUDIT, ENQUIRY, INSPECTION AND SURCHARGE",CHAPTER VIII
828,194,SETTLEMENT OF DISPUTES,CHAPTER IX
829,194,WINDING UP OF MULTI-STATE CO-OPERATIVE SOCIETY,CHAPTER X
830,195,PRELIMINARY,CHAPTER I
831,195,TRANSFER AND VESTING OF THE UNDERTAKING OF TRUST IN THE SPECIFIED COMPANYAND TRANSFER AND VESTING OF THE SPECIFIED UNDERTAKING OF TRUST IN THE ADMINISTRATOR,CHAPTER II
832,195,APPOINTMENT OF ADMINISTRATOR TO MANAGE THE SPECIFIED UNDERTAKING OF THE TRUST,CHAPTER III
833,195,POWERS AND FUNCTIONS OF ADMINISTRATOR,CHAPTER IV
834,195,MISCELLANEOUS,CHAPTER V
835,196,PRELIMINARY,CHAPTER I
836,196,GENERAL PROVISIONS FOR ACQUISITION OF OPERATING RIGHTS IN THE OFFSHORE AREAS,CHAPTER II
837,196,"POWER OF ENTRY, INSPECTION, SEARCH AND SEIZURE",CHAPTER III
838,196,OFFENCES,CHAPTER IV
839,196,CIVIL LIABILITY AND ADJUDICATION,CHAPTER V
840,196,MISCELLANEOUS,CHAPTER VI
841,197,PRELIMINARY,CHAPTER I
842,197,REGULATION OF ACCESS TO BIOLOGICAL DIVERSITY,CHAPTER II
843,197,LOCAL BIODIVERSITY FUND,CHAPTER XI
844,197,MISCELLANEOUS,CHAPTER XII
845,197,NATIONAL BIODIVERSITY AUTHORITY,CHAPTER III
846,197,FUNCTIONS AND POWERS OF THE NATIONAL BIODIVERSITY AUTHORITY,CHAPTER IV
847,197,APPROVAL BY THE NATIONAL BIODIVERSITY AUTHORITY,CHAPTER V
848,197,STATE BIODIVERSITY BOARD,CHAPTER VI
849,197,"FINANCE, ACCONTS AND AUDIT OF NATIONAL BIODIVERSITY AUTHORITY",CHAPTER VII
850,197,"FINANCE, ACCOUNTS AND AUDIT OF STATE BIODIVERSITY BOARD",CHAPTER VIII
851,197,DUTIES OF THE CENTRAL AND THE STATE GOVERNMENTS,CHAPTER IX
852,197,BIODIVERSITY MANAGEMENT COMMITTEES,CHAPTER X
853,198,PRELIMINARY,CHAPTER I
854,198,THE CENTRAL VIGILANCE COMMISSION,CHAPTER II
855,198,FUNCTIONS AND POWERS OF THE CENTRAL VIGILANCE COMMISSION,CHAPTER III
856,198,EXPENSES AND ANNUAL REPORT,CHAPTER IV
857,198,MISCELLANEOUS,CHAPTER V
858,199,PRELIMINARY,CHAPTER I
859,199,THE NATIONAL COMMISSION FOR MINORITY EDUCATIONAL INSTITUTIONS,CHAPTER II
860,199,RIGHTS OF A MINORITY EDUCATIONAL INSTITUTION,CHAPTER III
861,199,FUNCTIONS AND POWERS OF COMMISSION,CHAPTER IV
862,199,"FINANCE, ACCOUNTS AND AUDIT",CHAPTER V
863,199,MISCELLANEOUS,CHAPTER VI
864,201,PRELIMINARY,CHAPTER I
865,201,RIGHT TO INFORMATION AND OBLIGATIONS OF PUBLIC AUTHORITIES,CHAPTER II
866,201,THE CENTRAL INFORMATION COMMISSION,CHAPTER III
867,201,THE STATE INFORMATION COMMISSION,CHAPTER IV
868,201,"POWERS AND FUNCTIONS OF THE INFORMATION COMMISSIONS, APPEAL AND PENALTIES",CHAPTER V
869,201,MISCELLANEOUS,CHAPTER VI
870,202,PRELIMINARY,CHAPTER I
871,202,GENERAL POWERS OF CENTRAL GOVERNMENT,CHAPTER II
872,202,THE COASTAL AQUACULTURE AUTHORITY,CHAPTER III
873,202,POWERS AND FUNCTIONS OF AUTHORITY,CHAPTER IV
874,202,"FINANACE, ACCOUNTS AND AUDIT",CHAPTER V
875,202,MISCELLANEOUS,CHAPTER VI
876,205,PRELIMINARY,CHAPTER I
877,205,REGISTRATION OF CREDIT INFORMATION COMPANIES,CHAPTER II
878,205,MANAGEMENT OF CREDIT INFORMATION COMPANIES,CHAPTER III
879,205,AUDITORS,CHAPTER IV
880,205,FUNCTIONS OF CREDIT INFORMATION COMPANIES,CHAPTER V
881,205,INFORMATION PRIVACY PRINCIPLES AND FURNISHING OF CREDIT INFORMATION,CHAPTER VI
882,205,OFFENCES AND PENALTIES,CHAPTER VII
883,205,MISCELLANEOUS,CHAPTER VIII
884,206,PRELIMINARY,CHAPTER I
885,206,DOMESTIC VIOLENCE,CHAPTER II
886,206,"POWERS AND DUTIES OF PROTECTION OFFICERS, SERVICE PROVIDERS, ETC.",CHAPTER III
887,206,PROCEDURE FOR OBTAINING ORDERS OF RELIEFS,CHAPTER IV
888,206,MISCELLANEOUS,CHAPTER V
889,207,PRELIMINARY,CHAPTER I
890,207,THE NATIONAL DISASTER MANAGEMENT AUTHORITY,CHAPTER II
891,207,MISCELLANEOUS,CHAPTER XI
892,207,STATE DISASTER MANAGEMENT AUTHORITY,CHAPTER III
893,207,DISTRICT DISASTER MANAGEMENT AUTHORITY,CHAPTER IV
894,207,MEASURES BY THE GOVERNMENT FOR DISASTER MANAGEMENT,CHAPTER V
895,207,LOCAL AUTHORITIES,CHAPTER VI
896,207,NATIONAL INSTITUTEOF DISASTER MANAGEMENT,CHAPTER VII
897,207,NATIONAL DISASTER RESPONSE FORCE,CHAPTER VIII
898,207,"FINANCE, ACCOUNTS AND AUDIT",CHAPTER IX
899,207,OFFENCES AND PENALTIES,CHAPTER X
900,209,PRELIMINARY,CHAPTER I
901,209,THE NATIONAL COMMISSIONFOR PROTECTONOF CHILD RIGHTS,CHAPTER II
902,209,FUNCTIONSAND POWERS OF THE COMMISSION,CHAPTER III
903,209,STATE COMMISSIONFOR PROTECTION OF CHILD RIGHTS,CHAPTER IV
904,209,CHILDRENS’S COURTS,CHAPTER V
905,209,"FINANCE, ACCOUNTSAND AUDIT",CHAPTER VI
906,209,MISCELLANEOUS,CHAPTER VII
907,210,PRELIMINARY,CHAPTER I
908,210,PETROLEUM AND NATURAL GAS REGULATORY BOARD,CHAPTER II
909,210,FUNCTIONS AND POWERS OF THE BOARD,CHAPTER III
910,210,REGISTRATION AND AUTHORISATION,CHAPTER IV
911,210,SETTLEMENT OF DISPUTES,CHAPTER V
912,210,APEALS TO APPELLATE TRIBUNAL,CHAPTER VI
913,210,"FINANCE, ACCOUNTS AND AUDIT",CHAPTER VII
914,210,POWER OF CENTRAL GOVERNMENT,CHAPTER VIII
915,210,OFFENCES AND PUNISHMENT,CHAPTER IX
916,210,MISCELLANEOUS,CHAPTER X
917,211,PRELIMINARY,CHAPTER I
918,211,THE INSTITUTE,CHAPTER II
919,211,MISCELLANEOUS,CHAPTER III
920,212,PRELIMINARY,CHAPTER I
921,212,INSTITUTE OF ACTUARIES OF INDIA,CHAPTER II
922,212,REGISTER OF MEMBERS,CHAPTER III
923,212,MISCONDUCT,CHAPTER IV
924,212,APPEALS,CHAPTER V
925,212,PENALTIES,CHAPTER VI
926,212,QUALITY REVIEW BOARD,CHAPTER VII
927,212,DISSOLUTION OF THE ACTUARIAL SOCIETY OF INDIA REGISTERED UNDER THE SOCIETIES REGISTRATION ACT,CHAPTER VIII
928,212,MISCELLANEOUS,CHAPTER IX
929,213,PRELIMINARY,CHAPTER I
930,213,DEFINITION AND DELIMITAITON OF CONTONMENT,CHAPTER II
931,213,"MARKET, SLAUGHTER-HOUSES, TRADES AND OCCUPATIONS",CHAPTER XI
932,213,SPIRITUOUS LIQUORS AND INTROXICATING DRUGS,CHAPTER XII
933,213,PUBLIC SAFETY AND SUPRESSION OF NUISANCES,CHAPTER XII
934,213,REMOVAL AND EXCLUSION FROM CANTONMNETS AND SUPPRESSION OF SEXUAL IMMORALITY,CHAPTER XIV
935,213,"POWERS, PROCEDURES, PENALTIES AND APPEALS",CHAPTER XV
936,213,RULES AND BYE-LAWS,CHAPTER XVI
937,213,SUPPLEMENTAL PROVISIONS,CHAPTER XVII
938,213,CANTONMENT BOARDS,CHAPTER III
939,213,DUTIES AND DISCRETIONARY FUNCTIONS OF BOARDS,CHAPTER IV
940,213,TAXES AND FEES,CHAPTER V
941,213,CANTONMENT FUND AND PROPERTY,CHAPTER VI
942,213,CONTRACTS,CHAPTER VII
943,213,SANITATION AND THE PREVENTION AND TREATMENT OF DISEASE,CHAPTER VIII
944,213,"WATER-SUPPLY, DRAINAGE AND SEWAGE COLLECTION",CHAPTER IX
945,213,"TOWN PLANNING AND CONTROL OVER BUILDING, ETC.",CHAPTER X
946,214,PRELIMINARY,CHAPTER I
947,214,CONSTITUTION OF THE FORCE AND CONDITIONS OF SERVICE OF THE MEMBERS OF THE FORCE,CHAPTER II
948,214,"EXECUTION OF SENTENCE, PARDON, REMISSION, ETC.",CHAPTER XI
949,214,MISCELLANEOUS,CHAPTER XII
950,214,SERVICE PRIVILEGES,CHAPTER III
951,214,OFFENCES,CHAPTER IV
952,214,PUNISHMENTS,CHAPTER V
953,214,PENAL DEDUCTIONS,CHAPTER VI
954,214,ARREST AND PROCEEDINGS BEFORE TRIAL,CHAPTER VII
955,214,ASSAM RIFLES COURTS,CHAPTER VIII
956,214,PROCEDURE OF ASSAM RIFLES COURTS,CHAPTER IX
957,214,CONFIRMATION AND REVISION,CHAPTER X
958,215,PRELIMINARY,CHAPTER 1
959,215,FOREST RIGHTS,CHAPTER II
960,215,"RECOGNITION, RESTORATION AND VESTING OF FOREST RIGHTS AND RELATED MATTERS",CHAPTER III
961,215,AUTHORITIES AND PROCEDURE FOR VESTING OF FOREST RIGHTS,CHAPTER IV
962,215,OFFENCES AND PENALTIES,CHAPTER V
963,215,MISCELLANEOUS,CHAPTER VI
964,220,PRELIMINARY,CHAPTER I
965,220,THE INSTITUTE,CHAPTER II
966,220,MISCELLANEOUS,CHAPTER III
967,221,PRELIMINARY,CHAPTER I
968,221,MAINTENANCE OF PARENTS AND SENIOR CITIZENS,CHAPTER II
969,221,ESTABLISHMENT OF OLDAGE HOMES,CHAPTER III
970,221,PROVISIONS FOR MEDICAL CARE OF SENIOR CITIZEN,CHAPTER IV
971,221,PROTECTION OF LIFE AND PROPERTY OF SENIOR CITIZEN,CHAPTER V
972,221,OFFENCES AND PROCEDURE FOR TRIAL,CHAPTER VI
973,221,MISCELLANEOUS,CHAPTER VII
974,224,PRELIMINARY,CHAPTER I
975,224,GRAM NYAYALAYA,CHAPTER II
976,224,"JURISDICTION, POWERS AND AUTHORITY OF GRAM NYAYALAYA",CHAPTER III
977,224,PROCEDURE IN CRIMINAL CASES,CHAPTER IV
978,224,PROCEDURE IN CIVIL CASES,CHAPTER V
979,224,PROCEDURE GENERALLY,CHAPTER VI
980,224,APPEALS,CHAPTER VII
981,224,MISCELLANEOUS,CHAPTER VIII
982,226,PRELIMINARY,CHAPTER I
983,226,THE NATIONAL JUTE BOARD,CHAPTER II
984,226,FUNCTIONS OF THE BOARD,CHAPTER III
985,226,PROPERTY AND CONTRACT,CHAPTER IV
986,226,POWERS OF THE CENTRAL GOVERNMENT,CHAPTER V
987,226,"FINANCE, ACCOUNTS AND AUDIT",CHAPTER VI
988,226,MISCELLANEOUS,CHAPTER VII
989,227,PRELIMINARY,CHAPTER I
990,227,RIGHT TO FREE AND COMPULSORY EDUCATION,CHAPTER II
991,227,"DUTIES OF APPROPRIATE GOVERNMENT, LOCAL AUTHORITY AND PARENTS",CHAPTER III
992,227,RESPONSIBILITIES OF SCHOOLS AND TEACHERS,CHAPTER IV
993,227,CURRICULUM AND COMPLETION OF ELEMENTARY EDUCATION,CHAPTER V
994,227,PROTECTION OF RIGHT OF CHILDREN,CHAPTER VI
995,227,MISCELLANEOUS,CHAPTER VII
996,228,PRELIMINARY,CHAPTER I
997,228,STANDARD WEIGHTS AND MEASURES,CHAPTER II
998,228,"APPOINTMENT AND POWERS OF DIRECTOR, CONTROLLER AND LEGAL METROLOGY OFFICERS",CHAPTER III
999,228,VERIFICATION AND STAMPING OF WEIGHT OR MEASURE,CHAPTER IV
1000,228,OFFENCES AND PENALTIES,CHAPTER V
1001,229,PRELIMINARY,CHAPTER I
1002,229,THE LAND PORTS AUTHORITY OF INDIA,CHAPTER II
1003,229,FUNCTIONS OF AUTHORITY,CHAPTER III
1004,229,PROPERTY AND CONTRACT,CHAPTER IV
1005,229,"FINANCE, ACCOUNTS AND AUDIT",CHAPTER V
1006,229,MISCELLANEOUS,CHAPTER VI
1007,230,PRELIMINARY,CHAPTER I
1008,230,LIABILITY FOR NUCLEAR DAMAGE,CHAPTER II
1009,230,CLAIMS COMMISSIONER,CHAPTER III
1010,230,CLAIMS AND AWARDS,CHAPTER IV
1011,230,NUCLEAR DAMAGE CLAIMS COMMISSION,CHAPTER V
1012,230,OFFENCES AND PENALTIES,CHAPTER VI
1013,230,MISCELLANEOUS,CHAPTER VII
1014,232,PRELIMINARY,CHAPTER I
1015,232,REGULATION OF FOREIGN CONTRIBUTION AND FOREIGN HOSPITALITY,CHAPTER II
1016,232,REGISTRATION,CHAPTER III
1017,232,"ACCOUNTS, INTIMATION, AUDIT AND DISPOSAL OF ASSETS, ETC.",CHAPTER IV
1018,232,"INSPECTION, SEARCH AND SEIZURE",CHAPTER V
1019,232,ADJUDICATION,CHAPTER VI
1020,232,APPEAL AND REVISION,CHAPTER VII
1021,232,OFFENCES AND PENALTIES,CHAPTER VIII
1022,232,MISCELLANEOUS,CHAPTER IX
1023,233,PRELIMINARY,CHAPTER I
1024,233,ESTABLISHMENT OF MINTS,CHAPTER II
1025,233,COINAGE,CHAPTER III
1026,233,"DIMINISHED, DEFACED AND COUNTERFEIT COINS",CHAPTER IV
1027,233,OFFENCES AND PENALTIES,CHAPTER V
1028,233,MISCELLANEOUS,CHAPTER VI
1029,234,PRELIMINARY,CHAPTER I
1030,234,REGISTRATION OF FACTORS,CHAPTER II
1031,234,ASSIGNMENT OF RECEIVABLES,CHAPTER III
1032,234,RIGHTS AND OBLIGATIONS OF PARTIES TO CONTRACT FOR ASSIGMENT OF RECEIVABLES,CHAPTER IV
1033,234,REGISTRATION OF ASSIGNMENTS,CHAPTER V
1034,234,OFFENCES AND PENALTIES,CHAPTER VI
1035,234,MISCELLANEOUS,CHAPTER VII
1036,235,PRELIMINARY,CHAPTER I
1037,235,SEXUAL OFFENCES AGAINST CHILDREN,CHAPTER II
1038,235,USING CHILD FOR PORNOGRAPHIC PURPOSES AND PUNISHMENT THEREFOR,CHAPTER III
1039,235,ABETMENT OF AND ATTEMPT TO COMMIT AN OFFENCE,CHAPTER IV
1040,235,PROCEDURE FOR REPORTING OF CASES,CHAPTER V
1041,235,PROCEDURES FOR RECORDING STATEMENT OF THE CHILD,CHAPTER VI
1042,235,SPECIAL COURTS,CHAPTER VII
1043,235,PROCEDURE AND POWERS OF SPECIAL COURTS AND RECORDING OF EVIDENCE,CHAPTER VIII
1044,235,MISCELLANEOUS,CHAPTER IX
1045,236,PRELIMINARY,CHAPTER I
1046,236,RAJIV GANDHI NATIONAL INSTITUTE OF YOUTH DEVELOPMENT,CHAPTER II
1047,236,AUTHORITIES OF THE INSTITUTE,CHAPTER III
1048,236,OFFICERS OF THE INSTITUTE,CHAPTER IV
1049,236,"FINANCE, ACCOUNTS AND AUDIT",CHAPTER V
1050,236,MISCELLANEOUS,CHAPTER VI
1051,238,PRELIMINARY,CHAPTER I
1052,238,CONSTITUTION OF INTERNAL COMPLAINTS COMMITTEE,CHAPTER II
1053,238,CONSTITUTION OF LOCAL COMPLAINTS COMMITTEE,CHAPTER III
1054,238,COMPLAINT,CHAPTER IV
1055,238,INQUIRY INTO COMPLAINT,CHAPTER V
1056,238,DUTIES OF EMPLOYER,CHAPTER VI
1057,238,DUTIES AND POWERS OF DISTRICT OFFICER,CHAPTER VII
1058,238,MISCELLANEOUS,CHAPTER VIII
1059,239,PRELIMINARY,CHAPTER I
1060,239,PROVISIONS FOR FOOD SECURITY,CHAPTER II
1061,239,TRANSPARENCY AND ACCOUNTABILITY,CHAPTER XI
1062,239,PROVISIONS FOR ADVANCING FOOD SECURITY,CHAPTER XII
1063,239,MISCELLANEOUS,CHAPTER XIII
1064,239,FOOD SECURITY ALLOWANCE,CHAPTER III
1065,239,IDENTIFICATION OF ELIGIBLE HOUSEHOLDS,CHAPTER IV
1066,239,REFORMS IN TARGETED PUBLIC DISTRIBUTION SYSTEM,CHAPTER V
1067,239,WOMEN EMPOWERMENT,CHAPTER VI
1068,239,GRIEVANCE REDRESSAL MECHANISM,CHAPTER VII
1069,239,OBLIGATIONS OF CENTRAL GOVERNMENT FOR FOOD SECURITY,CHAPTER VIII
1070,239,OBLIGATIONS OF STATE GOVERNMENT FOR FOOD SECURITY,CHAPTER IX
1071,239,OBLIGATIONS OF LOCAL AUTHORITIES,CHAPTER X
1072,240,PRELIMININARY,CHAPTER I
1073,240,PENSION FUND REGULATORY AND DEVELOMENT AUTHORITY,CHAPTER II
1074,240,EXTENT AND APPLICATION,CHAPTER III
1075,240,"TRANSEFER OF ASSETS, LIABILITIES, ETC., OF INTERIM PENSION FUND REGULATORYAND DEVELOPMENT AUTHORITY",CHAPTER IV
1076,240,"DUTIES, POWERS AND FUNCTIONS OF AUTHORITY",CHAPTER V
1077,240,NATIONAL PENSION SYSTEM,CHAPTER VI
1078,240,REGISTRATION OF INTERMEDIARIES,CHAPTER VII
1079,240,PENALTIES AND ADJUDICATION,CHAPTER VIII
1080,240,"FINANCE, ACCOUNT AND AUDIT",CHAPTER IX
1081,240,MISCELLANEOUS,CHAPTER X
1082,241,PRELIMINARY,CHAPTER I
1083,241,IDENTIFICATION OF INSANITARY LATRINES,CHAPTER II
1084,241,PROHIBITION OF INSANITARY LATRINES AND EMPLOYMENT AND ENGAGEMENT AS MANUAL SCAVENGER,CHAPTER III
1085,241,IDENTIFICATION OF MANUAL SCAVENGERS IN URBAN AND RURAL AREAS AND THEIR REHABILITATION,CHAPTER IV
1086,241,IMPLEMENTING AUTHORITIES,CHAPTER V
1087,241,PROCEDURE FOR TRIAL,CHAPTER VI
1088,241,VIGILANCE COMMITTEES,CHAPTER VII
1089,241,MISCELLANEOUS,CHAPTER VIII
1090,246,PRELIMINARY,CHAPTER I
1091,246,THE SCHOOL,CHAPTER II
1092,246,THE AUTHORITIES OF SCHOOLS,CHAPTER III
1093,246,ACCOUNTS AND AUDIT,CHAPTER IV
1094,246,THE COUNCIL,CHAPTER V
1095,246,MISCELLANEOUS,CHAPTER VI
1096,247,PRELIMINARY,CHAPTER I
1097,247,GENERAL PRINCIPLES OF CARE AND PROTECTION OF CHILDREN,CHAPTER II
1098,247,JUVENILE JUSTICE BOARD,CHAPTER III
1099,247,PROCEDURE IN RELATION TO CHILDREN IN CONFLICT WITH LAW,CHAPTER IV
1100,247,CHILD WELFARE COMMITTEE,CHAPTER V
1101,247,PROCEDURE IN RELATION TO CHILDREN IN NEED OF CARE AND PROTECTION,CHAPTER VI
1102,247,REHABILITATION AND SOCIAL RE-INTEGRATION,CHAPTER VII
1103,247,ADOPTION,CHAPTER VIII
1104,247,OTHER OFFENCES AGAINST CHILDREN,CHAPTER IX
1105,247,MISCELLANEOUS,CHAPTER X
1106,248,PRELIMINARY,CHAPTER I
1107,248,"CONSTITUTION OF COMMERCIAL COURTS, COMMERCIAL DIVISIONS ANDCOMMERCIAL APPELLATE DIVISIONS",CHAPTER II
1108,248,SPECIFIED VALUE,CHAPTER III
1109,248,APPEALS,CHAPTER IV
1110,248,TRANSFER OF PENDING SUITS,CHAPTER V
1111,248,"AMENDMENTS TO THE PROVISIONS OF THE CODE OF CIVIL PROCEDURE, 1908",CHAPTER VI
1112,248,MISCELLANEOUS,CHAPTER VII
1113,249,PRELIMINARY,CHAPTER I
1114,249,ENROLMENT,CHAPTER II
1115,249,AUTHENTICATION,CHAPTER III
1116,249,UNIQUE IDENTIFICATION AUTHORITYOF INDIA,CHAPTER IV
1117,249,"GRANTS, ACCOUNTSAND AUDITAND ANNUAL REPORT",CHAPTER V
1118,249,PROTECTIONOF INFORMATION,CHAPTER VI
1119,249,CIVIL PENALTIES,CHAPTER VIA
1120,249,OFFENCESAND PENALTIES,CHAPTER VII
1121,249,MISCELLANEOUS,CHAPTER VIII
1122,260,INTRODUCTION,CHAPTER I
1123,260,GENERAL EXPLANATIONS,CHAPTER II
1124,260,OF OFFENCESRELATING TO ELECTIONS,CHAPTER IXA
1125,260,OF CONTEMPTS OF THE LAWFUL AUTHORITY OF PUBLIC SERVANTS,CHAPTER X
1126,260,OF FLSEEVIDENCE AND OFFENCES AGAINST PUBLIC JUSTICE,CHAPTER XI
1127,260,OF OFFENCES RELATING TO COIN AND GOVERNMENT STAMPS,CHAPTER XII
1128,260,OF OFFENCES RELATING TO WEIGHTS AND MEASURES,CHAPTER XIII
1129,260,"OF OFFENCES AFFECTING THE PUBLIC HEALTH, SAFETY, CONVENIENCE, DECENCYAND MORALS",CHAPTER XIV
1130,260,OF OFFENCESRELATING TO RELIGION,CHAPTER XV
1131,260,OF OFFENCESAFFECTINGTHE HUMAN BODY,CHAPTER XVI
1132,260,OF OFFENCES AGAINST PROPERTY,CHAPTER XVII
1133,260,OF OFFENCES RELATING TO DOCUMENTS AND TO PROPERTY MARKS,CHAPTER XVIII
1134,260,OF PUNISHMENTS,CHAPTER III
1135,260,OF THE CRIMINAL BREACHOF CONTRACTS OF SERVICE,CHAPTER XIX
1136,260,OF OFFENCES RELATINGTO MARRIAGE,CHAPTER XX
1137,260,OF CRUELTY BY HUSBAND OR RELATIVES OF HUSBAND,CHAPTER XXA
1138,260,OF DEFAMATION,CHAPTER XXI
1139,260,"OR CRIMINAL INTIMIDATION, INSULTAND ANNOYANCE",CHAPTER XXII
1140,260,OF ATTEMPTS OF COMMIT OFFENCES,CHAPTER XXIII
1141,260,GENERAL EXCEPTIONS,CHAPTER IV
1142,260,OF ABETMENT,CHAPTER V
1143,260,CRIMINALCONSPIRACY,CHAPTER VA
1144,260,OF OFFENCES AGAINST THE STATE,CHAPTER VI
1145,260,"OF OFFENCES RELATING TO THE ARMY, NAVYAND AIR FORCE",CHAPTER VII
1146,260,OF OFFENCES AGAINST THE PUBLIC TRANQUILLITY,CHAPTER VIII
1147,260,OF OFFENCESBY OR RELATING TO PUBLIC SERVANTS,CHAPTER IX
1148,265,PRELIMINARY,CHAPTER I
1149,269,I.—PRELIMINARY,
1150,269,II.—JURISDICTION,
1151,269,X.—SETTLEMENTS,
1152,269,XI.—CUSTODY OF CHILDREN,
1153,269,XII.—PROCEDURE,
1154,269,XIII.—RE-MARRIAGE,
1155,269,XIV.—MISCELLANEOUS,
1156,269,III.—DISSOLUTION OF MARRIAGE,
1157,269,IV.—NULLITY OF MARRIAGE,
1158,269,V.—JUDICIAL SEPARATION,
1159,269,Reversal of Decree of Separation,
1160,269,VI.— PROTECTION-ORDERS,
1161,269,VII.—RESTITUTION OF CONJUGAL RIGHTS,
1162,269,VIII.—DAMAGES AND COSTS,
1163,269,IX.—ALIMONY,
1164,270,PRELIMINARY,CHAPTER I
1165,270,FEES IN THE HIGH COURTS AND IN THE COURTS OF SMALL CAUSES AT THE PRESIDENCY-TOWNS,CHAPTER II
1166,270,FEES IN OTHER COURTS AND IN PUBLIC OFFICES,CHAPTER III
1167,270,"PROBATES, LETTERS OF ADMINISTRATION AND CERTIFICATES OF ADMINISTRATION",CHAPTER IIIA
1168,270,PROCESS-FEES,CHAPTER IV
1169,270,OF THE MODE OF LEVYING FEES,CHAPTER V
1170,270,MISCELLANEOUS,CHAPTER VI
1171,271,PRELIMINARY,CHAPTER I
1172,271,POUNDS AND POUND-KEEPERS,CHAPTER II
1173,271,IMPOUNDING CATTLE,CHAPTER III
1174,271,DELIVERY OR SALE OF CATTLE,CHAPTER IV
1175,271,COMPLAINTS OF ILLEGAL SEIZURE OR DETENTION,CHAPTER V
1176,271,PENALTIES,CHAPTER VI
1177,271,SUITS FOR COMPENSATION,CHAPTER VII
1178,271,SUPPLEMENTAL,CHAPTER VIII
1179,272,PAGE REAMBLE 113 I.—PRELIMINARY,
1180,272,II.—RIGHTSTO PENSIONS,
1181,272,III.—MODE OFPAYMENT,
1182,272,IV.—MISCELLANEOUS,
1183,275,PRELIMINARY,
1184,275,"OF THE COMMUNICATION, ACCEPTANCE AND REVOCATION OF PROPOSALS",CHAPTER I
1185,275,AGENCY,CHAPTER X
1186,275,OF PARTNERSHIP,CHAPTER XI
1187,275,"OF CONTRACTS, VOIDABLE CONTRACTS AND VOID AGREEMENTS",CHAPTER II
1188,275,OF CONTINGENT CONTRACTS,CHAPTER III
1189,275,OF THE PERFORMANCE OF CONTRACTS,CHAPTER IV
1190,275,OF CERTAIN RELATIONS RESEMBLING THOSE CREATED BY CONTRACT,CHAPTER V
1191,275,OF THE CONSEQUENCES OF BREACH OF CONTRACT,CHAPTER VI
1192,275,SALE OF GOODS.][Repealed.].,CHAPTER VII
1193,275,OF INDEMNITY AND GUARANTEE,CHAPTERVIII
1194,275,OF BAILMENT,CHAPTER IX
1195,278,Preliminary,
1196,278,Deposits Belonging to the Estates of Deceased,
1197,278,Deposits belonging to minors,
1198,278,Deposits belonging to lunatics,
1199,278,Deposits made by married women,
1200,278,Miscellaneous,
1201,279,I. — PRELIMINARY,
1202,279,II. — MARRIED WOMEN’S WAGES AND EARNGINGS,
1203,279,III. —INSURANCES BY WIVES AND HUSBANDS,
1204,279,IV. —LEGAL PROCEEDINGS BY AND AGAINST MARRIED WOMEN,
1205,279,V. —HUSBAND’S LIABILITY FOR WIFE’S DEBTS,
1206,279,VI. — HUSBAND’S LIABILITY FOR WIFE’S BREACH OF TRUST OR DEVASTATION,
1207,282,PRELIMINARY,
1208,282,PROCEDURE ON FINDING TREASURE,
1209,282,PENALTIES,
1210,283,I.—PRELIMINARY,
1211,283,II.—PUBLIC FERRIES,
1212,283,III.—PRIVATE FERRIES,
1213,283,IV.—PENALTIES AND CRIMINAL PROCEDURE,
1214,283,V.—MISCELLANEOUS,
1215,284,PRELIMINARY,CHAPTER I
1216,284,"OF ADVOCATES, VAKILS AND ATTORNEYS",CHAPTER II
1217,284,OF PLEADERS AND MUKHTARS,CHAPTER III
1218,284,OF REVENUE-AGENTS,CHAPTER IV
1219,284,OF CERTIFICATES,CHAPTER V
1220,284,"OF THE REMUNERATION OF PLEADERS, MUKHTARS AND REVENUE-AGENTS",CHAPTER VI
1221,284,PENALTIES,CHAPTER VII
1222,284,MISCELLANEOUS,CHAPTER VIII
1223,288,PRELIMINARY,CHAPTER I
1224,288,"OF NOTES, BILLSAND CHEQUES",CHAPTER II
1225,288,OF ACCEPTANCE AND PAYMENT FOR HONOUR AND REFERENCE IN CASE OF NEED,CHAPTER XI
1226,288,O F C O M P E N S A T I O N,CHAPTER XII
1227,288,S P E C I A L R U L E S O F E V I D E N C E,CHAPTER XIII
1228,288,O F C R O S S E D C H E Q U E S,CHAPTER XIV
1229,288,O F B I L L S I N S E T S,CHAPTER XV
1230,288,O F I N T E R N A T I O N A L LA W,CHAPTER XVI
1231,288,OF PENALTIES IN CASE OF DISHONOUR OF CERTAIN CHEQUES FOR INSUFFICIENCY OF FUNDS IN THE ACCOUNTS,CHAPTER XVII
1232,288,"P A R T I E S T O N O T E S, B I L L S A N D C H E Q U E S .",CHAPTER III
1233,288,OF NEGOTIATION,CHAPTER IV
1234,288,O F P R E S E N T M E N T,CHAPTER V
1235,288,OF PAYMENTAND INTEREST,CHAPTER VI
1236,288,"OF DISCHARGE FROM LIABILITY ON NOTES,BILLS AND CHEQUES",CHAPTER VII
1237,288,OF NOTICE OF DISHONOUR,CHAPTER VIII
1238,288,O F N O T I N G A N D P R O T E S T,CHAPTER IX
1239,288,O F R E A S O N A B L E T I M E,CHAPTER X
1240,289,PRELIMINARY,CHAPTERI
1241,289,OFTRANSFERS OF PROPERTY BY ACT OF PARTIES,CHAPTER 11
1242,289,OF SALES OF IMMOVEABLE PROPERTY,CHAPTER III
1243,289,OF MORTGAGES OF IMMOVEABLE PROPERTY AND CHARGES,CHAPTER IV
1244,289,OF LEASES OF IMMOVEABLE PROPERTY,CHAPTER V
1245,289,OF EXCHANGES,CHAPTER VI
1246,289,OF GIFTS,CHAPTER VII
1247,289,OF TRANSFERS OF ACTIONABLE CLAIMS,CHAPTER VIII
1248,290,PRELIMINARY,
1249,290,OF EASEMENTS GENERALLY,CHAPTER I
1250,290,"THE IMPOSITION, ACQUISITION AND TRANSFER OF EASEMENTS",CHAPTER II
1251,290,THE INCIDENTS OF EASEMENTS,CHAPTER III
1252,290,THE DISTURBANCE OF EASEMENTS,CHAPTER IV
1253,290,"THE EXTINCTION, SUSPENSION AND REVIVAL OF EASEMENTS",CHAPTER V
1254,290,LICENSES,CHAPTER VI
1255,292,PRELIMINARY,CHAPTER I
1256,292,CONSTITUTION AND OFFICERS OF THE COURT,CHAPTER II
1257,292,MISCONDUCT OF INFERIOR MINISTERIAL OFFICERS,CHAPTER XI
1258,292,CONTEMPT OF COURT,CHAPTER XII
1259,292,MISCELLANEOUS,CHAPTER XIII
1260,292,LAW ADMINISTERED BY THE COURT,CHAPTER III
1261,292,JURISDICTION IN RESPECT OF SUITS,CHAPTER IV
1262,292,PROCEDURE IN SUITS,CHAPTER V
1263,292,NEW TRIALS AND APPEALS,CHAPTER VI
1264,292,RECOVERY OF POSSESSION OF IMMOVABLE PROPERTY,CHAPTER VII
1265,292,DISTRESSES,CHAPTER VIII
1266,292,REFERENCES TO HIGH COURTS,CHAPTER IX
1267,292,FEES AND COSTS,CHAPTER X
1268,294,PRELIMINARY,CHAPTER I
1269,294,OF THE LOCAL RATE ON LAND.,CHAPTER II.
1270,294,OF DISTRICT AND LOCAL BOARDS.,CHAPTER III.
1271,294,SUPPLEMENTAL PROVISIONS AS TO TAXATION,CHAPTER IV
1272,294,"[AMENTDMENT OF THE NORTHEN INDIA FERRIES ACT, 1878] [REPEALED.].",CHAPTER V
1273,298,PRELIMINARY,
1274,298,ORDERS AUTHORISING THE CONSTRUCTION OF TRAMWAYS,
1275,298,OFFENCES,
1276,298,SETTLEMENT OF DIFFERENCES,
1277,298,RECOVERY OF TOLLS,
1278,298,SAVINGS,
1279,298,SUPPLEMENTAL PROVISIONS,
1280,298,CONSTRUCTION AND MAINTENANCE OF TRAMWAYS,
1281,298,TRAFFIC ON TRAMWAYS,
1282,298,LICENSES TO USE TRAMWAYS,
1283,298,DISCONTINUANCE OF TRAMWAYS,
1284,298,INSOLVENCY OF PROMOTER,
1285,298,PURCHASE OF TRAMWAYS,
1286,298,WORKING OF TRAMWAYS OWNED BY LOCAL AUTHORITIES,
1287,298,RULES,
1288,299,PRELIMINARY,CHAPTER I
1289,299,"GENERAL REGISTRY OFFICES OF BIRTHS, DEATHS AND MARRIAGES",CHAPTER II
1290,299,REGISTRATION OF BIRTHS AND DEATHS,CHAPTER III
1291,299,AMENDMENT OF MARRIAGE ACTS,CHAPTER IV
1292,299,SPECIAL PROVISIONS AS TO CERTAIN EXISTING REGISTERS,CHAPTER V
1293,299,RULES,CHAPTER VI
1294,300,PRELIMINARY,CHAPTER I
1295,300,CONSTITUTIONOF CIVIL COURTS,CHAPTER II
1296,300,ORDINARY JURISIDICTION,CHAPTER III
1297,300,SPECIAL JURISDICTION,CHAPTER IV
1298,300,[MISFEASANCE.]Rep. by the A. O. 1937.,CHAPTER V
1299,300,[MINISTERIAL OFFICERS.]Rep. by the A. O. 1937.,CHAPTER VI
1300,300,SUPPLEMENTAL PROVISIONS,CHAPTER VII
1301,301,PRELIMINARY,CHAPTER I
1302,301,CONSTITUTION OF COURTS OF SMALL CAUSES,CHAPTER II
1303,301,JURISDICTION OF COURTS OF SMALL CAUSES,CHAPTER III
1304,301,PRACTICE AND PROCEDURE,CHAPTER IV
1305,301,SUPPLEMENTAL PROVISIONS,CHAPTER V
1306,308,PRELIMINARY,CHAPTER I
1307,308,MAINTENANCE AND OFFICERS OF PRISONS,CHAPTER II
1308,308,PRISON-OFFENCES,CHAPTER XI
1309,308,MISCELLANEOUS,CHAPTER XII
1310,308,DUTIES OF OFFICERS,CHAPTER III
1311,308,"ADMISSION, REMOVAL AND DISCHARGE OF PRISONERS",CHAPTER IV
1312,308,DISCIPLINEOF PRISONERS,CHAPTER V
1313,308,"FOOD, CLOTHING AND BEDDING OF CIVILAND UNCONVICTED CRIMINAL PRISONERS",CHAPTER VI
1314,308,EMPLOYMENTOF PRISONERS,CHAPTER VII
1315,308,HEALTH OF PRISONERS,CHAPTER VIII
1316,308,VISITSTO PRISONERS,CHAPTER IX
1317,308,OFFENCES IN RELATION TO PRISONERS,CHAPTER X
1318,310,PRELIMINARY,CHAPTER I
1319,310,PRIVILEGE AND PROTECTION OF THE GOVERNMENT,CHAPTER II
1320,310,SUPPLEMENTAL,CHAPTER XI
1321,310,POSTAGE,CHAPTET III
1322,310,POSTAGE STAMPS,CHAPTER IV
1323,310,CONDITIONS OF TRANSMISSION OF POSTAL ARTICLES,CHAPTER V
1324,310,"REGISTRATION, INSURANCE AND VALUE-PAYABLE POST",CHAPTER VI
1325,310,UNDELIVERED POSTAL ARTICLES,CHAPTER VII
1326,310,SHIP LETTERS,CHAPTER VIII
1327,310,MONEY ORDERS,CHAPTER IX
1328,310,PENLTIES AND PROCEDURE,CHAPTER X
1329,313,PRELIMINARY,CHAPTER I
1330,313,STAMP- DUTIES,CHAPTER II
1331,313,ADJUDICATION AS TO STAMPS,CHAPTER III
1332,313,INSTRUMENTS NOT DULY STAMPED,CHAPTER IV
1333,313,ALLOWANCES FOR STAMPS IN CERTAIN CASES,CHAPTER V
1334,313,REFERENCE AND REVISION,CHAPTER VI
1335,313,CRIMINAL OFFENCES AND PROCEDURE,CHAPTER VII
1336,313,SUPPLEMENTAL PROVISIONS,CHAPTER VIII
1337,317,Ancient Monuments,
1338,317,Traffic in Antiquities,
1339,317,"Protection of Sculptures, Carvings, Images, Bas-reliefs, Inscriptions or like objects",
1340,317,Archaeological Excavation,
1341,317,General,
1342,317,,
1343,322,PRELIMINARY,CHAPTER I
1344,322,POWERS OF THE GOVERNMENT,CHAPTER II
1345,322,PORT-OFFICIALS AND THEIR POWERS AND DUTIES,CHAPTER III
1346,322,RULES FOR THE SAFETY OF SHIPPING AND THE CONSERVATION OF PORTS,CHAPTER IV
1347,322,"PORT-DUES, FEES AND OTHER CHARGES",CHAPTER V
1348,322,HOISTING SIGNALS,CHAPTER VI
1349,322,PROVISIONS WITH RESPECT TO PENALTIES,CHAPTER VII
1350,322,SUPPLEMENTAL PROVISIONS,CHAPTER VIII
1351,324,PRELIMINARY,
1352,324,INCORPORATION OF THE TRUSTEES,
1353,324,PROPERTY AND POWERS OF THE TRUSTEES,
1354,324,DUTIES OF THE TRUSTEES,
1355,324,SUPPLEMENTAL PROVISIONS,
1356,330,PRELIMINARY,CHAPTER I
1357,330,SURVEY OF INLAND MECHANICALLY PROPELLED VESSELS,CHAPTER II
1358,330,PENALTIES AND LEGAL PROCEEDINGS,CHAPTER VII
1359,330,SUPPLEMENTAL,CHAPTER VIII
1360,330,REGISTRATION OF INLAND MECHANICALLY PROPELLED VESSELS,CHAPTER IIA
1361,330,MASTERS INCLUDING SERANGS AND ENGINEERS INCLUDING ENGINE-DRIVERS OF INLAND MECHANICALLY PROPELLED VESSELS,CHAPTER III
1362,330,INVESTIGATIONS INTO CASUALTIES,CHAPTER IV
1363,330,REMOVAL OF OBSTRUCTIONS AND SIMILAR HAZARDS IN NAVIGATION,CHAPTER IVA
1364,330,SUSPENSION AND CANCELLATION OF CERTIFICATES GRANTED UNDER THE ACT,CHAPTER V
1365,330,"PROTECTION OF, AND CARRIAGE OF PASSENGERS IN, INLAND MECHANICALLY PROPELLED VESSELS",CHAPTER VI
1366,330,INSURANCE OF MECHANICALLY PROPELLED VESSELS AGAINST THIRD PARTY RISKS,CHAPTER VIA
1367,330,,CHAPTER VIAB
1368,340,THE UNIVERSITY,
1369,340,THE VISITOR,
1370,340,THE VISITING BOARD,
1371,340,CHIEF RECTOR,
1372,340,OFFICERS OF THE UNIVERSITY,
1373,340,AUTHORITIES OF THE UNIVERSITY,
1374,340,"STATUTES, ORDINANCES AND REGULATIONS",
1375,340,ADMISSION AND EXAMINATIONS,
1376,340,ANNUAL REPORT AND ACCOUNTS,
1377,340,SUPPLEMENTARY PROVISIONS,
1378,340,,
1379,342,THE UNIVERSITY,
1380,342,OFFICERS OF THE UNIVERSITY,
1381,342,AUTHORITIES OF THE UNIVERSITY,
1382,342,UNIVERSITY BOARDS,
1383,342,"STATUTES, ORDINANCES AND REGULATIONS",
1384,342,RESIDENCE,
1385,342,ADMISSION AND EXAMINATIONS,
1386,342,ANNUAL REPORT AND ACCOUNTS,
1387,342,SUPPLEMENTARY PROVISIONS,
1388,342,,
1389,343,PRELIMINARY,CHAPTER I
1390,343,EMPLOYEE’S COMPENSATION,CHAPTER II
1391,343,COMMISSIONERS,CHAPTER III
1392,343,RULES,CHAPTER IV
1393,345,PRELIMINARY,CHAPTER I
1394,345,APPLICATION OF ACT,CHAPTER II
1395,345,APPROPRIATION OF HOUSES,CHAPTER III
1396,345,PROCEDURE IN REFERENCES,CHAPTER IV
1397,345,APPEALS,CHAPTER V
1398,345,SUPPLEMENTAL PROVISIONS,CHAPTER VI
1399,351,PRELIMINARY,
1400,351,CONSTITUTION OF BAR COUNCILS,
1401,351,ADMISSION AND ENROLMENT OF ADVOCATES,
1402,351,MISCONDUCT,
1403,351,MISCELLANEOUS,
1404,352,PRELIMINARY,CHAPTER I
1405,352,OF RESERVED FORESTS,CHAPTER II
1406,352,OF FOREST-OFFICERS,CHAPTER XI
1407,352,SUBSIDIARY RULES,CHAPTER XII
1408,352,MISCELLANEOUS,CHAPTER XIII
1409,352,OF VILLAGE-FORESTS,CHAPTER III
1410,352,OF PROTECTED FORESTS,CHAPTER IV
1411,352,OF THE CONTROL OVER FORESTS AND LANDS NOT BEING THE PROPERTY OF GOVERNMENT,CHAPTER V
1412,352,OFTHE DUTY ON TIMBER AND OTHER FOREST-PRODUCE,CHAPTER VI
1413,352,OFTHE CONTROL OF TIMBER AND OTHER FOREST-PRODUCE IN TRANSIT,CHAPTER VII
1414,352,OF THE COLLECTION OF DRIFT AND STRANDED TIMBER,CHAPTER VIII
1415,352,PENALTIES AND PROCEDURE,CHAPTER IX
1416,352,CATTLE-TRESPASS,CHAPTER X
1417,353,PRELIMINARY,
1418,353,GENERAL LIGHTHOUSES,
1419,353,LOCAL LIGHTHOUSES,
1420,353,LIGHT-DUES,
1421,353,ACCOUNTS,
1422,353,[DELEGATION OF POWERS] [OMITTED.].,
1423,353,RULES,
1424,353,REPEALS,
1425,357,PRELIMINARY,CHAPTER I
1426,357,THENATURE OF PARTNERSHIP,CHAPTER II
1427,357,RELATIONSOF PARTNERS TO ONE ANOTHER,CHAPTER III
1428,357,RELATIONS OF PARTNERS TO THIRD PARTIES,CHAPTER IV
1429,357,INCOMING AND OUTGOING PARTNERS,CHAPTER V
1430,357,DISSOLUTION OF A FIRM,CHAPTER VI
1431,357,REGISTRATION OF FIRMS,CHAPTER VII
1432,357,SUPPLEMENTAL,CHAPTER VIII
1433,361,PRELIMINARY,
1434,361,CONTROL OVER PETROLEUM,CHAPTER I
1435,361,THE TESTING OF PETROLEUM,CHAPTER II
1436,361,PANALTIES AND PROCEDURE,CHAPTER III
1437,361,SUPPLEMENTAL,CHAPTER IV
1438,362,PRELIMINARY,CHAPTER I
1439,362,"INCORPORATION, CAPITAL, MANAGEMENT AND BUSINESS",CHAPTER II
1440,362,PENALTIES,CHAPTER V
1441,362,CENTRAL BANKING FUNCTIONS,CHAPTER III
1442,362,COLLECTION AND FURNISHING OF CREDIT INFORMATION,CHAPTER IIIA
1443,362,PROVISIONS RELATING TO NON-BANKING INSTITUTIONS RECEIVING DEPOSITS AND FINANCIAL INSTITUTIONS,CHAPTER III B
1444,362,PROHINITION OF ACCEPTANCE OF DEPOSITS BY UNINCORPORATED BODIES,CHAPTER IIIC
1445,362,"REGULATION OF TRANSACTIONS IN DERIVATIVES, MONEY MARKET INSTRUMENTS, SECURITIES, ETC.",CHAPTER IIID
1446,362,JOINT MECHANISM,CHAPTER IIIE
1447,362,MONETARY POLICY,CHAPTER IIIF
1448,362,GENERAL PROVISIONS,CHAPTER IV
1449,365,I.—PRELIMINARY,
1450,365,II.—MARRIAGES BETWEEN PARSIS,
1451,365,III.—PARSI MATRIMONIAL COURTS,
1452,365,IV.—MATRIMONIAL SUITS,
1453,365,V.—CHILDREN OF THE PARTIES,
1454,365,VI.—MISCELLANEOUS,
1455,370,MANOEUVRES,CHAPTER I
1456,370,FIELD FIRING AND ARTILLERY PRACTICE,CHAPTER II
1457,370,GENERAL,CHAPTER III
1458,370,,
1459,373,INTRODUCTORY,CHAPTER I
1460,373,"THE DRUGS TECHNICAL ADVISORY BOARD, THE CENTRAL DRUGS LABORATORY AND THE DRUGS CONSULTATIVE COMMITTEE",CHAPTER II
1461,373,IMPORT OF DRUGS AND COSMETICS,CHAPTER III
1462,373,MANUFACTURE. SALE AND DISTRIBUTSION OF DRUGS AND COSMETICS,CHAPTER IV
1463,373,"PROVISIONS RELATING TO AYURVEDIC, SIDDHA AND UNANI DRUGS",CHAPTER IVA
1464,373,MISCELLANEOUS,CHAPTER V
1465,375,Duties of Customs and of Excise,
1466,375,Registration,
1467,375,"Control of Sale, Export and Re-import of Coffee",
1468,375,Curing of Coffee,
1469,375,Finance,
1470,375,Penalties and Procedure,
1471,375,General,
1472,375,,
1473,388,INTRODUCTORY,CHAPTER I
1474,388,DENTAL COUNCIL OF INDIA,CHAPTER II
1475,388,STATE DENTAL COUNCILS,CHAPTER III
1476,388,REGISTRATION,CHAPTER IV
1477,388,MISCELLANEOUS,CHAPTER V
1478,391,PRELIMINARY,CHAPTER I
1479,391,"CORPORATION, STANDING COMMITTEE AND MEDICAL BENEFIT COUNCIL",CHAPTER II
1480,391,FINANCE AND AUDIT,CHAPTER III
1481,391,CONTRIBUTIONS,CHAPTER IV
1482,391,BENEFITS,CHAPTER V
1483,391,SCHEME FOR OTHER BENEFICIARIES,CHAPTER VA
1484,391,ADJUDICATION OF DISPUTE AND CLAIMS,CHAPTER VI
1485,391,PENALTIES,CHAPTER VII
1486,391,MISCELLANEOUS,CHAPTER VIII
1487,400,PRELIMINARY,CHAPTER I
1488,400,THE INSPECTING STAFF,CHAPTER II
1489,400,PENALTIES AND PROCEDURE,CHAPTER X
1490,400,SUPPLEMENTAL,CHAPTER XI
1491,400,HEALTH,CHAPTER III
1492,400,SAFETY,CHAPTER IV
1493,400,PROVISION RELATING TO HAZARDOUS PROCESSES,CHAPTER IVA
1494,400,WELFARE,CHAPTER V
1495,400,WORKING HOURS OF ADULTS,CHAPTER VI
1496,400,EMPLOYMENT OF YOUNG PERSONS,CHAPTER VII
1497,400,ANNUAL LEAVE WITH WAGES,CHAPTER VIII
1498,400,SPECIAL PROVISIONS,CHAPTER IX
1499,407,PRELIMINARY,
1500,407,CONSTITUTION OF THE FORCE,
1501,407,GENERAL DUTIES OF MEMBERS OF THE FORCE,
1502,407,SUPERINTENDENCE CONTROL AND ADMINISTRATION OF THE FORCE,
1503,407,OFFENCES AND PUNISHMENTS,
1504,407,ARREST,
1505,407,MISCELLANEOUS,
1506,417,PRELIMINARY,CHAPTER I
1507,417,SPECIAL PROVISIONS FOR THE APPLICATION OF ACT IN CERTAIN CASES,CHAPTER II
1508,417,PROCEDURE OF COURTS-MATRIAL,CHAPTER XI
1509,417,CONFIRMATION AND REVISION,CHAPTER XII
1510,417,EXECUTION OF SENTENCES,CHAPTER XIII
1511,417,PARDONS REMISSIONS AND SUSPENSIONS,CHAPTER XIV
1512,417,RULES,CHAPTER XV
1513,417,TRANSITORY PROVISIONS,CHAPTER XVI
1514,417,"COMMISSION, APPOINTMENT AND ENROLMENT",CHAPTER III
1515,417,CONDITIONS OF SERVICE,CHAPTER IV
1516,417,SERVICE PRIVILEGES,CHAPTER V
1517,417,OFFENCES,CHAPTER VI
1518,417,PUNISHMENTS,CHAPTER VII
1519,417,PENAL DEDUCTIONS,CHAPTER VIII
1520,417,ARREST AND PROCEEDINGS BEFORE TRIAL,CHPATER IX
1521,417,COURTS-MARTIAL,CHAPTER X
1522,421,PRELIMINARY,CHAPTER I
1523,421,SPECIAL PROVISIONS FOR THE APPLICATION OF ACT IN CERTAIN CASES,CHAPTER II
1524,421,PROCEDURE OF COURTS-MARTIAL,CHAPTER XI
1525,421,CONFIRMATION AND REVISION,CHAPTER XII
1526,421,EXECUTION OF SENTENCES,CHAPTER XIII
1527,421,"PARDONS, REMISSIONS AND SUSPENSIONS",CHAPTER XIV
1528,421,RULES,CHAPTER XV
1529,421,"COMMISSION, APPOINTMENT AND ENROLMENT",CHAPTER III
1530,421,CONDITIONS OF SERVICE,CHAPTER IV
1531,421,SERVICE PRIVILEGES,CHAPTER V
1532,421,OFFENCES,CHAPTER VI
1533,421,PUNISHMENTS,CHAPTER VII
1534,421,PENAL DEDUCTIONS,CHAPTER VIII
1535,421,ARREST AND PROCEEDINGS BEFORE TRIAL,CHAPTER IX
1536,421,COURTS-MARTIAL,CHAPTER X
1537,430,PRELIMINARY,CHAPTER I
1538,430,THE CENTRAL ADVISORY COUNCILAND DEVELOPMENT COUNCILS,CHAPTER II
1539,430,REGULATION OF SCHEDULED INDUSTRIES,CHAPTER III
1540,430,DIRECT MANAGEMENT OR CONTROL OF INDUSTRIAL UNDERTAKINGS BY CENTRAL GOVERNMENT IN CERTAIN CASES,CHAPTER IIIA
1541,430,MANAGEMENT OR CONTROL OF INDUSTRIAL UNDERTAKINGS OWNED BY COMPANIES IN LIQUIDATION,CHAPTER IIIAA
1542,430,POWER TO PROVIDE RELIEF TO CERTAIN INDUSTRIAL UNDERTAKINGS,CHAPTER IIIAB
1543,430,LIQUIDATION OR RECONSTRUCTION OF COMPANIES,CHAPTER IIIAC
1544,430,"CONTROL OF SUPPLY, DISTRIBUTION, PRICE, ETC., OF CERTAIN ARTICLES",CHAPTER IIIB
1545,430,MISCELLANEOUS,CHAPTER IV
1546,433,PRELIMINARY,CHAPTER I
1547,436,PRELIMINARY,CHAPTER I
1548,436,INSPECTORS AND CERTIFYING SURGEONS,CHAPTER II
1549,436,COMMITTEES,CHAPTER III
1550,436,MINING OPERATIONS AND MANAGEMENT OF MINES,CHAPTER IV
1551,436,PROVISIONS AS TO HEALTH AND SAFETY,CHAPTER V
1552,436,HOURS AND LIMITATION OF EMPLOYMENT,CHAPTER VI
1553,436,LEAVEWITH WAGES,CHAPTER VII
1554,436,"REGULATIONS, RULES AND BYE-LAWS",CHAPTER VIII
1555,436,PENALTIES AND PROCEDURE,CHAPTER IX
1556,436,MISCELLANEOUS,CHAPTER X
1557,442,PRELIMINARY,CHAPTER I
1558,442,THE TEA BOARD,CHAPTER II
1559,442,CONTROL OVER THE EXTENSION OF TEA CULTIVATION,CHAPTER III
1560,442,MANAGEMENT OR CONTROL OF TEA UNDERTAKINGS OR TEA UNITS BY THE CENTRAL GOVERNMENT IN CERTAIN CIRCUMSTANCES,CHAPTER IIIA
1561,442,CONTROL OVER THE EXPORT OF TEA AND TEA SEED,CHAPTER IV
1562,442,"FINANCE, ACCOUNTS AND AUDIT",CHAPTER V
1563,442,CONTROL BY THE CENTRAL GOVERNMENT,CHAPTER VI
1564,442,MISCELLANEOUS,CHAPTER VII
1565,444,PRELIMANARY,CHAPTER I
1566,444,THE COIR BOARD,CHAPTER II
1567,444,CONTROL OVER THE EXPORT OF COIR FIBRE COIR YARD AND PRODUCTS,CHAPTER III
1568,444,"FINANCE, ACCOUNTS AND AUDIT",CHAPTER IV
1569,444,CONTROL BY THE CENTRAL GOVERNMENT,CHAPTER V
1570,444,MISCELLANOUS,CHPTER VI
1571,447,PRELIMINARY,CHAPTER I
1572,447,LEAVE,CHAPTER II
1573,447,SALARIES AND PENSIONS,CHAPTER III
1574,447,MISCELLANEOUS,CHAPTER IV
1575,452,PRELIMINARY,CHAPTER I
1576,452,INCORPORATION AND SHARE CAPITAL OF STATE BANK,CHAPTER II
1577,452,TRANSFER OF UNDERTAKING OF THE IMPERIAL BANK TO STATE BANK,CHAPTER III
1578,452,SHARES,CHAPTER IV
1579,452,MANAGEMENT,CHAPTER V
1580,452,BUSINESS OF THE STATE BANK,CHAPTER VI
1581,452,"FUNDS, ACCOUNTS AND AUDIT",CHAPTER VII
1582,452,MISCELLANEOUS,CHAPTER VIII
1583,455,PRELIMINARY,CHAPTER I
1584,455,WORKING JOURNALISTS,CHAPTER II
1585,455,NON-JOURNALIST NEWSPAPER EMPLOYEES,CHAPTER IIA
1586,455,APPLICATION OF CERTAIN ACTS TO NEWSPAPER EMPLOYEES,CHAPTER III
1587,455,MISCELLANEOUS,CHAPTER IV
1588,456,ACQUISITION OF CITIZENSHIP,
1589,456,OVERSEAS CITIZENSHIP,
1590,456,TERMINATION OF CITIZENSHIP,
1591,456,SUPPLEMENTAL,
1592,456,,
1593,457,PRELIMINARY,
1594,457,HINDU MARRIAGES,
1595,457,RESTITUTION OF CONJUGAL RIGHTS AND JUDICIAL SEPARATION,
1596,457,NULLITY OF MARRIAGE AND DIVORCE,
1597,457,JURISDICTION AND PROCEDURE,
1598,457,SAVINGS AND REPEALS,
1599,462,PRELIMINARY,CHAPTER I
1600,462,INTESTATE SUCCESSION,CHAPTER II
1601,462,TESTAMENTARY SUCCESSION,CHAPTER III
1602,462,REPEALS,CHAPTER IV
1603,465,PRELIMINARY,
1604,465,RECOGNISED STOCK EXCHANGE,
1605,465,CONTRACTS AND OPTIONS IN SECURITIES,
1606,465,LISTING OF SECURITIES BY PUBLIC COMPANIES,
1607,465,PENALTIES AND PROCEDURE,
1608,465,MISCELLANEOUS,
1609,469,PRELIMINARY,CHAPTER I
1610,469,THE KHADI AND VILLAGE INDUSTRIES COMMISSION,CHAPTER II
1611,469,FUNCTIONS OF THE COMMISSION,CHAPTER III
1612,469,"FINANCE, ACCOUNTS, AUDIT AND REPORTS",CHAPTER IV
1613,469,MISCELLANEOUS,CHAPTER V
1614,471,PRELIMINARY,CHAPTER I
1615,471,FORMULATION OF PRINCIPLES FOR DETERMINING WHEN A SALE OR PURCHASE OF GOODS TAKES PLACE IN THE COURSE OF INTER-STATE TRADE OR COMMERCE OR OUTSIDE A STATE OR IN THE COURSE OF IMPORT OR EXPORT,CHAPTER II
1616,471,INTER-STATE SALES TAX,CHAPTER III
1617,471,GOODS OF SPECIAL IMPORTANCE IN INTER-STATE TRADE OR COMMERCE,CHAPTER IV
1618,471,LIABILITY IN SPECIAL CASES,CHAPTER V
1619,471,APPEALS TO THE HIGHEST APPELLATE AUTHORITY OF THE STATE,CHAPTER VA
1620,471,AUTHORITY TO SETTLE DISPUTES IN CURSE OF INTER -STATE TRADE OR COMMERCE,CHAPTER VI
1621,472,PRELIMINARY,CHAPTER I
1622,472,COPYRIGHT OFFICE AND APPELLATE BOARD,CHAPTER II
1623,472,INFRINGEMENT OF COPYRIGHT,CHAPTER XI
1624,472,CIVIL REMEDIES,CHAPTER XII
1625,472,OFFENCES,CHAPTER XIII
1626,472,APPEALS,CHAPTER XIV
1627,472,MISCELLANEOUS,CHAPTER XV
1628,472,COPYRIGHT,CHAPTER III
1629,472,OWNERSHIP OF COPYRIGHT AND THE RIGHTS OF THE OWNER,CHAPTER IV
1630,472,TERM OF COPYRIGHT,CHAPTER V
1631,472,LICENCES,CHAPTER VI
1632,472,COPYRIGHT SOCIETIES,CHAPTER VII
1633,472,RIGHTS OF BROADCASTING ORGANISATION AND OF PERFORMERS,CHAPTER VIII
1634,472,INTERNATIONAL COPYRIGHT,CHAPTER IX
1635,472,REGISTRATION OF COPYRIGHT,CHAPTER X
1636,476,CHARGE OF WEALTH-TAX AND ASSETS SUBJECT TO SUCH CHARGE,CHAPTER II
1637,476,WEALTH-TAX AUTHORITIES,CHAPTER III
1638,476,REGISTERED VALUERS,CHAPTER VIIB
1639,476,MISCELLANEOUS,CHAPTER VIII
1640,476,ASSESSMENT,CHAPTER IV
1641,476,SPECIAL PROVISION FOR AVOIDING REPETITIVE APPEALS,CHAPTER IVA
1642,476,CHARGE OF ADDITIONAL WEALTH-TAX IN CERTAIN CASES,CHAPTER IVB
1643,476,LIABILITY TO ASSESSMENT IN SPECIAL CASES,CHAPTER V
1644,476,SETTLEMENT OF CASES,CHAPTER VA
1645,476,"APPEALS, REVISIONS AND REFERENCES",CHAPTER VI
1646,476,PAYMENT AND RECOVERY OF WEALTH-TAX,CHAPTER VII
1647,476,REFUNDS,CHAPTER VIIA
1648,476,,
1649,481,PRELIMINARY,CHAPTER I
1650,481,THE DELHI DEVELOPMENT AUTHORITY AND ITS OBJECTS,CHAPTER II
1651,481,MASTER PLAN AND ZONAL DEVELOPMENT PLANS,CHAPTER III
1652,481,MODIFICATIONS TO THE MASTER PLAN AND THE ZONAL DEVELOPMENT PLAN,CHAPTER IIIA
1653,481,DEVELOPMENT OF LANDS,CHAPTER IV
1654,481,ACQUISITION AND DISPOSAL OF LAND,CHAPTER V
1655,481,"FINANCE, ACCOUNTS AND AUDIT",CHAPTER VI
1656,481,SUPPLEMENTAL AND MISCELLANEOUS PROVISIONS,CHAPTER VII
1657,482,PRELIMINARY,CHAPTER I
1658,482,THE NAVAL FORCES,CHAPTER II
1659,482,CHARGE,CHAPTER XI
1660,482,AUTHORITIES HAVING POWER TO AWARD PUNISHMENTS,CHAPTER XII
1661,482,PROCEDURE,CHAPTER XIII
1662,482,EXECUTION OF SENTENCES,CHAPTER XIV
1663,482,JUDICAIL REVIEW OF COURTS-MARTIAL PROCEEDINGS,CHAPTER XV
1664,482,"MODIFICATIONS OF FINDINGS AND SENTENCES, PARDONS AND COMMUTATION REMISSION AND SUSPENSION OF SENTENCES",CHAPTER XVI
1665,482,"OFFENCES IN RELATION TO COURTS-MARTIAL, DISCIPLINARY COURTS AND PRISONS",CHAPTER XVII
1666,482,JUDGE ADVOCATE GENERAL OF THE NAVY AND OFFICERS OF HIS DEPARTMENT,CHAPTER XVIII
1667,482,"DISPOSAL OF THE PRIVATE PROPERTY OF PERSONS DECEASED, MISSING, ETC.",CHAPTER XIX
1668,482,REGULATIONS,CHAPTER XX
1669,482,SPECIAL PROVISIONS RELATING TO DISCIPLINE IN CERTAIN CASES,CHAPTER III
1670,482,REPEALS AND SAVINGS,CHAPTER XXI
1671,482,TRANSITORY PROVISIONS,CHAPTER XXII
1672,482,"COMMISSIONS, APPOINTMENTS AND ENROLMENTS",CHAPTER IV
1673,482,CONDITIONS OF SERVICE,CHAPTER V
1674,482,SERVICE PRIVILEGES,CHAPTER VI
1675,482,"PROVISIONS AS TO PAY, PENSION, ETC., AND MAINTENANCE OF FAMILIES",CHAPTER VII
1676,482,ARTICLES OF WAR,CHAPTER VIII
1677,482,PROVISIONS AS TO PUNISHMENTS,CHAPTER IX
1678,482,ARREST,CHAPTER X
1679,483,PRELIMINARY,CHAPTER I
1680,483,THE CORPORATION,CHAPTER II
1681,483,ACCOUNTS AND AUDIT,CHAPTER XI
1682,483,"WATER SUPPLY, DRAINAGE AND SEWAGE DISPOSAL",CHAPTER XII
1683,483,ELECTRICITY SUPPLY,CHAPTER XIII
1684,483,TRANSPORT SERVICES,CHAPTER XIV
1685,483,STREETS,CHAPTER XV
1686,483,BUILDING REGULATIONS,CHAPTER XVI
1687,483,SANITATION AND PUBLIC HEALTH,CHAPTER XVII
1688,483,VITAL STATISTICS,CHAPTER XVIII
1689,483,PUBLIC SAFETY AND SUPPRESSION OF NUISANCES,CHAPTER XIX
1690,483,"MARKETS, SLAUGHTER HOUSES, TRADE AND OCCUPATIONS",CHAPTER XX
1691,483,FUNCTIONS OF THE CORPORATION,CHAPTER III
1692,483,IMPROVEMENT,CHAPTER XXI
1693,483,"POWERS, PROCEDURE, OFFENCES AND PENALTIES",CHAPTER XXII
1694,483,"RULES, REGULATIONS AND BYE-LAWS",CHAPTER XXIII
1695,483,CONTROL,CHAPTER XXIV
1696,483,MISCELLANEOUS,CHAPTER XXV
1697,483,SUPPLEMENTAL AND TRANSITIONAL PROVISIONS,CHAPTER XXVI
1698,483,MUNICIPAL AUTHORITIES UNDER THE CORPORATION,CHAPTER IV
1699,483,PROCEDURE,CHAPTER V
1700,483,MUNICIPAL OFFICERS AND OTHER MUNICIPAL EMPLOYEES,CHAPTER VI
1701,483,REVENUE AND EXPENDITURE,CHAPTER VII
1702,483,TAXATION,CHAPTER VIII
1703,483,BORROWING,CHAPTER IX
1704,483,PROPERTY AND CONTRACTS,CHAPTER X
1705,484,PRELIMINARY,CHAPTER I
1706,484,GENERAL RESTRICTIONS ON UNDERTAKING PROSPECTING AND MINING OPERATIONS,CHAPTER II
1707,484,"PROCEDURE FOR OBTAINING, PROSPECTING LICENCES OR MINING LEASES IN RESPECT OF LAND IN WHICH THE MINERALS VEST IN THE GOVERNMENT",CHAPTER III
1708,484,RULES FOR REGULATING THE GRANT OF PROSPECTING LICENCES AND MINING LEASES,CHAPTER IV
1709,484,SPECIAL POWERS OF CENTRAL GOVERNMENT TO UNDERTAKE PROSPECTING OR MINING OPERATIONS IN CERTAIN CASES,CHAPTER V
1710,484,DEVELOPMENT OF MINERALS,CHAPTER VI
1711,484,MISCELLANEOUS,CHAPTER VII
1712,485,PRELIMINARY,CHAPTER I
1713,485,CHARGE OF GIFT-TAX AND GIFTS SUBJECT TO SUCH CHARGE,CHAPTER II
1714,485,GIFT-TAX AUTHORITIES,CHAPTER III
1715,485,ASSESSMENT,CHAPTER IV
1716,485,LIABILITY TO ASSESSMENT IN SPECIAL CASES,CHAPTER V
1717,485,"APPEALS, REVISIONS AND REFERENCES",CHAPTER VI
1718,485,PAYMENT AND RECOVERY OF GIFT-TAX,CHAPTER VII
1719,485,REFUNDS,CHAPTER VIIA
1720,485,MISCELLANEOUS,CHAPTER VIII
1721,486,PRELIMINARY,
1722,486,ANCIENT MONUMENTS AND ARCHAEOLOGICAL SITES AND REMAINS OF NATIONAL IMPORTANCE,
1723,486,MISCELLANEOUS,
1724,486,PROTECTED MONUMENTS,
1725,486,PROTECTED AREAS,
1726,486,PROHIBITED AND REGULATED AREAS,
1727,486,GRANT OF PERMISSION BY COMPETENT AUTHORITY,
1728,486,NATIONAL MONUMENTS AUTHORITY,
1729,486,ARCHAEOLOGICAL EXCAVATIONS,
1730,486,PROTECTION OF ANTIQUITIES,
1731,486,PRINCIPLES OF COMPENSATION,
1732,489,PRELIMINARY,CHAPTER I
1733,489,LEAVE,CHAPTER II
1734,489,SALARIES AND PENSIONS,CHAPTER III
1735,489,MISCELLANEOUS,CHAPTER IV
1736,498,PRELIMINARY,CHAPTER I
1737,498,"ACQUISITION, POSSESSION, MANUFACTURE, SALE, IMPORT, EXPORT AND TRANSPORT OF ARMS AND AMMUNITION",CHAPTER II
1738,498,PROVISIONS RELATING TO LICENCES,CHAPTER III
1739,498,POWERS AND PROCEDURE,CHAPTER IV
1740,498,OFFENCES AND PENALTIES,CHAPTER V
1741,498,MISCELLANEOUS,CHAPTER VI
1742,501,PRELIMINARY,CHAPTER I
1743,501,CEILING ON HOLDINGS AND VESTING AND ALLOTMENT OF EXCESS LAND,CHAPTER II
1744,501,MISCELLANEOUS,CHAPTER III
1745,504,PRELIMINARY,CHAPTER I
1746,504,ANIMAL WELFARE BOARD OF INDIA,CHAPTER II
1747,504,CRUELTY TO ANIMALS GENERALLY,CHAPTER III
1748,504,EXPERIMENTATION ON ANIMALS,CHAPTER IV
1749,504,PERFORMING ANIMALS,CHAPTER V
1750,504,MISCELLANEOUS,CHAPTER VI
1751,505,PRELIMINARY,CHAPTER I
1752,505,PUNISHMENT OF OFFENDERS AGAINST CONVENTIONS,CHAPTER II
1753,505,LEGAL PROCEEDINGS IN RESPECT OF PROTECTED PERSONS,CHAPTER III
1754,505,ABUSE OF THE RED CROSS AND OTHER EMBLEMS,CHAPTER IV
1755,505,MISCELLANEOUS,CHAPTER V
1756,508,PRELIMINARY,CHAPTER I
1757,508,THE BOARD OF CONTROL AND ITS POWERS AND FUNCTIONS,CHAPTER II
1758,508,RECOGNITION OF HOMES,CHAPTER III
1759,508,MANAGEMENT OF RECOGNISED HOMES,CHAPTER IV
1760,508,MISCELLANEOUS,CHAPTER V
1761,509,PRELIMINARY,CHAPTER I
1762,509,BAR COUNCILS,CHAPTER II
1763,509,ADMISSION AND ENROLMENT OF ADVOCATES,CHAPTER III
1764,509,RIGHT TO PRACTISE,CHAPTER IV
1765,509,CONDUCT OF ADVOCATES,CHAPTER V
1766,509,MISCELLANEOUS,CHAPTER VI
1767,509,TEMPORARY AND TRANSITIONAL PROVISIONS,CHAPTER VII
1768,510,PRELIMINARY,CHAPTER I
1769,510,REGISTRATION OF MOTOR TRANSPORT UNDERTAKINGS,CHAPTER II
1770,510,INSPECTING STAFF,CHAPTER III
1771,510,WELFARE AND HEALTH,CHAPTER IV
1772,510,HOURS AND LIMITATIONS OF EMPLOYMENT,CHAPTER V
1773,510,EMPLOYMENT OF YOUNG PERSONS,CHAPTER VI
1774,510,WAGES AND LEAVE,CHAPTER VII
1775,510,PENALTIES AND PROCEDURE,CHAPTER VIII
1776,510,MISCELLANEOUS,CHAPTER IX
1777,513,PRELIMINARY,CHAPTER I
1778,513,BASIS OF CHARGE,CHAPTER II
1779,513,DOUBLE TAXATION RELIEF,CHAPTER IX
1780,513,SPECIAL PROVISIONS RELATING TO AVOIDANCE OF TAX,CHAPTER X
1781,513,GENERAL ANTI-AVOIDANCE RULE,CHAPTER XA
1782,513,ADDITIONAL INCOME-TAX ON UNDISTRIBUTED PROFITS,CHAPTER XI
1783,513,DETERMINATION OF TAX IN CERTAIN SPECIAL CASES,CHAPTER XII
1784,513,SPECIAL PROVIONS RELATING TO CERTAIN INCOMES OF NON-RESIDENTS,CHAPTER XIIA
1785,513,SPECIAL PROVISIONS RELATING TO CERTAIN COMPANIES,CHAPTER XII-B
1786,513,SPECIAL PROVISIONS RELATING TO CERTAIN PERSONS OTHER THAN A COMPANY,CHAPTER XII-BA
1787,513,SPECIAL PROVISIONS RELATING TO CONVERSION OF INIDAN BRANCH OF A FOREIGN BANK INTO A SUBSIDIARY COMPANY,CHAPTER XII-BB
1788,513,SPECIAL PROVISIONS RELATING TO FOREIGN COMPANY SAID TO BE RESIDENT IN INIDA,CHAPTER XII-BC
1789,513,INCOMES WHICH DO NOT FORM PART OF TOTAL INCOME,CHAPTER III
1790,513,"SPECIAL PROVISIONS RELATING TO RETAIL TRADE, ETC.",CHAPTER XII-C
1791,513,SPECIAL PROVISIONS RELATING TO TAX ON DISTRIBUTED PROFITS OF DOMESTIC COMPANIES,CHAPTER XII-D
1792,513,SPECIAL PROVISIONS RELATING TO TAX ON DISTRIBUTED INCOME OF DOMESTIC COMPANY FOR BUY-BACK OF SHARES,CHAPTER XII-DA
1793,513,SPECIAL PROVISIONS RELATING TO TAX ON DISTRIBUTED INCOME,CHAPTER XII-E
1794,513,SPECIAL PROVISIONS RELATING TO TAX ON DISTRIBUTED INCOME BY SECURITISATION TRUSTS,CHAPTER XII-EA
1795,513,SPECIAL PROVISIONS RELATING TO TAX ON ACCRETED INCOME OF CERTAIN TRUSTS AND INSTITUTIONS,CHAPTER XII-EB
1796,513,SPECIAL PROVISIONS RELATING TO TAX ON INCOME RECEIVED FROM VENTURE CAPTIAL COMPANIES AND VENTURE CAPTIAL FUNDS,CHAPTER XII-F
1797,513,SPECIAL PROVISIONS RELATING TO BUSINESS TRUSTS,CHAPTER XII-FA
1798,513,SPECIAL PROVISIONS RELATING TO TAX ON INCOME OF INVESTMENT FUNDS AND INCOME RECEIVED FROM SUCH FUNDS,CHAPTER XII-FB
1799,513,SPECIAL PROVISIONS RELATING TO INCOME OF SHIPPING COMPANIES,CHAPTER XII-G
1800,513,COMPUTATION OF TOTAL INCOME,CHAPTER IV
1801,513,INCOME-TAX OF FRINGE BENEFITS,CHAPTER XII-H
1802,513,INCOME-TAX AUTHORITIES,CHAPTER XIII
1803,513,PROCEDURE FOR ASSESSMENT,CHAPTER XIV
1804,513,SPECIAL PROVISION FOR AVOIDING REPETITIVE APPEALS,CHAPTER XIV-A
1805,513,SPECIAL PROCEDURE FOR ASSESSMENT OF SEARCH CASES,CHAPTER XIV-B
1806,513,LIABILITY IN SPECIAL CASES,CHAPTER XV
1807,513,SPECIAL PROVISIONS APPLICABLE TO FIRMS,CHAPTER XVI
1808,513,COLLECTION AND RECOVERY OF TAX,CHAPTER XVII
1809,513,RELIEF RESPECTING TAX ON DIVIDENDS IN CERTAIN CASES,CHAPTER XVIII
1810,513,REFUNDS,CHAPTER XIX
1811,513,"INCOME OF OTHER PERSONS, INCLUDED IN ASSESSEE’S TOTAL INCOME",CHAPTER V
1812,513,SETTLEMENT OF CASES,CHAPTER XIXA
1813,513,ADVANCE RULINGS,CHAPTER XIX-B
1814,513,APPEALS AND REVISION,CHAPTER XX
1815,513,ACQUISITION OF IMMOVABLE PROPERTIES IN CERTAIN CASES OF TRANSFER TO COUNTERACT EVASION OF TAX,CHAPTER XXA
1816,513,"REQUIREMENT AS TO MODE OF ACCEPTANCE, PAYMENT OR REPAYMENT IN CERTAIN CASES TO COUNTERACT EVASION OF TAX",CHAPTER XXB
1817,513,PURCHASE BY CENTRAL GOVERNMENT OF IMMOVABLE PROPERTIES IN CERTAIN CASES OF TRANSFER,CHAPTER XXC
1818,513,PENALTIES IMPOSABLE,CHAPTER XXI
1819,513,OFFENCES AND PROSECUTIONS,CHAPTER XXII
1820,513,ANNUITY DEPOSITS,CHAPTER XXII-A
1821,513,TAX CREDIT CERTIFICATES,CHAPTER XXII-B
1822,513,AGGREGATION OF INCOME AND SET OFF OR CARRY FORWARD OF LOSS,CHAPTER VI
1823,513,MISCELLANEOUS,CHAPTER XXIII
1824,513,DEDUCTIONS TO BE MADE IN COMPUTING TOTAL INCOME,CHAPTER VI-A
1825,513,RESTRICTION ON CERTAIN DEDUCTIONS IN THE CASE OF COMPANIES,CHAPTER VI-B
1826,513,INCOMES FORMING PART OF TOTAL INCOME ON WHICH NO INCOME-TAX IS PAYABLE,CHAPTER VII
1827,513,REBATES AND RELIEFS,CHAPTER VIII
1828,516,PRELIMINARY,CHAPTER I
1829,516,APPRENTICES AND THEIR TRAINING,CHAPTER II
1830,516,AUTHORITIES,CHAPTER III
1831,525,PRELIMINARY,CHAPTER I
1832,525,OFFICERS OF CUSTOMS,CHAPTER II
1833,525,PROVISIONS RELATING TO CONVEYANCES CARRYING IMPORTED OR EXPORTED GOODS,CHAPTER VI
1834,525,CLEARANCE OF IMPORTED GOODS AND EXPORT GOODS,CHAPTER VII
1835,525,PAYMENTS THROUGH ELECTRONIC CASH LEDGER,CHAPTER VIIA
1836,525,GOODS IN TRANSIT,CHAPTER VIII
1837,525,WAREHOUSING,CHAPTER IX
1838,525,DRAWBACK,CHAPTER X
1839,525,"SPECIAL PROVISIONS REGARDING BAGGAGE, GOODS IMPORTED OR EXPORTED BY POST, COURIER AND STORES",CHAPTER XI
1840,525,PROVISIONS RELATING TO COASTAL GOODS AND VESSELS CARRYING COASTAL GOODS,CHAPTER XII
1841,525,AUDIT,CHAPTER XIIA
1842,525,VERIFICATION OF IDENTITY AND COMPLIANCE,CHAPTER XIIB
1843,525,"APPOINTMENT OF CUSTOMS PORTS, AIRPORTS, ETC.",CHAPTER III
1844,525,"SEARCHES, SEIZURE AND ARREST",CHAPTER XIII
1845,525,CONFISCATION OF GOODS AND CONVEYANCES AND IMPOSITION OF PENALTIES,CHAPTER XIV
1846,525,SETTLEMENT OF CASES,CHAPTER XIVA
1847,525,APPEALS,CHAPTER XV
1848,525,OFFENCES AND PROSECUTIONS,CHAPTER XVI
1849,525,MISCELLANEOUS,CHAPTER XVII
1850,525,PROHIBITIONS ON IMPORTATION AND EXPORTATION OF GOODS,CHAPTER IV
1851,525,DETECTION OF ILLEGALLY IMPORTED GOODS AND PREVENTION OF THE DISPOSAL THEREOF,CHAPTER IVA
1852,525,PREVENTION OR DETECTION OF ILLEGAL EXPORT OF GOODS,CHAPTER IVB
1853,525,POWER TO EXEMPT FROM THE PROVISIONS OF CHAPTERS IVA AND IVB,CHAPTER IVC
1854,525,"LEVY OF, AND EXEMPTION FROM, CUSTOMS DUTIES",CHAPTER V
1855,525,"INDICATING AMOUNT OF DUTY IN THE PRICE OF GOODS, ETC., FOR PURPOSE OF REFUND",CHAPTER VA
1856,525,ADVANCE RULINGS,CHAPTER VB
1857,527,PRELIMINARY,CHAPTER I
1858,527,THE CENTRAL WAREHOUSING CORPORATION,CHAPTER II
1859,527,STATE WAREHOUSING CORPORATIONS,CHAPTER III
1860,527,"FINANCE, ACCOUNTS AND AUDIT",CHAPTER IV
1861,527,MISCELLANEOUS,CHAPTER V
1862,531,PRELIMINARY,CHAPTER I
1863,531,BOARD OF TRUSTEES AND COMMITTEES THEREOF,CHAPTER II
1864,531,PENALTIES,CHAPTER X
1865,531,MISCELLANEOUS,CHAPTER XI
1866,531,STAFF OF THE BOARD,CHAPTER III
1867,531,PROPERTY AND CONTRACTS,CHAPTER IV
1868,531,WORKS AND SERVICES TO BE PROVIDED AT PORTS,CHAPTER V
1869,531,TARIFF AUTHORITY FOR MAJOR PORTS,CHAPTER VA
1870,531,IMPOSITION AND RECOVERY OF RATES AT PORTS,CHAPTER VI
1871,531,BORROWING POWERS OF BOARD,CHAPTER VII
1872,531,REVENUE AND EXPENDITURE,CHAPTER VIII
1873,531,SUPERVISION AND CONTROL OF CENTRAL GOVERNMENT,CHAPTER IX
1874,533,PRELIMINARY,CHAPTER I
1875,533,THE OFFICE OF THE ADMINISTRATOR-GENERAL,CHAPTER II
1876,533,"RIGHTS, POWERS AND DUTIES OF THE ADMINISTRATOR-GENERAL",CHAPTER III
1877,533,GRANT OF CERTIFICATE,CHAPTER IV
1878,533,LIABILITY,CHAPTER V
1879,533,FEES,CHAPTER VI
1880,533,AUDIT OF THE ADMINISTRATOR-GENERAL’S ACCOUNTS,CHAPTER VII
1881,533,MISCELLANEOUS,CHAPTER VIII
1882,543,PRELIMINARY,CHAPTER I
1883,543,[Repealed.].,
1884,543,[Repealed.].,
1885,543,[Repealed.].,
1886,543,[Repealed.].,
1887,543,[Repealed.].,
1888,550,PRELIMINARY,CHAPTER I
1889,557,PRELIMINARY,CHAPTER I
1890,557,POWER OF CENTRAL GOVERNMENT TO MAKE RULES FOR CIVIL DEFENCE,CHAPTER II
1891,557,CIVIL DEFENCE CORPS,CHAPTER III
1892,557,MISCELLANEOUS,CHAPTER IV
1893,561,PRELIMINARY,CHAPTER I
1894,561,CONSTITUTION OF THE FORCE AND CONDITIONS OF SERVICE OF THE MEMBERS OF THE FORCE,CHAPTER II
1895,561,OFFENCES,CHAPTER III
1896,561,PUNISHMENTS,CHAPTER IV
1897,561,ARREST AND PROCEEDINGS BEFORE TRIAL,CHAPTER V
1898,561,SECURITY FORCE COURTS,CHAPTER VI
1899,561,PROCEDURE OF SECURITY FORCE COURTS,CHAPTER VII
1900,561,CONFIRMATION AND REVISION,CHAPTER VIII
1901,561,"EXECUTION OF SENTENCE, PARDONS, REMISSIONS, ETC.",CHAPTER IX
1902,561,MISCELLANEOUS,CHAPTER X
1903,567,PRELIMINARY,CHAPTER I
1904,567,SOLEMNIZATION OF FOREIGN MARRIAGES,CHAPER II
1905,567,REGISTRATION OF FOREIGN MARRIAGES SOLEMNIZED UNDER OTHER LAWS,CHAPTER III
1906,567,MATRIMONIAL RELIEF IN RESPECT OF FOREIGN MARRIAGES,CHAPTER IV
1907,567,PENALTIES,CHAPTER V
1908,567,MISCELLANEOUS,CHAPTER VI
1909,569,PRELIMINARY,CHAPTER I
1910,569,THE ADVISORY BOARDS,CHAPTER II
1911,569,REGISTRATION OF ESTABLISHMENTS EMPLOYING CONTRACT LABOUR,CHAPTER III
1912,569,LICENSING OF CONTRACTORS,CHAPTER IV
1913,569,WELFARE AND HEALTH OF CONTRACT LABOUR,CHAPTER V
1914,569,PENALTIES AND PROCEDURE,CHAPTER VI
1915,569,MISCELLANEOUS,CHAPTER VII
1916,570,PRELIMINARY,CHAPTER I
1917,570,INVENTIONS NOT PATENTABLE,CHAPTER II
1918,570,RESTORATION OF LAPSED PATENTS,CHAPTER XI
1919,570,SURRENDER AND REVOCATION OF PATENTS,CHAPTER XII
1920,570,REGISTER OF PATENTS,CHAPTER XIII
1921,570,PATENT OFFICE AND ITS ESTABLISHMENT,CHAPTER XIV
1922,570,POWERS OF CONTROLLER GENERALLY,CHAPTER XV
1923,570,"WORKING OF PATENTS, COMPULSORY LICENCES AND REVOCATION",CHAPTER XVI
1924,570,USE OF INVENTIONS FOR PURPOSES OF GOVERNMENT AND ACQUISITION OF INVENTIONS BY CENTRAL GOVERNMENT,CHAPTER XVII
1925,570,SUITS CONCERNING INFRINGEMENT OF PATENTS,CHAPTER XVIII
1926,570,APPEALS TO THE APPELLATE BOARD,CHAPTER XIX
1927,570,PENALTIES,CHAPTER XX
1928,570,APPLICATIONS FOR PATENTS,CHAPTER III
1929,570,PATENT AGENTS,CHAPTER XXI
1930,570,INTERNATIONAL ARRANGEMENTS,CHAPTER XXII
1931,570,MISCELLANEOUS,CHAPTER XXIII
1932,570,PUBLICATION AND EXAMINATION OF APPLICATIONS,CHAPTER IV
1933,570,OPPOSITION PROCEEDINGS TO GRANT OF PATENTS,CHAPTER V
1934,570,ANTICIPATION,CHAPTER VI
1935,570,PROVISIONS FOR SECRECY OF CERTAIN INVENTIONS,CHAPTER VII
1936,570,GRANT OF PATENTS AND RIGHTS CONFERRED THEREBY,CHAPTER VIII
1937,570,PATENTS OF ADDITION,CHAPTER IX
1938,570,AMENDMENT OF APPLICATIONS AND SPECIFICATIONS,CHAPTER X
1939,571,PRELIMINARY,CHAPTER I
1940,571,THE CENTRAL COUNCIL AND ITS COMMTTEES,CHAPTER II
1941,571,"PERMISSION FOR NEW MEDICAL INSTITUTION, COURSE, ETC.",CHAPTER IIA
1942,571,RECOGNITIONOF MEDICAL QUALIFICATIONS,CHAPTER III
1943,571,THE CENTRAL REGISTER OF INDIAN MEDICINE,CHAPTER IV
1944,571,MISCELLANEOUS,CHAPTER V
1945,572,PRELIMINAR,CHAPTER I
1946,572,TRANSFER OF THE UNDERTAKINGSOF EXISTING BANKS AND SHARE CAPITALS OF THE CORRESPONDING NEW BANKS,CHAPTER II
1947,572,PAYMENT OF COMPENSATION,CHAPTER III
1948,572,MANAGEMENT OF CORRESPONDING NEW BANKS,CHAPTER IV
1949,572,MISCELLANEOUS,CHAPTER V
1950,575,PRELIMINARY,CHAPTER I
1951,575,SALARY AND OTHER CONDITIONS OF SERVICE OF THE COMPTROLLER AND AUDITOR-GENERAL,CHAPTER II
1952,575,DUTIES AND POWERS OF THE COMPTROLLER AND AUDITOR-GENERAL,CHAPTER III
1953,575,MISCELLANEOUS,CHAPTER IV
1954,579,PRELIMINARY,CHAPTER I
1955,579,MARINE PRODUCTS EXPORT DEVELOPMENT AUTHORITY,CHAPTER II
1956,579,REGISTRATION,CHAPTER III
1957,579,"FINANCE, ACCOUNTS AND AUDIT",CHAPTER IV
1958,579,CONTROL BY CENTRAL GOVERNMENT,CHAPTER V
1959,579,MISCELLANEOUS,CHAPTER VI
1960,586,PRELIMINARY,CHAPTER I
1961,586,AUTHORITIES TO BE APPOINTED OR CONSTITUTES UNDER THE ACT,CHAPTER II
1962,586,PREVENTION AND DETECTION OF OFFENCES,CHAPTER VI
1963,586,FORFEITURE OF PROPERTY DERIVED FROM ILLEGAL HUNTING AND TRADE,CHAPTER VIA
1964,586,MISCELLANEOUS,CHAPTER VII
1965,586,HUNTING OF WILD ANIMALS,CHAPTER III
1966,586,PROTECTION OF SPECIFIED PLANTS,CHAPTER IIIA
1967,586,PROTECTED AREAS,CHAPTER IV
1968,586,CENTRAL ZOO AUTHORITY AND RECOGNITION OF ZOOS,CHAPTER IVA
1969,586,NATIONAL TIGER CONSERVATION AUTHORITY,CHAPTER IV B
1970,586,TIGER AND OTHER ENDANGERED SPECIES CRIME CONTROL BUREAU,CHAPTER IV C
1971,586,"TRADE OR COMMERCE IN WILD ANIMALS, ANIMAL ARTICLES AND TROPHIES",CHAPTER V
1972,586,"PROHIBITION OF TRADE OR COMMERCE IN TROPHIES, ANIMAL ARTICLES, ETC., DERIVED FROM CERTAIN ANIMALS",CHAPTER VA
1973,595,PRELIMINARY,CHAPTER I
1974,595,THE CENTRAL COUNCIL AND ITS COMMITTEES,CHAPTER II
1975,595,,CHAPTER IIA
1976,595,RECOGNITION OF MEDICAL QUALIFICATIONS,CHAPTER III
1977,595,THE CENTRAL REGISTER OF HOMOEOPATHY,CHAPTER IV
1978,595,MISCELLANEOUS,CHAPTER V
1979,596,PRELIMINARY,CHAPTER I
1980,596,ESTABLISHMENT OF THE COMMISSION,CHAPTER II
1981,596,FUNCTIONS AND POWERS OF THE COMMISSION,CHAPTER III
1982,596,"FUND, ACCOUNTS AND AUDIT",CHAPTER IV
1983,596,MISCELLANEOUS,CHAPTER V
1984,597,PRELIMINARY,CHAPTER I
1985,597,THE CENTRAL AND STATE BOARDS FOR PREVENTION AND CONTROL OF WATER POLLUTION,CHAPTER II
1986,597,JOINT BOARDS,CHAPTER III
1987,597,POWERS AND FUNCTIONS OF BOARDS,CHAPTER IV
1988,597,PREVENTION AND CONTROL OF WATER POLLUTION,CHAPTER V
1989,597,"FUNDS, ACCOUNTS AND AUDIT",CHAPTER VI
1990,597,PENALTIES AND PROCEDURE,CHAPTER VII
1991,597,MISCELLANEOUS,CHAPTER VIII
1992,599,PRELIMINARY,CHAPTER I
1993,599,PROVISIONS RELATING TO CONSERVATION OF COAL AND DEVELOPMENT OF COAL MINES,CHAPTER II
1994,599,DISSOLUTION OF THE COAL BOARD AND TRANSFER OF EMPOLYEES THEREOF,CHAPTER III
1995,599,MISCELLANEOUS,CHAPTER IV
1996,600,PRELIMINARY,CHAPTER I
1997,600,THE OIL INDUSTRY DEVELOPMENT BOARD,CHAPTER II
1998,600,"FINANCE, ACCOUNTS AND AUDIT",CHAPTER III
1999,600,CONTROL BY THE CENTRAL GOVERNMENT,CHAPTER IV
2000,600,MISCELLANEOUS,CHAPTER V
2001,603,PRELIMINARY,CHAPTER I
2002,603,DEFINITIONS,CHAPTER II
2003,603,OFFENCES,CHAPTER III
2004,603,MISCELLANEOUS,CHAPTER IV
2005,609,PRELIMINARY,CHAPTER I
2006,609,PAYMENT OF REMUNERATION AT EQUAL RATES TO MEN AND WOMEN WORKERS AND OTHER MATTERS,CHAPTER II
2007,609,MISCELLANEOUS,CHAPTER III
2008,613,PRELIMINARY,CHAPTER I
2009,613,ESTABLISHMENT OF THE BOARD,CHAPTER II
2010,613,FUNCTIONS AND POWERS OF THE BOARD,CHAPTER III
2011,613,"FINANCE, ACCOUNTS AND AUDIT",CHAPTER IV
2012,613,MISCELLANEOUS,CHAPTER V
2013,619,PRELIMINARY,CHAPTER I
2014,619,ACQUISITION OF LADY HARDINGE MEDICAL COLLEGE AND HOSPITAL,CHAPTER II
2015,619,MANAGEMENT OF THE KALAVATI SARAN HOSPITAL,CHAPTER III
2016,619,MISCELLANEOUS,CHAPTER IV
2017,622,PRELIMINARY,CHAPTER I
2018,622,ESTABLISHMENT OF THE PRESS COUNCIL,CHAPTER II
2019,622,POWERS AND FUNCTIONS OF THE COUNCIL,CHAPTER III
2020,622,MISCELLANEOUS,CHAPTER IV
2021,623,PRELIMINARY,CHAPTER I
2022,623,THE COCONUT DEVELOPMENT BOARD,CHAPTER II
2023,623,"FINANCE, ACCOUNTS AND AUDIT",CHAPTER III
2024,623,CONTROL BY CENTRAL GOVERNMENT,CHAPTER IV
2025,623,MISCELLANEOUS,CHAPTER V
2026,628,PRELIMINARY,CHAPTER I
2027,628,TRANSFER OF THE UNDERTAKINGS OF EXISTING BANKS AND SHARE CAPITALS OF THE CORRESPONDING NEW BANKS,CHAPTER II
2028,628,PAYMENT OF AMOUNT,CHAPTER III
2029,628,MANAGEMENT OF CORRESPONDING NEW BANKS,CHAPTER IV
2030,628,MISCELLANEOUS,CHAPTER V
2031,630,PRELIMINARY,CHAPTER I
2032,630,CENTRAL AND STATE BOARDSFOR THE PREVENTION AND CONTROLOF AIR POLLUTION,CHAPTER II
2033,630,POWERS AND FUNCTIONS OF BOARDS,CHAPTER III
2034,630,PREVENTION AND CONTROL OF AIR POLLUTION,CHAPTER IV
2035,630,"FUND, ACCOUNTS AND AUDIT",CHAPTER V
2036,630,PENALTIES AND PROCEDURE,CHAPTER VI
2037,630,MISCELLANEOUS,CHAPTER VII
2038,632,PRELIMINARY,CHAPTER I
2039,632,ACQUISITION OF THE SHARES OF THE COMPANY,CHAPTER II
2040,632,MISCELLANEOUS,CHAPTER III
2041,633,PRELIMINARY,CHAPTER I
2042,633,ACQUISITION AND TRANSFER OF THE UNDERTAKINGS OF THE COMPANY,CHAPTER II
2043,633,PAYMENT OF AMOUNTS,CHAPTER III
2044,633,"MANAGEMENT, ETC., OF THE UNDERTAKINGS OF THE COMPANY",CHAPTER IV
2045,633,PROVISIONS RELATING TO THE EMPLOYEES OF THE COMPANY,CHAPTER V
2046,633,COMMISSIONER OF PAYMENTS,CHAPTER VI
2047,633,MISCELLANEOUS,CHAPTER VII
2048,636,PRELIMINARY,CHAPTER I
2049,636,REGULATION OF EMPLOYMENT OF CINE-WORKERS,CHAPTER II
2050,636,REGULATION OF EMPLOYMENT OF CINEMA THEATRE WORKERS,CHAPTER III
2051,637,PRELIMINARY,CHAPTER I
2052,637,ESTABLISHMENT OF THE NATIONAL BANK FOR AGRICULTURE AND RURAL DEVELOPMENT AND CAPITAL THEREOF,CHAPTER II
2053,637,MANAGEMENT OF THE NATIONAL BANK,CHAPTER III
2054,637,TRANSFER OF BUSINESS TO THE NATIONAL BANK,CHAPTER IV
2055,637,BORROWINGS BY THE NATIONAL BANK,CHAPTER V
2056,637,CREDIT FUNCTIONS OF THE NATIONAL BANK,CHAPTER VI
2057,637,OTHER FUNCTIONS OF THE NATIONAL BANK,CHAPTER VII
2058,637,"FUNDS, ACCOUNTS AND AUDIT",CHAPTER VIII
2059,637,STAFF,CHAPTER IX
2060,637,MISCELLANEOUS,CHAPTER X
2061,641,PRELIMINARY,CHAPTER I
2062,641,ACQUISITION OF THE UNDERTAKINGS OF THE TWO SPECIFIED COMPANIES,CHAPTER II
2063,641,PAYMENT OF AMOUNT,CHAPTER III
2064,641,"DUTY OF PERSONS IN CHARGE OF MANAGEMENT OF THE UNDERTAKINGS OF THE TWO SPECIFIED COMPANIES TO DELIVER ALL ASSETS, ETC.",CHAPTER IV
2065,641,MISCELLANEOUS,CHAPTER V
2066,642,PRELIMINARY,CHAPTER I
2067,642,"REGISTRATION OF CHITS, COMMENCEMENT AND CONDUCT OF CHIT BUSINESS",CHAPTER II
2068,642,APPOINTMENT OF OFFICERS AND LEVY OF FEES,CHAPTER XI
2069,642,DISPUTES AND ARBITRATION,CHAPTER XII
2070,642,MISCELLANEOUS,CHAPTER XIII
2071,642,RIGHTS AND DUTIES OF FOREMAN,CHAPTER III
2072,642,RIGHTS AND DUTIES OF NON-PRIZED SUBSCRIBERS,CHAPTER IV
2073,642,RIGHTS AND DUTIES OF PRIZED SUBSCRIBERS,CHAPER V
2074,642,TRANSFERS,CHAPTER VI
2075,642,MEETINGS OF GENERAL BODY OF SUBSCRIBERS,CHAPTET VII
2076,642,TERMINATION OF CHITS,CHAPTER VIII
2077,642,INSPECTION OF DOCUMENTS,CHAPTER IX
2078,642,WINDING UP OF CHITS,CHAPTER X
2079,645,PRELIMINARY,CHAPTER I
2080,645,ACQUISITION AND TRANSFER OF CERTAIN SHARES OF SIKKIM BANK,CHAPTER II
2081,645,VESTING OF UNDERTAKINGS OF SIKKIM BANK IN THE CENTRAL GOVERNMENT,CHAPTER III
2082,645,PAYMENT OF AMOUNTS,CHAPTER IV
2083,645,"MANAGEMENT, ETC., OF THE UNDERTAKINGS OF SIKK",CHAPTER V
2084,645,PROVISIONS RELATING TO THE EMPLOYEES OF THE SIKKIM BANK,CHAPTER VI
2085,645,MISCELLANEOUS,CHAPTER VII
2086,646,PRELIMINARY,CHAPTER I
2087,646,OFFENCES,CHAPTER II
2088,646,MISCELLANEOUS,CHAPTER III
2089,647,PRELIMINARY,CHAPTER I
2090,647,ACQUISITION AND TRANSFER OF THE UNDERTAKINGS OF THE COMPANY,CHAPTER II
2091,647,PAYMENT OF AMOUNTS,CHAPTER III
2092,647,"MANAGEMENT, ETC., OF THE UNDERTAKINGS OF THE COMPANY",CHAPTER IV
2093,647,PROVISIONS RELATING TO THE EMPLOYEES OF THE COMPANY,CHAPTER V
2094,647,COMMISSIONER OF PAYMENTS,CHAPTER VI
2095,647,MISCELLANEOUS,CHAPTER VII
2096,652,PRELIMINARY,CHAPTER I
2097,652,ESTABLISHMENT OF TRIBUNALS,CHAPTER II
2098,652,PROVISIONSAPPLICABLE TO ALL TRIBUNALS,CHAPTER III
2099,652,ENFORCEMENT OF THE ORDERS MADE BY THE TRIBUNALS,CHAPTER IV
2100,652,MISCELLANEOUS,CHAPTER V
2101,661,PRELIMINARY,CHAPTER I
2102,661,FAMILY COURTS,CHAPTER II
2103,661,JURISDICTION,CHAPTER III
2104,661,PROCEDURE,CHAPTER IV
2105,661,APPEALS AND REVISIONS,CHAPTER V
2106,661,MISCELLANEOUS,CHAPTER VI
2107,662,PRELIMINARY,CHAPTER I
2108,662,INDIAN VETERINARY COUNCIL,CHAPTER II
2109,662,INDIAN VETERINARY PRACTITIONERS REGISTER,CHAPTER III
2110,662,PRIVILEGES OF REGISTERED VETERINARY PRACTITIONERS,CHAPTER IV
2111,662,DISCIPLINE,CHAPTER V
2112,662,STATE VETERINARY COUNCILS,CHAPTER VI
2113,662,REGISTRATION,CHAPTER VII
2114,662,MISCELLANEOUS,CHAPTER VIII
2115,663,PRELIMINARY,CHAPTER I
2116,663,THE CALCUTTA METRO RAILWAY ADMINISTRATION,CHAPTER II
2117,663,SPECIAL PROVISIONS FOR THE RUNNING OF THE METRO RAILWAY,CHAPTER III
2118,663,MISCELLANEOUS,CHAPTER IV
2119,664,PRELIMINARY,CHAPTER I
2120,664,ESTABLISHMENT OF TRIBUNALS AND BENCHES THEREOF,CHAPTER II
2121,664,"JURISDICTION, POWERS AND AUTHORITY OF TRIBUNALS",CHAPTER III
2122,664,PROCEDURE,CHAPTER IV
2123,664,MISCELLANEOUS,CHAPTER V
2124,669,PRELIMINARY,CHAPTER I
2125,669,INLAND WATERWAYS AUTHORITY OF INDIA,CHAPTER II
2126,669,PROPERTY AND CONTRACTS,CHAPTER III
2127,669,FUNCTIONS AND POWERS OF THE AUTHORITY,CHAPTER IV
2128,669,"FINANCE, ACCOUNTS AND AUDIT",CHAPTER V
2129,669,MISCELLANEOUS,CHAPTER VI
2130,672,PRELIMINARY,CHAPTER I
2131,672,GENERAL POWERS OF THE CENTRAL GOVERNMENT,CHAPTER II
2132,672,"PREVENTION, CONTROL AND ABATEMENT OF ENVIRONMENTAL POLLUCTION",CHAPTER III
2133,672,MISCELLANEOUS,CHAPTER IV
2134,676,PRELIMINARY,CHAPTER I
2135,676,CONSUMER PROTECTION COUNCILS,CHAPTER II
2136,676,CONSUMER DISPUTES REDRESSAL AGENCIES,CHAPTER III
2137,676,MISCELLANEOUS,CHAPTER IV
2138,679,PRELIMINARY,CHAPTER I
2139,679,ABOLITION OF MINING CONCESSIONS AND DECLARATION AS MINING LEASES UNDER THE MINES AND MINERALS ACT,CHAPTER II
2140,679,PAYMENT OF AMOUNTS,CHAPTER III
2141,679,COMMISSIONER OF PAYMENTS,CHAPTER IV
2142,679,MISCELLANEOUS,CHAPTER V
2143,681,PRELIMINARY,CHAPTER I
2144,681,ESTABLISHMENT OF RAILWAY CLAIMS TRIBUNAL AND BENCHES THEREOF,CHAPTER II
2145,681,"JURISDICTION, POWERS AND AUTHORITY OF CLAIMS TRIBUNAL",CHAPTER III
2146,681,PROCEDURE,CHAPTER IV
2147,681,APPEALS,CHAPTER V
2148,681,MISCELLANEOUS,CHAPTER VI
2149,688,PRELIMINARY,CHAPTER I
2150,688,APPOINTMENT OF SPECIAL JUDGES,CHAPTER II
2151,688,OFFENCES AND PENALTIES,CHAPTER III
2152,688,INVESTIGATION INTO CASES UNDER THE ACT,CHAPTER IV
2153,688,ATTACHMENT AND FORFEITURE OF PROPERTY,CHAPTER IV A
2154,688,SANCTION FOR PROSECUTION AND OTHER MISCELLANEOUS PROVISIONS,CHAPTER V
2155,690,PRELIMINARY,CHAPTER I
2156,690,RAILWAY ADMINISTRATIONS,CHAPTER II
2157,690,CARRIAGE OF GOODS,CHAPTER IX
2158,690,SPECIAL PROVISIONS AS TO GOODS BOOKED TO NOTIFIED STATIONS,CHAPTER X
2159,690,RESPONSIBILITIES OF RAILWAY ADMINISTRATIONS AS CARRIERS,CHAPTER XI
2160,690,ACCIDENTS,CHAPTER XII
2161,690,LIABILITY OF RAILWAY ADMINISTRATION FOR DEATH AND INJURY TO PASSENGERS DUE TO ACCIDENTS,CHAPTER XIII
2162,690,REGULATION OF HOURS OF WORK AND PERIOD OF REST,CHAPTER XIV
2163,690,PENALTIES AND OFFENCES,CHAPTER XV
2164,690,MISCELLANEOUS,CHAPTER XVI
2165,690,RAIL LAND DEVELOPMENT AUTHORITY,CHAPTER IIA
2166,690,COMMISSIONERS OF RAILWAY SAFETY,CHAPTER III
2167,690,CONSTRUCTION AND MAINTENANCE OF WORKS,CHAPTER IV
2168,690,LAND ACQUISITION FOR A SPECIAL RAILWAY PROJECT,CHAPTER IVA
2169,690,OPENING OF RAILWAYS,CHAPTER V
2170,690,FIXATION OF RATES,CHAPTER VI
2171,690,TRIBUNAL,CHAPTER VII
2172,690,CARRIAGE OF PASSENGERS,CHAPTER VIII
2173,691,PRELIMINARY,CHAPTER I
2174,691,OFFENCES OF ATROCITIES,CHAPTER II
2175,691,EXTERNMENT,CHAPTER III
2176,691,SPECIAL COURTS,CHAPTER IV
2177,691,RIGHTS OF VICTIMS AND WITNESSES,CHAPTER IVA
2178,693,PRELIMINARY,CHAPTER I
2179,693,PRASAR BHARATI (BROADCASTING CORPORATION OF INDIA),CHAPTER II
2180,693,"ASSETS, FINANCES AND ACCOUNTS",CHAPTER III
2181,693,MISCELLANEOUS,CHAPTER IV
2182,695,PRELIMINARY,CHAPTER I
2183,695,SALARY AND OTHER CONDITIONS OF SERVICE OF THE CHIEF ELECTION COMMISSIONER AND ELECTION COMMISSIONERS,CHAPTER II
2184,695,TRANSACTION OF BUSINESS OF ELECTION COMMISSION,CHAPTER III
2185,696,PRELIMINARY,CHAPTER I
2186,696,REMITTANCES OF FOREIGN EXCHANGE,CHAPTER II
2187,696,INVESTMENT IN FOREIGN EXCHANGE BONDS,CHAPTER III
2188,699,PRELIMINARY,CHAPTER I
2189,699,ESTABLISHMENT OF THE SECURITIES AND EXCHANGE BOARD OF INDIA,CHAPTER II
2190,699,"TRANSFER OF ASSETS, LIABILITIES, ETC., OF THE EXISTING SECURITIES AND EXCHANGE BOARD TO THE BOARD",CHAPTER III
2191,699,POWERS AND FUNCTIONS OF THE BOARD,CHAPTER IV
2192,699,REGISTRATION CERTIFICATE,CHAPTER V
2193,699,"PROHIBITION OF MANIPULATIVE AND DECEPTIVE DEVICES, INSIDER TRADING AND SUBSTANTIAL ACQUISITION OF SECURITIES OR CONTROL",CHAPTER VA
2194,699,"FINANCE, ACCOUNTS AND AUDIT",CHAPTER VI
2195,699,PENALTIES AND ADJUDICATION,CHAPTER VIA
2196,699,"ESTABLISHMENT, JURISDICTION, AUTHORITY AND PROCEDURE OF APPELLATE TRIBUNAL",CHAPTER VIB
2197,699,MISCELLANEOUS,CHAPTER VII
2198,701,PRELIMINARY,CHAPTER I
2199,701,POWER OF CENTRAL GOVERNMENT TO MAKE ORDER AND ANNOUNCE FOREIGN TRADE POLICY,CHAPTER II
2200,701,IMPORTER-EXPORTER CODE NUMBER AND LICENCE,CHAPTER III
2201,701,QUANTITATIVE RESTRICTIONS,CHAPTER IIIA
2202,701,"SEARCH, SEIZURE, PENALTY AND CONFISCATION",CHAPTER IV
2203,701,"CONTROLS ON EXPORT OF SPECIFIED GOODS, SERVICES AND TECHNOLOGY",CHAPTER IVA
2204,701,APPEAL AND REVIEW,CHAPTER V
2205,701,MISCELLANEOUS,CHAPTER VI
2206,703,PRELIMINARY,CHAPTER I
2207,703,CONSTITUTION OF THE FORCE AND CONDITIONS OR SERVICE OF THE MEMBERS OF THE FORCE,CHAPTER II
2208,703,MISCELLANEOUS,CHAPTER XI
2209,703,OFFENCES,CHAPTER III
2210,703,PUNISHMENTS,CHAPTER IV
2211,703,DEDUCTIONS FROM PAY AND ALLOWANCES,CHAPTER V
2212,703,ARREST AND PROCEEDINGS BEFORE TRIAL,CHAPTER VI
2213,703,FORCE COURTS,CHAPTER VII
2214,703,PROCEDURE OF FORCE COURTS,CHAPTER VIII
2215,703,CONFIRMATION AND REVISION,CHAPTER IX
2216,703,"EXECUTION OF SENTENCES, PARDONS, REMISSIONS, ETC.",CHAPTER X
2217,706,PRELIMINARY,CHAPTER I
2218,706,REGULATION OF MULTIMODAL TRANSPORTATION,CHAPTER II
2219,706,MULTIMODAL TRANSPORT DOCUMENT,CHAPTER III
2220,706,RESPONSIBILITIES AND LIABILITIES OF THE MULTIMODAL TRANSPORT OPERATOR,CHAPTER IV
2221,706,MISCELLANEOUS,CHAPTER V
2222,707,PRELIMINARY,CHAPTER I
2223,707,ACQUISITION OF THE AREA IN AYODHYA,CHAPTER II
2224,707,MANAGEMENT AND ADMINISTRATION OF PROPERTY,CHAPTER III
2225,707,MISCELLANEOUS,CHAPTER IV
2226,711,PRELIMINARY,CHAPTER I
2227,711,ESTABLISHMENT OF TRIBUNAL AND APPELLATE TRIBUNAL,CHAPTER II
2228,711,"JURISDICTION, POWERS AND AUTHORITY OF TRIBUNALS",CHAPTER III
2229,711,PROCEDURE OF TRIBUNALS,CHAPTER IV
2230,711,RECOVERY OF DEBT DETERMINED BY TRIBUNAL,CHAPTER V
2231,711,MISCELLANEOUS,CHAPTER VI
2232,714,PRELIMINARY,CHAPTER I
2233,714,THE NATIONAL HUMAN RIGHTS COMMISSION,CHAPTER II
2234,714,FUNCTIONS AND POWERS OF THE COMMISSION,CHAPTER III
2235,714,PROCEDURE,CHAPTER IV
2236,714,STATE HUMAN RIGHTS COMMISSIONS,CHAPTER V
2237,714,HUMAN RIGHTS COURTS,CHAPTER VI
2238,714,"FINANCE, ACCOUNTS AND AUDIT",CHAPTER VII
2239,714,MISCELLANEOUS,CHAPTER VIII
2240,717,PRELIMINARY,CHAPTER I
2241,717,THE AIRPORTS AUTHORITY OF INDIA,CHAPTER II
2242,717,FUNCTIONS OF THE AUTHORITY,CHAPTER III
2243,717,PROPERTY AND CONTRACT,CHAPTER IV
2244,717,"FINANCE, ACCOUNTS AND AUDIT",CHAPTER V
2245,717,"EVICTION OF UNAUTHORISED OCCUPANTS, ETC., OF AIRPORT PREMISES",CHAPTER VA
2246,717,MISCELLANEOUS,CHAPTER VI
2247,718,PRELIMINARY,CHAPTER I
2248,718,REGULATION OF CABLE TELEVISION NETWORK,CHAPTER II
2249,718,SEIZURE AND CONFISCATION OF CERTAIN EQUIPMENT,CHAPTER III
2250,718,OFFENCES AND PENALTIES,CHAPTER IV
2251,718,MISCELLANEOUS,CHAPTER V
2252,719,PRELIMINARY,CHAPTER I
2253,719,ACQUISITION AND TRANSFER OF THE TEXTILE UNDERTAKINGS,CHAPTER II
2254,719,PAYMENT OF AMOUNTS,CHAPTER III
2255,719,"MANAGEMENT, ETC., OF TEXTILE UNDERTAKINGS",CHAPTER IV
2256,719,PROVISIONS RELATING TO EMPLOYEES OF TEXTILE UNDERTAKINGS,CHAPTER V
2257,719,COMMISSIONERS OF PAYMENTS,CHAPTER VI
2258,719,MISCELLANEOUS,CHAPTER VII
2259,720,PRELIMINARY,CHAPTER I
2260,720,TECHNOLOGY DEVELOPMENT BOARD,CHAPTER II
2261,720,APPLICATION FOR GRANT OF FINANCIAL ASSISTANCE,CHAPTER III
2262,720,"FINANCE, ACCOUNTS AND AUDIT",CHAPTER IV
2263,720,MISCELLANEOUS,CHAPTER V
2264,721,PRELIMINARY,CHAPTER I
2265,721,CERTIFICATE OF COMMENCEMENT OF BUSINESS,CHAPTER II
2266,721,"RIGHTS AND OBLIGATIONS OF DEPOSITORIES, PARTICIPANTS, ISSUERS AND BENEFICIAL OWNERS",CHAPTER III
2267,721,ENQUIRY AND INSPECTION,CHAPTER IV
2268,721,MISCELLANEOUS,CHAPTER V
2269,721,[OMITTED.].,
2270,723,PRELIMINARY,CHAPTER I
2271,723,THE ADVISORY COMMITTEES AND EXPERT COMMITTEES,CHAPTER II
2272,723,MISCELLANEOUS,CHAPTER XI
2273,723,REGISTRATION OF ESTABLISHMENTS,CHAPTER III
2274,723,REGISTRATION OF BUILDING WORKERS AS BENEFICIARIES,CHAPTER IV
2275,723,BUILDING AND OTHER CONSTRUCTION WORKERS’ WELFARE BOARDS,CHAPTER V
2276,723,"HOURS OF WORK, WELFARE MEASURES AND OTHER CONDITIONS OF SERVICE OF BUILDING WORKERS",CHAPTER VI
2277,723,SAFETY AND HEALTH MEASURES,CHAPTER VII
2278,723,INSPECTING STAFF,CHAPTER VIII
2279,723,SPECIAL PROVISIONS,CHAPTER IX
2280,723,PENALTIES AND PROCEDURE,CHAPTER X
2281,726,PRELIMINARY,CHAPTER I
2282,726,TAKING OVER OF THE MANAGEMENT OF THE LALIT KALA AKADAMI,CHAPTER II
2283,726,MISCELLANEOUS,CHAPTER III
2284,727,PRELIMINARY,CHAPTER I
2285,727,TELECOM REGULATORY AUTHORITY OF INDIA,CHAPTER II
2286,727,POWERS AND FUNCTIONS OF THE AUTHORITY,CHAPTER III
2287,727,APPELLATE TRIBUNAL,CHAPTER IV
2288,727,"FINANCE, ACCOUNTS AND AUDIT",CHAPTER V
2289,727,MISCELLANEOUS,CHAPTER VI
2290,733,PRELIMINARY,CHAPTER I
2291,733,INSURANCE REGULATORYAND DEVELOPMENT AUTHORITY,CHAPTER II
2292,733,"TRANSFER OF ASSETS, LIABILITIES, ETC., OF INTERIM INSURANCE REGULATORY AUTHORITY",CHAPTER III
2293,733,"DUTIES, POWERS AND FUNCTIONS OF AUTHORITY",CHAPTER IV
2294,733,"FINANCE, ACCOUNTS AND AUDIT",CHAPTER V
2295,733,MISCELLANEOUS,CHAPTER VI
2296,734,PRELIMINARY,CHAPTER I
2297,734,THE REGISTER AND CONDITIONS FOR REGISTRATION,CHAPTER II
2298,734,SPECIAL PROVISIONS FOR TEXTILE GOODS. [Omitted],CHAPTER X
2299,734,APPELLATE BOARD,CHAPTER XI
2300,734,"OFFENCES, PENALTIES AND PROCEDURE",CHAPTER XII
2301,734,MISCELLANEOUS,CHAPTER XIII
2302,734,PROCEDURE FOR AND DURATION OF REGISTRATION,CHAPTER III
2303,734,EFFECT OF REGISTRATION,CHAPTER IV
2304,734,SPECIAL PROVISIONS RELATING TO PROTECTION OF TRADE MARKS THROUGH INTERNATIONAL REGISTRATION UNDER THE MADRID PROTOCOL,CHAPTER IVA
2305,734,ASSIGNMENT AND TRANSMISSION,CHAPTER V
2306,734,USE OF TRADE MARKS AND REGISTERED USERS,CHAPTER VI
2307,734,RECTIFICATION AND CORRECTION OF THE REGISTER,CHAPTER VII
2308,734,COLLECTIVE MARKS,CHAPTER VIII
2309,734,CERTIFICATION TRADE MARKS,CHAPTER IX
2310,735,PRELIMINARY,CHAPTER I
2311,735,THE REGISTER AND CONDITIONS FOR REGISTRATION,CHAPTER II
2312,735,PROCEDURE FOR AND DURATION OF REGISTRATION,CHAPTER III
2313,735,EFFECT OF REGISTRATION,CHAPTER IV
2314,735,"SPECIAL, PROVISIONS RELATING TO TRADE MARK AND PRIOR USERS",CHAPTER V
2315,735,RECTIFICATION AND CORRECTION OF THE REGISTER,CHAPTER VI
2316,735,APPEALS TO THE APPELLATE BOARD,CHAPTER VII
2317,735,"OFFENCES, PENALTIES AND PROCEDURE",CHAPTER VIII
2318,735,MISCELLANEOUS,CHAPTER IX
2319,736,PRELIMINARY,CHAPTER I
2320,736,REGULATION AND MANAGEMENT OF FOREIGN EXCHANGE,CHAPTER II
2321,736,AUTHORISED PERSON,CHAPTER III
2322,736,CONTRAVENTION AND PENALTIES,CHAPTER IV
2323,736,ADJUDICATION AND APPEAL,CHAPTER V
2324,736,DIRECTORATE OF ENFORCEMENT,CHAPTER VI
2325,736,MISCELLANEOUS,CHAPTER VII
2326,737,PRELIMINARY,CHAPTER I
2327,737,DIGITAL SIGNATURE AND ELECTRONIC SIGNATURE,CHAPTER II
2328,737,OFFENCES,CHAPTER XI
2329,737,INTERMEDIARIES NOT TO BE LIABLE IN CERTAIN CASES,CHAPTER XII
2330,737,EXAMINER OF ELECTRONIC EVIDENCE,CHAPTER XIIA
2331,737,MISCELLANEOUS,CHAPTER XIII
2332,737,ELECTRONIC GOVERNANCE,CHAPTER III
2333,737,"ATTRIBUTION, ACKNOWLEDGEMENT AND DESPATCH OF ELECTRONIC RECORDS",CHAPTER IV
2334,737,SECURE ELECTRONIC RECORDS AND SECURE ELECTRONIC SIGNATURE,CHAPTER V
2335,737,REGULATION OF CERTIFYING AUTHORITIES,CHAPTER VI
2336,737,ELECTRONIC SIGNATURE CERTIFICATES,CHAPTER VII
2337,737,DUTIES OF SUBSCRIBERS,CHAPTER VIII
2338,737,"PENALTIES, COMPENSATION AND ADJUDICATION",CHAPTER IX
2339,737,THE APPELLATE TRIBUNAL,CHAPTER X
2340,741,PRELIMINARY,CHAPTER I
2341,741,CENTRAL ROAD AND INFRASTRUCTURE FUND,CHAPTER II
2342,741,MANAGEMENT OF CENTRAL ROAD AND INFRASTRUCTURE FUND,CHAPTER III
2343,742,PRELIMINARY,CHAPTER I
2344,742,ESTABLISHMENT OF THE NATIONAL AUTHORITY AND ITS POWERS AND FUNCTIONS,CHAPTER II
2345,742,PROHIBITION AND REGULATION OF CHEMICAL WEAPONS AND TOXIC CHEMICALS,CHAPTER III
2346,742,"REGISTRATION OF PERSONS AS PRODUCERS , USERS. ETC.",CHAPTER IV
2347,742,"INSPECTION, SEARCH, SEIZURE AND FORFEITURE",CHAPTER V
2348,742,OFFENCES AND PENALTIES,CHAPTER VI
2349,742,MISCELLANEOUS,CHAPTER VII
2350,744,PRELIMINARY,CHAPTER I
2351,744,REGULATION OF SECURITISATION AND RECONSTRUCTION OF FINANCIAL ASSETS OF BANKS AND FINANCIAL INSTITUTIONS,CHAPTER II
2352,744,ENFORCEMENT OF SECURITY INTEREST,CHAPTER III
2353,744,CENTRAL REGISTRY,CHAPTER IV
2354,744,REGISTRATION BY SECURED CREDITORS AND OTHER CREDITORS,CHAPTER IVA
2355,744,OFFENCES ANDPENALTIES,CHAPTER V
2356,744,MISCELLANEOUS,CHAPTER VI
2357,745,PRELIMINARY,CHAPTER I
2358,745,GOVERNMENT METRO RAILWAY ADMINISTRATION,CHAPTER II
2359,745,OFFENCES AND PENALTIES,CHAPTER XI
2360,745,MISCELLANEOUS,CHAPTER XII
2361,745,FUNCTIONS AND POWERS OF THE METRO RAILWAY ADMINISTRATION,CHAPTER III
2362,745,COMMISSIONER OF METRO RAILWAY SAFETY,CHAPTER IV
2363,745,OPENING OF METRO RAILWAY,CHAPTER V
2364,745,WORKING OF THE METRO RAILWAY,CHAPTER VI
2365,745,FARE FIXATION,CHAPTER VII
2366,745,ACCIDENTS,CHAPTER VIII
2367,745,CLAIMS COMMISSIONER,CHAPTER IX
2368,745,LIABILITY OF METRO RAILWAY ADMINISTRATION DUE TO ACCIDENTS,CHAPTER X
2369,746,PRELIMINARY,CHAPTER I
2370,746,OFFENCES,CHAPTER II
2371,746,MISCELLANEOUS,CHAPTER III
2372,747,PRELIMINARY,CHAPTER I
2373,747,"PROHIBITION OF CERTAIN AGREEMENTS, ABUSE OF DOMINANT POSITION AND REGULATION OF COMBINATIONS",CHAPTER II
2374,747,COMPETITION COMMISSION OF INDIA,CHAPTER III
2375,747,"DUTIES, POWERS AND FUNCTIONS OF COMMISSION",CHAPTER IV
2376,747,DUTIES OF DIRECTOR GENERAL,CHAPTER V
2377,747,PENALTIES,CHAPTER VI
2378,747,COMPETITION ADVOCACY,CHAPTER VII
2379,747,"FINANCE, ACCOUNTS AND AUDIT",CHAPTER VIII
2380,747,APPELLATE TRIBUNAL,CHAPTER VIIIA
2381,747,MISCELLANEOUS,CHAPTER IX
2382,748,PRELIMINARY,CHAPTER I
2383,748,"HIGHWAYS ADMINISTRATION AND TRIBUNALS, ETC",CHAPTER II
2384,748,PREVENTION OF UNAUTHORISED OCCUPATION OF HIGHWAY LAND AND THEIR REMOVAL,CHAPTER III
2385,748,CONTROL OF ACCESS TO THE NATIONAL HIGHWAYS,CHAPTER IV
2386,748,REGULATION OF DIFFERENT TYPES OF TRAFFIC ON NATIONAL HIGHWAYS,CHAPTER V
2387,748,"REGULATION OF CONSTRUCTION ON HIGHWAY LAND FOR PUBLIC UTILITIES, DRAINS, ETC.",CHAPTER VI
2388,748,OFFENCE AND PENALTY,CHAPTER VII
2389,748,MISCELLANEOUS,CHAPTER VIII
2390,749,PRELIMINARY,CHAPTER I
2391,749,OFFENCE OF MONEY-LAUNDERING,CHAPTER II
2392,749,"ATTACHMENT, ADJUDICATION AND CONFISCATION",CHAPTER III
2393,749,"OBLIGATIONS OF BANKING COMPANIES, FINANCIAL INSTITUTIONS AND INTERMEDIARIES",CHAPTER IV
2394,749,"SUMMONS, SEARCHES AND SEIZURES, ETC.",CHAPTER V
2395,749,APPELLATE TRIBUNAL,CHAPTER VI
2396,749,SPECIAL COURTS,CHAPTER VII
2397,749,AUTHORITIES,CHAPTER VIII
2398,749,RECIPROCAL ARRANGEMENT FOR ASSISTANCE IN CERTAIN MATTERS AND PROCEDURE FOR ATTACHMENT AND CONFISCATION OF PROPERTY,CHAPTER IX
2399,749,MISCELLANEOUS,CHAPTER X
2400,754,PRELIMINARY,CHAPTER I
2401,754,TRANSFER AND VESTING OF THE UNDERTAKING OF DEVELOPMENT BANK IN COMPANY,CHAPTER II
2402,754,MISCELLANEOUS,CHAPTER III
2403,757,PRELIMINARY,CHAPTER I
2404,757,ESTABLISHMENT OF SPECIAL ECONOMIC ZONE,CHAPTER II
2405,757,CONSTITUTION OF BOARD OF APPROVAL,CHAPTER III
2406,757,DEVELOPMENT COMMISSIONER,CHAPTER IV
2407,757,SINGLE WINDOW CLEARANCE,CHAPTER V
2408,757,SPECIAL FISCAL PROVISIONS FOR SPECIAL ECONOMIC ZONES,CHAPTE VI
2409,757,SPECIAL ECONOMIC ZONE AUTHORITY,CHAPTER VII
2410,757,MISCELLANEOUS,CHAPTER VIII
2411,758,PRELIMINARY,CHAPTER I
2412,758,GUARANTEE OF EMPLOYMENT IN RURAL AREAS,CHAPTER II
2413,758,EMOPLOYMENT GUARANTEE SCHEMES AND UNEMPLOYMENT ALLOWANCE,CHAPTER III
2414,758,IMPLEMENTING AND MONITORING AUTHORITIES,CHAPTER IV
2415,758,ESTABLISHMENT OF NATIONALAND STATE EMPLOYMENT GUARANTEE FUNDSAND AUDIT,CHAPTER V
2416,758,MISCELLANEOUS,CHAPTER VI
2417,759,PRELIMINARY,CHAPTER I
2418,759,ESTABLISHMENT OF THE NATIONAL TAX TRIBUNAL,CHAPTER II
2419,759,"JURISDICTION, POWERS AND FUNCTIONS OF NATIONAL TAX TRIBUNAL",CHAPTER III
2420,759,MISCELLANEOUS,CHAPTER VI
2421,763,PRELIMINARY,CHAPTER I
2422,763,"NATIONALBOARD FOR MICRO, SMALL AND MEDIUM ENTERPRISES",CHAPTER II
2423,763,"CLASSIFICATION OF ENTERPRISES, ADVISORY COMMITTEE ANDMEMORANDUM OF MICRO, SMALL AND MEDIUM ENTERPRISES",CHAPTER III
2424,763,"MEASURES FOR PROMOTION, DEVELOPMENT AND ENHANCEMENT OFCOMPETITIVENESS OF MICRO, SMALL AND MEDIUM ENTERPRISES",CHAPTER IV
2425,763,DELAYED PAYMENTS TO MICRO AND SMALL ENTERPRISES,CHAPTER V
2426,763,MISCELLANEOUS,CHAPTER VI
2427,764,PRELIMINARY,CHAPTER I
2428,764,FOOD SAFETYAND STANDARDS AUTHORITY OF INDIA,CHAPTER II
2429,764,"FINANCE, ACCOUNTS, AUDIT AND REPORTS",CHAPTER XI
2430,764,MISCELLANEOUS,CHAPTER XII
2431,764,GENERAL PRINCIPLES OF FOOD SAFETY,CHAPTER III
2432,764,GENERAL PROVISIONS AS TO ARTICLES OF FOOD,CHAPTER IV
2433,764,PROVISIONS RELATING TO IMPORT,CHAPTER V
2434,764,SPECIAL RESPONSIBILITIES AS TO FOOD SAFETY,CHAPTER VI
2435,764,ENFORCEMENT OF THE ACT,CHAPTER VII
2436,764,ANALYSIS OF FOOD,CHAPTER VIII
2437,764,OFFENCES AND PENALTIES,CHAPTER IX
2438,764,ADJUDICATION AND FOOD SAFETY APPELLATE TRIBUNAL,CHAPTER X
2439,771,PRELIMINARY,CHAPTER I
2440,771,MANDATORY SHARING OF SPORTS BROADCASTING SIGNALS WITH PRASAR BHARATI,CHAPTER II
2441,771,POWERS OF THE CENTRAL GOVERNMENT TO ISSUE GUIDELINES,CHAPTER III
2442,771,MISCELLANEOUS,CHAPTER IV
2443,773,PRELIMINARY,CHAPTER I
2444,773,THE INSTITUTES,CHAPTER II
2445,773,THE COUNCIL,CHAPTER III
2446,773,MISCELLANEOUS,CHAPTER IV
2447,774,PRELIMINARY,CHAPTER I
2448,774,REGULATION OF WAREHOUSING BUSINESS,CHAPTER II
2449,774,MISCELLANEOUS,CHAPTER XI
2450,774,WAREHOUSEMEN,CHAPTER III
2451,774,WAREHOUSE RECEIPTS,CHAPTER IV
2452,774,THE WAREHOUSING DEVELOPMENT AND REGULATORY AUTHORITY,CHAPTER V
2453,774,POWERS AND FUNCTIONS OF AUTHORITY,CHAPTER VI
2454,774,"FINANCE, ACCOUNTS AND AUDIT",CHAPTER VII
2455,774,POWERS OF CENTRAL GOVERNMENT,CHAPTER VIII
2456,774,APPEALS,CHAPTER IX
2457,774,OFFENCES AND PENALTIES,CHAPTER X
2458,778,PRELIMINARY,CHAPTER 1
2459,778,CONSTITUTION OF THE FORCE AND CONDITIONS OF SERVICE OF THE MEMBERS OF THE FORCE,CHAPTER II
2460,778,MISCELLANEOUS,CHAPTER XI
2461,778,OFFENCES,CHAPTER III
2462,778,PUNISHMENT,CHAPTER IV
2463,778,DEDUCTIONS FROM PAY AND ALLOWANCES,CHAPTER V
2464,778,ARREST AND PROCEEDINGS BEFORE TRIAL,CHAPTER VI
2465,778,FORCE COURTS,CHAPTER VII
2466,778,PROCEDUREOF FORCE COURTS,CHAPTER VIII
2467,778,CONFIRMATION AND REVISION OF PROCEEDINGS,CHAPTER IX
2468,778,"EXECUTION OF SENTENCES, PARDONS, REMISSIONS, ETC.",CHAPTER X
2469,779,PRELIMINARY,CHAPTER I
2470,779,ESTABLISHMENT OF TRIBUNAL AND BENCHES THEREOF,CHAPTER II
2471,779,"JURISDICTION, POWERS AND AUTHORITY OF THE TRIBUNAL",CHAPTER III
2472,779,PROCEDURE,CHAPTER IV
2473,779,APPEAL,CHAPTER V
2474,779,MISCELLANEOUS,CHAPTER VI
2475,780,PRELIMINARY,CHAPTER I
2476,780,DESIGNATED AUTHORITY AND ITS COMMITTEE,CHAPTER II
2477,780,AUTHORISATION OF PAYMENT SYSTEMS,CHAPTER III
2478,780,REGULATION AND SUPERVISION BY THE RESERVE BANK,CHAPTER IV
2479,780,RIGHTS AND DUTIES OF A SYSTEM PROVIDER,CHAPTER V
2480,780,SETTLEMENT OF DISPUTES,CHAPTER VI
2481,780,OFFENCES AND PENALTIES,CHAPTER VII
2482,780,MISCELLANEOUS,CHAPTER VIII
2483,781,PRELIMINARY,CHAPTER I
2484,781,NATURE OF LIMITED LIABILITY PARTNERSHIP,CHAPTER II
2485,781,FOREIGN LIMITED LIABILITY PARTNERSHIPS,CHAPTER XI
2486,781,"COMPROMISE, ARRANGEMENT OR RECONSTRUCTION OF LIMITED LIABILITY PARTNERSHIPS",CHAPTER XII
2487,781,WINDING UP AND DISSOLUTION,CHAPTER XIII
2488,781,MISCELLANEOUS,CHAPTER XIV
2489,781,INCORPORATION OF LIMITED LIABILITY PARTNERSHIP AND MATTERS INCIDENTAL THERETO,CHAPTER III
2490,781,PARTNERS AND THEIR RELATIONS,CHAPTER IV
2491,781,EXTENT AND LIMITATION OF LIABILITY OF LIMITED LIABILITY PARTNERSHIP AND PARTNERS,CHAPTER V
2492,781,CONTRIBUTIONS,CHAPTER VI
2493,781,FINANCIAL DISCLOSURES,CHAPTER VII
2494,781,ASSIGNMENT AND TRANSFER OF PARTNERSHIP RIGHTS,CHAPTER VIII
2495,781,INVESTIGATION,CHAPTER IX
2496,781,CONVERSION INTO LIMITED LIABILITY PARTNERSHIP,CHAPTER X
2497,782,PRELIMINARY,CHAPTER I
2498,782,THE AIRPORTS ECONOMIC REGULATORY AUTHORITY,CHAPTER II
2499,782,POWERS AND FUNCTIONS OF THE AUTHORITY,CHAPTER III
2500,782,APPELLATE TRIBUNAL,CHAPTER IV
2501,782,"FINANCE, ACCOUNTS AND AUDIT",CHAPTER V
2502,782,OFFENCES AND PENALTIES,CHAPTER VI
2503,782,MISCELLANEOUS,CHAPTER VII
2504,783,PRELIMINARY,CHAPTER I
2505,783,SOCIAL SECURITY BENEFITS,CHAPTER II
2506,783,NATIONAL SOCIAL SECURITY BOARD FOR UNORGANISED WORKERS,CHAPTER III
2507,783,STATE SOCIAL SECURITY BOARD FOR UNORGANISED WORKERS,CHAPTER IV
2508,783,REGISTRATION,CHAPTER V
2509,783,MISCELLANEOUS,CHAPTER VI
2510,784,PRELIMINARY,CHAPTER I
2511,784,NATIONAL INVESTIGATION AGENCY,CHAPTER II
2512,784,INVESTIGATION BY THE NATIONAL INVESTIGATION AGENCY,CHAPTER III
2513,784,SPECIAL COURTS,CHAPTER IV
2514,784,MISCELLANEOUS,CHAPTER V
2515,785,PRELIMINARY,CHAPTER I
2516,785,COLLECTION OF STATISTICS,CHAPTER II
2517,785,DISCLOSURE OF INFORMATION IN CERTAIN CASES AND RESTRICTIONS OF THEIR USE,CHAPTER III
2518,785,OFFENCES AND PENALTIES,CHAPTER IV
2519,785,POWER IN RESPECT OF CORE STATISTICS,CHAPTER V
2520,785,MISCELLANEOUS,CHAPTER VI
2521,786,PRELIMINARY,CHAPTER I
2522,786,SCIENCE AND ENGINEERING RESEARCH BOARD,CHAPTER II
2523,786,APPLICATION FOR SANCTION OF FINANCIAL ASSISTANCE,CHAPTER III
2524,786,"FINANCE, ACCOUNTS AND AUDIT",CHAPTER IV
2525,786,MISCELLANEOUS,CHAPTER V
2526,789,PRELIMINARY,CHAPTER I
2527,789,CONTROL OF SCHEDULED DISEASES,CHAPTER II
2528,789,INFECTED AREAS,CHAPTER III
2529,789,INFECTED ANIMALS,CHAPTER IV
2530,789,ENFORCEMENTAND PENALTIES,CHAPTER V
2531,789,"PRECAUTIONARY MEASURES ON CAUSATIVE ORGANISM, ETC.",CHAPTER VI
2532,789,MISCELLANEOUS,CHAPTER VII
2533,792,PRELIMINARY,CHAPTER I
2534,792,ESTABLISHMENT OF THE TRIBUNAL,CHAPTER II
2535,792,"JURISDICTION, POWERS AND PROCEEDINGS OF THE TRIBUNAL",CHAPTER III
2536,792,PENALTY,CHAPTER IV
2537,792,MISCELLANEOUS,CHAPTER V
2538,793,PRELIMINARY,CHAPTER I
2539,793,THE NATIONAL COUNCIL FOR CLINICAL ESTABLISHMENTS,CHAPTER II
2540,793,REGISTRATION AND STANDARDS FOR CLINICAL ESTABLISHMENTS,CHAPTER III
2541,793,PROCEDURE FOR REGISTRATION,CHAPTER IV
2542,793,REGISTER OF CLINICAL ESTABLISHMENTS,CHAPTER V
2543,793,PENALTIES,CHAPTER VI
2544,793,MISCELLANEOUS,CHAPTER VII
2545,798,PRELIMINARY,CHAPTER I
2546,798,INCORPORATION OF COMPANY AND MATTERS INCIDENTAL THERETO,CHAPTER II
2547,798,APPOINTMENT AND QUALIFICATIONS OF DIRECTORS,CHAPTER XI
2548,798,MEETINGS OF BOARD AND ITS POWERS,CHAPTER XII
2549,798,APPOINTMENT AND REMUNERATION OF MANAGERIAL PERSONNEL,CHAPTER XIII
2550,798,"INSPECTION, INQUIRY AND INVESTIGATION",CHAPTER XIV
2551,798,"COMPROMISES, ARRANGEMENTS AND AMALGAMATIONS",CHAPTER XV
2552,798,PREVENTION OF OPPRESSION AND MISMANAGEMENT,CHAPTER XVI
2553,798,REGISTERED VALUERS,CHAPTER XVII
2554,798,REMOVAL OF NAMES OF COMPANIES FROM THE REGISTER OF COMPANIES,CHAPTER XVIII
2555,798,REVIVAL AND REHABILITATION OF SICK COMPANIES,CHAPTER XIX
2556,798,WINDING UP,CHAPTER XX
2557,798,PROSPECTUS AND ALLOTMENT OF SECURITIES,CHAPTER III
2558,798,[Omitted.].,
2559,798,,CHAPTER XXI
2560,798,COMPANIES INCORPORATED OUTSIDE INDIA,CHAPTER XXII
2561,798,GOVERNMENT COMPANIES,CHAPTER XXIII
2562,798,REGISTRATION OFFICES AND FEES,CHAPTER XXIV
2563,798,COMPANIES TO FURNISH INFORMATION OR STATISTICS,CHAPTER XXV
2564,798,NIDHIS,CHAPTER XXVI
2565,798,NATIONAL COMPANY LAW TRIBUNAL AND APPELLATE TRIBUNAL,CHAPTER XXVII
2566,798,SPECIAL COURTS,CHAPTER XXVIII
2567,798,MISCELLANEOUS,CHAPTER XXIX
2568,798,SHARE CAPITAL AND DEBENTURES,CHAPTER IV
2569,798,ACCEPTANCE OF DEPOSITS BY COMPANIES,CHAPTERV
2570,798,REGISTRATION OF CHARGES,CHAPTER VI
2571,798,MANAGEMENT AND ADMINISTRATION,CHAPTER VII
2572,798,DECLARATION AND PAYMENT OF DIVIDEND,CHAPTER VIII
2573,798,ACCOUNTS OF COMPANIES,CHAPTER IX
2574,798,AUDIT AND AUDITORS,CHAPTER X
2575,799,PRELIMINARY,CHAPTER I
2576,799,DETERMINATION OF SOCIAL IMPACT AND PUBLIC PURPOSE,CHAPTER II
2577,799,TEMPORARY OCCUPATION OF LAND,CHAPTER XI
2578,799,OFFENCES AND PENALTIES,CHAPTER XII
2579,799,MISCELLANEOUS,CHAPTER XIII
2580,799,SPECIAL PROVISION TO SAFEGUARD FOOD SECURITY,CHAPTER III
2581,799,NOTIFICATION AND ACQUISITION,CHAPTER IV
2582,799,REHABILITATION AND RESETTLEMENT AWARD,CHAPTER V
2583,799,PROCEDURE AND MANNER OF REHABILITATION AND RESETTLEMENT,CHAPTER VI
2584,799,NATIONAL MONITORING COMMITTEE FOR REHABILITATION AND RESETTLEMENT,CHAPTER VII
2585,799,"ESTABLISHMENT OF LAND ACQUISITION, REHABILITATION AND RESETTLEMENT AUTHORITY",CHAPTER VIII
2586,799,APPORTIONMENT OF COMPENSATION,CHAPTER IX
2587,799,PAYMENT,CHAPTER X
2588,800,PRELIMINARY,CHAPTER I
2589,800,REGULATION OF STREET VENDING,CHAPTER II
2590,800,RIGHTS AND OBLIGATIONS OF STREET VENDORS,CHAPTER III
2591,800,RELOCATION AND EVICTION OF STREET VENDORS,CHAPTER IV
2592,800,DISPUTE REDRESSAL MECHANISM,CHAPTER V
2593,800,PLAN FOR STREET VENDING,CHAPTER VI
2594,800,TOWN VENDING COMMITTEE,CHAPTER VII
2595,800,PREVENTION OF HARASSMENT OF STREET VENDORS,CHAPTER VIII
2596,800,PENAL PROVISIONS,CHAPTER IX
2597,800,MISCELLANEOUS,CHAPTER X
2598,801,PRELIMINARY,CHAPTER I
2599,801,THE INSTITUTE,CHAPTER II
2600,801,MISCELLANEOUS,CHAPTER III
2601,802,PRELIMINARY,CHAPTER I
2602,802,THE INSTITUTES,CHAPTER II
2603,802,AUTHORITIES OF CENTRALLY FUNDED INDIAN INSTITUTE OF INFORMATION TECHNOLOGY,CHAPTER III
2604,802,ACCOUNTS AND AUDIT,CHAPTER IV
2605,802,THE COUNCIL,CHAPTER V
2606,802,MISCELLANEOUS,CHAPTER VI
2607,805,PRELIMINARY,CHAPTER I
2608,805,AUCTION AND ALLOTMENT,CHAPTER II
2609,805,TREATMENT OF RIGHTS AND OBLIGATIONS OF PRIOR ALLOTTEES,CHAPTER III
2610,805,POWERS OF THE CENTRAL GOVERNMENT AFTER THE APPOINTED DATE,CHAPTER V
2611,805,CERTAIN ARRANGEMENTS,CHAPTER V
2612,805,MISCELLANEOUS,CHAPTER VI
2613,806,PRELIMINARY,CHAPTER I
2614,806,BASIS OF CHARGE,CHAPTER II
2615,806,TAX MANAGEMENT,CHAPTER III
2616,806,PENALTIES,CHAPTER IV
2617,806,OFFENCES AND PROSECUTIONS,CHAPTER V
2618,806,TAX COMPLIANCE FOR UNDISCLOSED FOREIGN INCOME AND ASSETS,CHAPTER VI
2619,806,GENERAL PROVISIONS,CHAPTER VII
2620,808,PRELIMINARY,CHAPTER I
2621,808,HIJACKING AND CONNECTED OFFENCES,CHAPTER II
2622,808,MISCELLANEOUS,CHAPTER III
2623,809,PRELIMINARY,CHAPTER I
2624,809,BUREAU OF INDIAN STANDARDS,CHAPTER II
2625,809,"INDIAN STANDARDS, CERTIFICATION AND LICENCE",CHAPTER III
2626,809,"FINANCE, ACCOUNTS AND AUDIT",CHAPTER IV
2627,809,MISCELLANEOUS,CHAPTER V
2628,810,PRELIMINARY,CHAPTER I
2629,810,REGISTRATION OF REAL ESTATE PROJECT AND REGISTRATION OF REAL ESTATE AGENTS,CHAPTER II
2630,810,FUNCTIONS AND DUTIES OF PROMOTER,CHAPTER III
2631,810,RIGHTS AND DUTIES OF ALLOTTEES,CHAPTER IV
2632,810,THE REAL ESTATE REGULATORY AUTHORITY,CHAPTET V
2633,810,CENTRAL ADVISORY COUNCIL,CHAPTER VI
2634,810,THE REAL ESTATE APPELLATE TRIBUNAL,CHAPTER VII
2635,810,"OFFENCES, PENALTIES AND ADJUDICATION",CHAPTER VIII
2636,810,"FINANCE, ACCOUNTS, AUDITS AND REPORTS",CHAPTER IX
2637,810,MISCELLANEOUS,CHAPTER X
2638,813,PRELIMINARY,CHAPTER I
2639,813,"ESTABLISHMENT, MANAGEMENT AND UTILISATION OF NATIONAL COMPENSATORY AFFORESTATION FUND AND STATE COMPENSATORY AFFORESTATION FUNDS",CHAPTER II
2640,813,CONSTITUTION OF NATIONAL AUTHORITY AND STATE AUTHORITIES,CHAPTER III
2641,813,POWERS AND FUNCTIONS OF NATIONAL AUTHORITY AND STATE AUTHORITIES,CHAPTER IV
2642,813,"FINANCE, ACCOUNTS, AUDIT AND ANNUAL REPORT",CHAPTER V
2643,813,MISCELLANEOUS,CHAPTER VI
2644,814,PRELIMINARY,CHAPTER I
2645,814,RIGHTS AND ENTITLEMENTS,CHAPTER II
2646,814,CENTRAL AND STATE ADVISORY BOARDS ON DISABILITY AND DISTRICT LEVEL COMMITTEE,CHAPTER XI
2647,814,CHIEF COMMISSIONER AND STATE COMMISSIONER FOR PERSONS WITH DISABILITIES,CHAPTER XII
2648,814,SPECIAL COURT,CHAPTER XIII
2649,814,NATIONAL FUND FOR PERSONS WITH DISABILITIES,CHAPTER XIV
2650,814,STATE FUND FOR PERSONS WITH DISABILITIES,CHAPTER XV
2651,814,OFFENCES AND PENALTIES,CHAPTER XVI
2652,814,MISCELLANEOUS,CHAPTER XVII
2653,814,EDUCATION,CHAPTER III
2654,814,SKILL DEVELOPMENT AND EMPLOYMENT,CHAPTER IV
2655,814,"SOCIAL SECURITY, HEALTH, REHABILITATION AND RECREATION",CHAPTER V
2656,814,SPECIAL PROVISIONS FOR PERSONS WITH BENCHMARK DISABILITIES,CHAPTER VI
2657,814,SPECIAL PROVISIONS FOR PERSONS WITH DISABILITIES WITH HIGH SUPPORT NEEDS,CHAPTER VII
2658,814,DUTIES AND RESPONSIBILITIES OF APPROPRIATE GOVERNMENTS,CHAPTER VIII
2659,814,REGISTRATION OF INSTITUTIONS FOR PERSONS WITH DISABILITIES AND GRANTS TO SUCH INSTITUTIONS,CHAPTER IX
2660,814,CERTIFICATION OF SPECIFIED DISABILITIES,CHAPTER X
2661,817,PRELIMINARY,CHAPTER I
2662,817,MENTAL ILLNESS AND CAPACITY TO MAKE MENTAL HEALTHCARE AND TREATMENT DECISIONS,CHAPTER II
2663,817,MENTAL HEALTH REVIEW BOARDS,CHAPTER XI
2664,817,"ADMISSION, TREATMENT AND DISCHARGE",CHAPTER XII
2665,817,RESPONSIBILITIES OF OTHER AGENCIES,CHAPTER XIII
2666,817,RESTRICTION TO DISCHARGE FUNCTIONS BY PROFESSIONALS NOT COVERED PROFESSION,CHAPTER XIV
2667,817,OFFENCES AND PENALTIES,CHAPTER XV
2668,817,MISCELLANEOUS,CHAPTER XVI
2669,817,ADVANCE DIRECTIVE,CHAPTER III
2670,817,NOMINATED REPRESENTATIVE,CHAPTER IV
2671,817,RIGHTS OF PERSONS WITH MENTAL ILLNESS,CHAPTER V
2672,817,DUTIES OF APPROPRIATE GOVERNMENT,CHAPTER VI
2673,817,CENTRAL MENTAL HEALTH AUTHORITY,CHAPTER VII
2674,817,STATE MENTAL HEALTH AUTHORITY,CHAPTER VIII
2675,817,"FINANCE, ACCOUNTS AND AUDIT",CHAPTER IX
2676,817,MENTAL HEALTH ESTABLISHMENTS,CHAPTER X
2677,818,PRELIMINARY,CHAPTER I
2678,818,ADMINISTRATION,CHAPTER II
2679,818,REFUNDS,CHAPTER XI
2680,818,ASSESSMENT,CHAPTER XII
2681,818,AUDIT,CHAPTER XIII
2682,818,"INSPECTION, SEARCH, SEIZURE AND ARREST",CHAPTER XIV
2683,818,DEMANDS AND RECOVERY,CHAPTER XV
2684,818,LIABILITY TO PAY IN CERTAIN CASES,CHAPTER XVI
2685,818,ADVANCE RULING,CHAPTER XVII
2686,818,APPEALS AND REVISION,CHAPTER XVIII
2687,818,OFFENCES AND PENALITIS,CHAPTER XIX
2688,818,TRANSITIONAL PROVISIONS,CHAPTER XX
2689,818,LEVY AND COLLECTION OF TAX,CHAPTER III
2690,818,MISCELLANEOUS,CHAPTER XXI
2691,818,TIME AND VALUE OF SUPPLY,CHAPTER IV
2692,818,INPUT TAX CREDIT,CHAPTER V
2693,818,REGISTRATION,CHAPTER VI
2694,818,"TAX INVOICE, CREDIT AND DEBIT NOTES",CHAPTER VII
2695,818,ACCOUNTS AND RECORDS,CHAPTER VIII
2696,818,RETURNS,CHAPTER IX
2697,818,PAYMENT OF TAX,CHAPTER X
2698,819,PRELIMINARY,CHAPTER I
2699,819,ADMINISTRATION,CHAPTER II
2700,819,LEVY AND COLLECTION OF TAX,CHAPTER III
2701,819,DETERMINATION OF NATURE OF SUPPLY,CHAPTER IV
2702,819,PLACE OF SUPPLY OF GOODS OR SERVICES OR BOTH,CHAPTER V
2703,819,REFUND OF INTEGRATED TAX TO INTERNATIONAL TOURIST,CHAPTER VI
2704,819,ZERO RATED SUPPLY,CHAPTER VII
2705,819,APPORTIONMENT OF TAX AND SETTLEMENT OF FUNDS,CHAPTER VIII
2706,819,MISCELLANEOUS,CHAPTER IX
2707,820,PRELIMINARY,CHAPTER I
2708,820,ADMINISTRATION,CHAPTER II
2709,820,LEVY AND COLLECTION OF TAX,CHAPTER III
2710,820,PAYMENT OF TAX,CHAPTER IV
2711,820,"INSPECTION, SEARCH, SEIZURE AND ARREST",CHAPTER V
2712,820,DEMANDS AND RECOVERY,CHAPTER VI
2713,820,ADVANCE RULING,CHAPTER VII
2714,820,TRANSITIONAL PROVISIONS,CHAPTER VIII
2715,820,MISCELLANEOUS,CHAPTER IX
2716,822,PRELIMINARY,CHAPTER I
2717,822,PROHIBITION OF CERTAIN ACTS,CHAPTER II
2718,822,SPECIAL PROVISIONS,CHAPTER XI
2719,822,SPECIAL PROCEDURE IN COURT,CHAPTER XII
2720,822,PENALTIES,CHAPTER XIII
2721,822,MISCELLANEOUS,CHAPTER XIV
2722,822,INFORMED CONSENT,CHAPTER III
2723,822,DISCLOSURE OF HIV STATUS,CHAPTER IV
2724,822,OBLIGATION OF ESTABLISHMENTS,CHAPTER V
2725,822,ANTI-RETROVIRAL THERAPY AND OPPORTUNISTIC INFECTION MANAGEMENT FOR PEOPLE LIVING WITH HIV,CHAPTER VI
2726,822,WELFARE MEASURES BY THE CENTRAL GOVERNMENT AND STATE GOVERNMENT,CHAPTER VII
2727,822,SAFE WORKING ENVIRONMENT,CHAPTER VIII
2728,822,PROMOTION OF STRATEGIES FOR REDUCTION OF RISK,CHAPTER IX
2729,822,APPOINTMENT OF OMBUDSMAN,CHAPTER X
2730,823,PRELIMINARY,CHAPTER I
2731,823,THE INSTITUTE,CHAPTER II
2732,823,MISCELLANEOUS,CHAPTER III
2733,824,PRELIMINARY,CHAPTER I
2734,824,ADMIRALTY JURISDICTION AND MARITIME CLAIMS,CHAPTER II
2735,824,PROCEDURE AND APPEALS,CHAPTER III
2736,824,MISCELLANEOUS,CHAPTER IV
2737,825,PRELIMINARY,CHAPTER I
2738,825,THE INSTITUTES,CHAPTER II
2739,825,AUTHORITIES OF INDIAN INSTITUTES OF INFORMATION TECHNOLOGY ESTABLISHED IN PUBLIC-PRIVATE PARTNERSHIP,CHAPTER III
2740,825,ACCOUNTS AND AUDIT,CHAPTER IV
2741,825,CO-ORDINATION FORUM,CHAPTER V
2742,825,MISCELLANEOUS,CHAPTER VI
2743,828,PRELIMINARY,CHAPTER I
2744,828,THE INSTITUTES,CHAPTER II
2745,828,THE AUTHORITIES OF INSTITUTES,CHAPTER III
2746,828,ACCOUNTS AND AUDIT,CHAPTER IV
2747,828,COORDINATION FORUM,CHAPTER V
2748,828,MISCELLANEOUS,CHAPTER VI
2749,832,PRELIMINARY,CHAPTER I
2750,832,DECLARATION OF FUGITIVE ECONOMIC OFFENDERS AND CONFISCATION OF PROPERTY,CHAPTER II
2751,832,MISCELLANEOUS,CHAPTER III
2752,836,PRELIMINARY,CHAPTER I
2753,836,ESTABLISHMENT AND INCORPORATION OF NEW DELHI INTERNATIONAL ARBITRATION CENTRE,CHAPTER II
2754,836,ACQUISITION AND TRANSFER OF UNDERTAKINGS OF SOCIETY,CHAPTER III
2755,836,"FINANCE, ACCOUNTS AND AUDIT",CHAPTER IV
2756,836,CHAMBER OF ARBITRATION AND ARBITRATION ACADEMY,CHAPTER V
2757,836,MISCELLANEOUS,CHAPTER VI
2758,837,PRELIMINARY,CHAPTER I
2759,837,DECLARATION OF TALAQ TO BE VOID AND ILLEGAL,CHAPTER II
2760,837,PROTECTION OF RIGHTS OF MARRIED MUSLIM WOMEN,CHAPTER III
2761,838,PRELIMINARY,CHAPTER I
2762,838,CONSUMER PROTECTION COUNCILS.,CHAPTER II
2763,838,CENTRAL CONSUMER PROTECTION AUTHORITY,CHAPTER III
2764,838,CONSUMER DISPUTES REDRESSAL COMMISSION,CHAPTER IV
2765,838,MEDIATION,CHAPTER V
2766,838,PRODUCT LIABILLITY,CHAPTER VI
2767,838,OFFENCES AND PENALTIES,CHAPTER VII
2768,838,MISCELLANEOUS,CHAPTER VIII
2769,839,PRELIMINARY,CHAPTER I
2770,839,PROHIBITION AGAINST DISCRIMINATION,CHAPTER II
2771,839,RECOGNITION OF IDENTITY OF TRANSGENDER PERSONS,CHAPTER III
2772,839,WELFARE MEASURES BY GOVERMENT,CHAPTER IV
2773,839,OBLIGATION OF ESTABLISHMENTS AND OTHER PERSONS,CHAPTER V
2774,839,"EDUCATION, SOCIAL SECURITY AND HEALTH OF TRANSGENDER PERSONS",CHAPTER VI
2775,839,NATIONAL COUNCIL FOR TRANGENDER PERSONS,CHAPTER VII
2776,839,OFFENCES AND PENALTIES,CHAPTER VIII
2777,839,MISCELLANEOUS,CHAPTER IX
2778,843,PRELIMINARY,CHAPTER I
2779,843,ESTABLISHMENT OF AUTHORITY,CHAPTER II
2780,843,POWERS AND FUNCTIONS OF AUTHORITY,CHAPTER III
2781,843,"FINANCE, ACCOUNTS AND AUDIT",CHAPTER IV
2782,843,FOREIGN EXCHANCE TRANSACTIONS,CHAPTER V
2783,843,MISCELLANEOUS,CHAPTER VI
2784,845,PRELIMINARY,CHAPTER I
2785,845,THE NATIONAL MEDICAL COMMISSION,CHAPTER II
2786,845,THE MEDICAL ADVISORY COUNCIL,CHAPTER III
2787,845,NATIONAL EXAMINATION,CHAPTER IV
2788,845,AUTONOMOUS BOARDS,CHAPTER V
2789,845,RECOGNITION OF MEDICAL QUALIFICATIONS,CHAPTER VI
2790,845,"GRANTS, AUDIT AND ACCOUNTS",CHAPTER VII
2791,845,MISCELLANEOUS,CHAPTER VIII
2792,846,PRELIMINARY,CHAPTER I
2793,846,BANNING OF UNREGULATED DEPOSIT SCHEMES.,CHAPTER II
2794,846,AUTHORITIES,CHAPTER III
2795,846,INFORMATION ON DEPOSIT TAKERS,CHAPTER IV
2796,846,RESTITUTION TO DEPOSITORS,CHAPTER V
2797,846,OFFENCES AND PUNISHMENTS,CHAPTER VI
2798,846,"INVESTIGATION, SEARCH AND SEIZURE",CHAPTER VII
2799,846,MISCELLANEOUS,CHAPTER VIII
2800,850,PRELIMINARY,CHAPTER I
2801,850,NATIONAL COMMISSION FOR INDIAN SYSTEM OF MEDICINE,CHAPTER II
2802,850,ADVISORY COUNCIL FOR INDIAN SYSTEM OF MEDICINE,CHAPTER III
2803,850,NATIONAL EXAMINATION,CHAPTER IV
2804,850,AUTONOMOUS BOARDS,CHAPTER V
2805,850,RECOGNITION OF QUALIFICATIONS OF INDIAN SYSTEM OF MEDICINE,CHAPTER VI
2806,850,"GRANTS, AUDIT AND ACCOUNTS",CHAPTER VII
2807,850,MISCELLANEOUS,CHAPTER VIII
2808,851,PRELIMINARY,CHAPTER I
2809,851,NATIONAL COMMISSION FOR HOMOEOPATHY,CHAPTER II
2810,851,ADVISORY COUNCIL FOR HOMOEOPATHY,CHAPTER III
2811,851,NATIONAL EXAMINATION,CHAPTER IV
2812,851,AUTONOMOUS BOARDS,CHAPTER V
2813,851,RECOGNITION OF QUALIFICATIONS OF HOMOEOPATHY,CHAPTER VI
2814,851,"GRANTS, AUDIT AND ACCOUNTS",CHAPTER VII
2815,851,MISCELLANEOUS,CHAPTER VIII
2816,852,PRELIMINARY,CHAPTER I
2817,852,THE INSTITUTE,CHAPTER II
2818,853,PRELIMINARY,CHAPTER I
2819,853,FARMING AGREEMENT,CHAPTER II
2820,853,DISPUTE SETTLEMENT,CHAPTER III
2821,853,MISCELLANEOUS,CHAPTER IV
2822,854,PRELIMINARY,CHAPTER I
2823,854,PROMOTION AND FACILITATION OF TRADE AND COMMERCE OF FARMERS’ PRODUCE,CHAPTER II
2824,854,DISPUTE RESOLUTION,CHAPTER III
2825,854,PENALTIES,CHAPTER IV
2826,854,MISCELLANEOUS,CHAPTER V
2827,856,PRELIMINARY,CHAPTER I
2828,856,ESTABLISHMENT OF UNIVERSITY,CHAPTER II
2829,856,AUTHORITIES OF UNIVERSITY,CHAPTER III
2830,856,ACCOUNTS AND AUDIT,CHAPTER IV
2831,856,ANNUAL REPORT AND APPOINTMENTS,CHAPTER V
2832,856,STATUTES AND ORDINANCES,CHAPTER VI
2833,856,TRIBUNAL OF ARBITRATION,CHAPTER VII
2834,856,MISCELLANEOUS,CHAPTER VIII
2835,857,PRELIMINARY,CHAPTER I
2836,857,ESTABLISHMENT OF UNIVERSITY,CHAPTER II
2837,857,AUTHORITIES OF UNIVERSITY,CHAPTER III
2838,857,ACCOUNTS AND AUDIT,CHAPTER IV
2839,857,ANNUAL REPORT AND APPOINTMENTS,CHAPTER V
2840,857,STATUTES AND ORDINANCE,CHAPTER VI
2841,857,TRIBUNAL OF ARBITRATION,CHAPTER VII
2842,857,MISCELLANEOUS,CHAPTER VIII
2843,858,PRELIMINARY,CHAPTER I
2844,858,APPLICATION OF ACT,CHAPTER II
2845,858,INVOCATION OF CLOSE-OUT NETTING,CHAPTER III
2846,858,LIMITATIONS ON POWERS OF ADMINISTRATION PRACTITIONER,CHAPTER IV
2847,858,MISCELLANEOUS,CHAPTER V
