district_id,police_station_id,crime_category_id,crime_registered_date,day_of_week,week_of_year,crime_month,crime_quarter,crime_year,lag_1,lag_7,lag_30,rolling_avg_7,rolling_avg_30,crime_count
46044000000058012,46044000000052491,46044000000058018,2025-02-22,6,8,2,1,2025,,,,8,8,8
46044000000053033,46044000000052525,46044000000056021,2024-05-15,3,20,5,2,2024,,,,10,10,10
46044000000056014,46044000000052473,46044000000056022,2025-11-14,5,46,11,4,2025,,,,8,8,8
46044000000058014,46044000000053542,46044000000056022,2024-04-25,4,17,4,2,2024,,,,8,8,8
46044000000058013,46044000000052531,46044000000053039,2022-10-05,3,40,10,4,2022,,,,10,10,10
46044000000054017,46044000000053606,46044000000053038,2023-07-11,2,28,7,3,2023,,,,8,8,8
46044000000055009,46044000000053604,46044000000053038,2024-05-19,0,20,5,2,2024,,,,9,9,9
46044000000057004,46044000000053521,46044000000053040,2022-04-11,1,15,4,2,2022,,,,10,10,10
46044000000056017,46044000000052560,46044000000052021,2024-01-24,3,4,1,1,2024,,,,10,10,10
46044000000058015,46044000000052497,46044000000056022,2023-08-08,2,32,8,3,2023,,,,9,9,9
46044000000058014,46044000000052446,46044000000053038,2025-05-11,0,19,5,2,2025,,,,8,8,8
46044000000056013,46044000000054492,46044000000055012,2025-03-05,3,10,3,1,2025,,,,9,9,9
46044000000058013,46044000000053561,46044000000058018,2024-01-11,4,2,1,1,2024,,,,7,7,7
46044000000056013,46044000000052490,46044000000057008,2024-06-12,3,24,6,2,2024,,,,10,10,10
46044000000056015,46044000000054499,46044000000053040,2024-10-20,0,42,10,4,2024,,,,9,9,9
46044000000057004,46044000000053508,46044000000053039,2022-07-11,1,28,7,3,2022,,,,8,8,8
46044000000053033,46044000000053531,46044000000053040,2022-01-16,0,2,1,1,2022,,,,9,9,9
46044000000057004,46044000000052493,46044000000058017,2025-01-07,2,2,1,1,2025,,,,10,10,10
46044000000054016,46044000000052537,46044000000053040,2023-01-11,3,2,1,1,2023,,,,9,9,9
46044000000053031,46044000000052451,46044000000054027,2025-12-28,0,52,12,4,2025,,,,9,9,9
46044000000053033,46044000000052525,46044000000056022,2024-05-15,3,20,5,2,2024,,,,8,8,8
46044000000057005,46044000000054509,46044000000056022,2025-04-12,6,15,4,2,2025,,,,8,8,8
46044000000056013,46044000000053569,46044000000058017,2022-10-11,2,41,10,4,2022,,,,8,8,8
46044000000058011,46044000000052446,46044000000054027,2024-11-25,1,48,11,4,2024,,,,10,10,10
46044000000053034,46044000000053499,46044000000053038,2023-02-09,4,6,2,1,2023,,,,9,9,9
46044000000058011,46044000000052468,46044000000053039,2022-02-21,1,8,2,1,2022,,,,10,10,10
46044000000053034,46044000000052570,46044000000058018,2022-01-07,5,1,1,1,2022,,,,10,10,10
46044000000058015,46044000000052523,46044000000058017,2024-01-13,6,2,1,1,2024,,,,8,8,8
46044000000057004,46044000000052479,46044000000056022,2025-09-04,4,36,9,3,2025,,,,7,7,7
46044000000054016,46044000000052468,46044000000058017,2025-04-22,2,17,4,2,2025,,,,10,10,10
46044000000058011,46044000000054501,46044000000055012,2023-02-27,1,9,2,1,2023,,,,10,10,10
46044000000053031,46044000000053555,46044000000058017,2023-02-19,0,7,2,1,2023,,,,9,9,9
46044000000058014,46044000000052571,46044000000055011,2025-03-03,1,10,3,1,2025,,,,9,9,9
46044000000052016,46044000000052464,46044000000053039,2024-03-04,1,10,3,1,2024,,,,8,8,8
46044000000054017,46044000000053494,46044000000055012,2025-06-14,6,24,6,2,2025,,,,9,9,9
46044000000058011,46044000000054487,46044000000058018,2023-09-01,5,35,9,3,2023,,,,10,10,10
46044000000055006,46044000000052518,46044000000054027,2025-05-28,3,22,5,2,2025,,,,8,8,8
46044000000053032,46044000000053594,46044000000053039,2022-07-12,2,28,7,3,2022,,,,10,10,10
46044000000053034,46044000000052523,46044000000053038,2023-08-28,1,35,8,3,2023,,,,10,10,10
46044000000055006,46044000000053513,46044000000058017,2022-06-26,0,25,6,2,2022,,,,9,9,9
46044000000056014,46044000000053534,46044000000053038,2023-03-14,2,11,3,1,2023,,,,8,8,8
46044000000058015,46044000000053571,46044000000055012,2025-07-05,6,27,7,3,2025,,,,10,10,10
46044000000055007,46044000000053548,46044000000053040,2024-10-13,0,41,10,4,2024,,,,8,8,8
46044000000056017,46044000000052486,46044000000053038,2022-05-04,3,18,5,2,2022,,,,7,7,7
46044000000056016,46044000000052540,46044000000056022,2024-10-09,3,41,10,4,2024,,,,10,10,10
46044000000056015,46044000000053527,46044000000052021,2024-07-19,5,29,7,3,2024,,,,9,9,9
46044000000055006,46044000000052497,46044000000057008,2025-02-25,2,9,2,1,2025,,,,8,8,8
46044000000058015,46044000000054514,46044000000052021,2022-08-26,5,34,8,3,2022,,,,8,8,8
46044000000053034,46044000000052495,46044000000056021,2022-03-07,1,10,3,1,2022,,,,10,10,10
46044000000057006,46044000000053535,46044000000054027,2025-09-20,6,38,9,3,2025,,,,10,10,10
46044000000056017,46044000000053576,46044000000056022,2022-08-13,6,32,8,3,2022,,,,10,10,10
46044000000053033,46044000000052486,46044000000056021,2023-03-24,5,12,3,1,2023,,,,9,9,9
46044000000053033,46044000000053531,46044000000058018,2022-01-16,0,2,1,1,2022,,,,9,9,9
46044000000055009,46044000000053610,46044000000053038,2022-08-12,5,32,8,3,2022,,,,8,8,8
46044000000056015,46044000000053617,46044000000058017,2022-05-18,3,20,5,2,2022,,,,10,10,10
46044000000056013,46044000000054515,46044000000055011,2023-06-23,5,25,6,2,2023,,,,9,9,9
46044000000054015,46044000000053496,46044000000056022,2024-04-12,5,15,4,2,2024,,,,9,9,9
46044000000052014,46044000000052465,46044000000054027,2022-02-01,2,5,2,1,2022,,,,10,10,10
46044000000056013,46044000000053555,46044000000053038,2024-04-04,4,14,4,2,2024,,,,8,8,8
46044000000058015,46044000000052522,46044000000053038,2025-05-15,4,20,5,2,2025,,,,10,10,10
46044000000056017,46044000000053530,46044000000055011,2022-02-27,0,8,2,1,2022,,,,9,9,9
46044000000056014,46044000000052578,46044000000056022,2025-02-20,4,8,2,1,2025,,,,9,9,9
46044000000056015,46044000000053529,46044000000055012,2024-02-15,4,7,2,1,2024,,,,10,10,10
46044000000052014,46044000000054506,46044000000057008,2025-11-14,5,46,11,4,2025,,,,9,9,9
46044000000057005,46044000000053579,46044000000053039,2022-01-27,4,4,1,1,2022,,,,10,10,10
46044000000058015,46044000000053535,46044000000055012,2024-07-03,3,27,7,3,2024,,,,10,10,10
46044000000054016,46044000000053556,46044000000055011,2025-05-01,4,18,5,2,2025,,,,10,10,10
46044000000054015,46044000000053591,46044000000055011,2025-02-27,4,9,2,1,2025,,,,10,10,10
46044000000054015,46044000000053618,46044000000058018,2024-04-13,6,15,4,2,2024,,,,9,9,9
46044000000057004,46044000000054501,46044000000053040,2022-06-22,3,25,6,2,2022,,,,10,10,10
46044000000053033,46044000000052481,46044000000053040,2025-01-08,3,2,1,1,2025,,,,9,9,9
46044000000053032,46044000000052533,46044000000058017,2025-02-08,6,6,2,1,2025,,,,8,8,8
46044000000053034,46044000000052465,46044000000057008,2023-09-07,4,36,9,3,2023,,,,10,10,10
46044000000058013,46044000000054503,46044000000055012,2023-04-01,6,13,4,2,2023,,,,8,8,8
46044000000056018,46044000000052496,46044000000055012,2023-03-04,6,9,3,1,2023,,,,9,9,9
46044000000054017,46044000000052483,46044000000057008,2022-10-18,2,42,10,4,2022,,,,9,9,9
46044000000057004,46044000000052497,46044000000057008,2025-07-07,1,28,7,3,2025,,,,7,7,7
46044000000057003,46044000000053539,46044000000055012,2022-03-01,2,9,3,1,2022,,,,10,10,10
46044000000057003,46044000000053539,46044000000055012,2024-06-25,2,26,6,2,2024,10,,,516,516,32
46044000000054016,46044000000052563,46044000000053040,2024-05-18,6,20,5,2,2024,,,,10,10,10
46044000000053033,46044000000052480,46044000000057008,2023-03-03,5,9,3,1,2023,,,,10,10,10
46044000000057006,46044000000052567,46044000000055012,2025-11-03,1,45,11,4,2025,,,,10,10,10
46044000000054017,46044000000053531,46044000000053039,2024-05-18,6,20,5,2,2024,,,,9,9,9
46044000000053032,46044000000052533,46044000000055011,2025-02-08,6,6,2,1,2025,,,,10,10,10
46044000000054016,46044000000052539,46044000000056022,2025-12-17,3,51,12,4,2025,,,,10,10,10
46044000000057004,46044000000052526,46044000000057008,2025-06-27,5,26,6,2,2025,,,,7,7,7
46044000000054018,46044000000053569,46044000000057008,2023-11-25,6,47,11,4,2023,,,,7,7,7
46044000000056017,46044000000052534,46044000000057008,2024-02-16,5,7,2,1,2024,,,,9,9,9
46044000000056018,46044000000053494,46044000000053038,2024-11-18,1,47,11,4,2024,,,,6,6,6
46044000000056018,46044000000053599,46044000000054027,2022-04-23,6,16,4,2,2022,,,,8,8,8
46044000000058013,46044000000053616,46044000000054027,2022-06-19,0,24,6,2,2022,,,,9,9,9
46044000000053033,46044000000052567,46044000000052021,2025-10-28,2,44,10,4,2025,,,,9,9,9
46044000000055008,46044000000053513,46044000000058017,2023-10-28,6,43,10,4,2023,,,,10,10,10
46044000000058014,46044000000053495,46044000000057008,2023-09-18,1,38,9,3,2023,,,,10,10,10
46044000000054015,46044000000052450,46044000000058017,2022-10-20,4,42,10,4,2022,,,,10,10,10
46044000000053033,46044000000052498,46044000000057008,2023-02-25,6,8,2,1,2023,,,,7,7,7
46044000000053032,46044000000052559,46044000000052021,2024-10-11,5,41,10,4,2024,,,,8,8,8
46044000000055007,46044000000054508,46044000000052021,2025-10-07,2,41,10,4,2025,,,,29,29,29
46044000000053034,46044000000053494,46044000000056021,2024-01-09,2,2,1,1,2024,,,,34,34,34
46044000000052018,46044000000053598,46044000000057008,2024-11-12,2,46,11,4,2024,,,,10,10,10
46044000000054018,46044000000052533,46044000000057008,2024-06-09,0,23,6,2,2024,,,,7,7,7
46044000000052014,46044000000052505,46044000000058017,2022-06-05,0,22,6,2,2022,,,,10,10,10
46044000000053031,46044000000053497,46044000000055012,2022-11-22,2,47,11,4,2022,,,,9,9,9
46044000000055008,46044000000053606,46044000000052021,2024-11-23,6,47,11,4,2024,,,,10,10,10
46044000000056018,46044000000052554,46044000000058017,2022-05-06,5,18,5,2,2022,,,,7,7,7
46044000000057004,46044000000052456,46044000000058018,2023-09-07,4,36,9,3,2023,,,,10,10,10
46044000000054017,46044000000054501,46044000000058018,2024-05-09,4,19,5,2,2024,,,,10,10,10
46044000000052017,46044000000052551,46044000000057008,2022-12-09,5,49,12,4,2022,,,,10,10,10
46044000000055009,46044000000052520,46044000000055011,2023-07-20,4,29,7,3,2023,,,,9,9,9
46044000000058012,46044000000052491,46044000000053038,2025-02-22,6,8,2,1,2025,,,,6,6,6
46044000000057004,46044000000053508,46044000000058018,2022-07-11,1,28,7,3,2022,,,,10,10,10
46044000000056017,46044000000053576,46044000000053040,2022-08-13,6,32,8,3,2022,,,,9,9,9
46044000000053032,46044000000052454,46044000000055012,2023-05-11,4,19,5,2,2023,,,,9,9,9
46044000000054016,46044000000053526,46044000000057008,2024-09-03,2,36,9,3,2024,,,,10,10,10
46044000000056013,46044000000053558,46044000000053040,2023-03-15,3,11,3,1,2023,,,,10,10,10
46044000000058013,46044000000053538,46044000000054027,2025-05-19,1,21,5,2,2025,,,,10,10,10
46044000000052014,46044000000053558,46044000000058018,2025-08-05,2,32,8,3,2025,,,,9,9,9
46044000000056018,46044000000052452,46044000000056022,2023-05-07,0,18,5,2,2023,,,,10,10,10
46044000000054015,46044000000053609,46044000000055011,2024-04-09,2,15,4,2,2024,,,,10,10,10
46044000000054015,46044000000052508,46044000000055011,2024-07-16,2,29,7,3,2024,,,,7,7,7
46044000000058014,46044000000053618,46044000000053040,2025-12-22,1,52,12,4,2025,,,,9,9,9
46044000000056015,46044000000053559,46044000000058018,2025-01-03,5,1,1,1,2025,,,,10,10,10
46044000000057004,46044000000053502,46044000000053038,2022-06-15,3,24,6,2,2022,,,,8,8,8
46044000000058014,46044000000054505,46044000000056022,2022-01-06,4,1,1,1,2022,,,,9,9,9
46044000000058013,46044000000053499,46044000000053038,2022-08-22,1,34,8,3,2022,,,,10,10,10
46044000000058015,46044000000052535,46044000000056021,2024-04-04,4,14,4,2,2024,,,,10,10,10
46044000000056013,46044000000052545,46044000000053038,2025-05-04,0,18,5,2,2025,,,,10,10,10
46044000000054016,46044000000053603,46044000000058018,2024-12-21,6,51,12,4,2024,,,,6,6,6
46044000000056014,46044000000052482,46044000000054027,2024-06-08,6,23,6,2,2024,,,,17,17,17
46044000000052014,46044000000054515,46044000000058017,2022-01-12,3,2,1,1,2022,,,,35,35,35
46044000000052014,46044000000053604,46044000000054027,2025-03-04,2,10,3,1,2025,,,,23,23,23
46044000000056014,46044000000053555,46044000000057008,2022-07-07,4,27,7,3,2022,,,,44,44,44
46044000000055009,46044000000054493,46044000000053040,2025-03-19,3,12,3,1,2025,,,,24,24,24
46044000000055007,46044000000053505,46044000000053039,2022-10-26,3,43,10,4,2022,,,,46,46,46
46044000000054018,46044000000052490,46044000000052021,2025-11-24,1,48,11,4,2025,,,,42,42,42
46044000000056015,46044000000052485,46044000000057008,2023-10-20,5,42,10,4,2023,,,,41,41,41
46044000000054018,46044000000053572,46044000000058017,2024-07-23,2,30,7,3,2024,,,,18,18,18
46044000000055006,46044000000052518,46044000000055011,2025-05-28,3,22,5,2,2025,,,,30,30,30
46044000000058013,46044000000052445,46044000000053038,2024-12-24,2,52,12,4,2024,,,,40,40,40
46044000000056015,46044000000052489,46044000000053039,2025-02-18,2,8,2,1,2025,,,,35,35,35
46044000000054015,46044000000052508,46044000000055012,2024-03-22,5,12,3,1,2024,,,,19,19,19
46044000000056016,46044000000052504,46044000000058017,2022-05-15,0,19,5,2,2022,,,,23,23,23
46044000000053031,46044000000053598,46044000000053040,2023-08-28,1,35,8,3,2023,,,,33,33,33
46044000000052016,46044000000053592,46044000000058018,2025-08-19,2,34,8,3,2025,,,,14,14,14
46044000000053034,46044000000052468,46044000000053038,2025-04-15,2,16,4,2,2025,,,,22,22,22
46044000000055007,46044000000052492,46044000000055011,2022-06-20,1,25,6,2,2022,,,,14,14,14
46044000000058011,46044000000052555,46044000000056022,2022-03-27,0,12,3,1,2022,,,,12,12,12
46044000000058012,46044000000052563,46044000000057008,2022-03-27,0,12,3,1,2022,,,,39,39,39
46044000000058011,46044000000052509,46044000000052021,2025-04-14,1,16,4,2,2025,,,,20,20,20
46044000000055009,46044000000052458,46044000000058017,2023-12-15,5,50,12,4,2023,,,,17,17,17
46044000000055008,46044000000052519,46044000000058017,2022-01-26,3,4,1,1,2022,,,,43,43,43
46044000000058015,46044000000052494,46044000000053039,2024-04-19,5,16,4,2,2024,,,,24,24,24
46044000000052016,46044000000052468,46044000000053039,2025-06-25,3,26,6,2,2025,,,,20,20,20
46044000000055006,46044000000052471,46044000000058018,2023-06-05,1,23,6,2,2023,,,,38,38,38
46044000000052016,46044000000052462,46044000000056022,2022-07-03,0,26,7,3,2022,,,,39,39,39
46044000000052017,46044000000053514,46044000000052021,2025-11-20,4,47,11,4,2025,,,,37,37,37
46044000000058011,46044000000053535,46044000000056021,2022-03-04,5,9,3,1,2022,,,,28,28,28
46044000000052014,46044000000053616,46044000000056021,2025-01-22,3,4,1,1,2025,,,,30,30,30
46044000000056013,46044000000052447,46044000000055011,2025-08-22,5,34,8,3,2025,,,,21,21,21
46044000000058012,46044000000052564,46044000000054027,2023-08-15,2,33,8,3,2023,,,,15,15,15
46044000000054018,46044000000053547,46044000000058017,2024-01-20,6,3,1,1,2024,,,,37,37,37
46044000000053032,46044000000053516,46044000000053038,2024-04-23,2,17,4,2,2024,,,,30,30,30
46044000000056013,46044000000052578,46044000000058018,2022-08-18,4,33,8,3,2022,,,,18,18,18
46044000000053033,46044000000052503,46044000000058018,2024-02-18,0,7,2,1,2024,,,,21,21,21
46044000000053033,46044000000054520,46044000000053040,2025-11-19,3,47,11,4,2025,,,,31,31,31
46044000000054016,46044000000052491,46044000000052021,2024-04-16,2,16,4,2,2024,,,,24,24,24
46044000000052017,46044000000053579,46044000000055012,2023-06-08,4,23,6,2,2023,,,,27,27,27
46044000000058014,46044000000053561,46044000000054027,2022-04-22,5,16,4,2,2022,,,,45,45,45
46044000000058012,46044000000053515,46044000000053039,2025-12-08,1,50,12,4,2025,,,,16,16,16
46044000000052018,46044000000054509,46044000000058018,2022-05-12,4,19,5,2,2022,,,,38,38,38
46044000000057005,46044000000054498,46044000000056022,2025-07-08,2,28,7,3,2025,,,,45,45,45
46044000000058012,46044000000052498,46044000000052021,2022-05-17,2,20,5,2,2022,,,,39,39,39
46044000000052017,46044000000052493,46044000000054027,2025-04-07,1,15,4,2,2025,,,,29,29,29
46044000000055008,46044000000052551,46044000000057008,2024-02-07,3,6,2,1,2024,,,,27,27,27
46044000000057004,46044000000053538,46044000000056022,2024-02-24,6,8,2,1,2024,,,,39,39,39
46044000000056016,46044000000052515,46044000000056022,2023-08-25,5,34,8,3,2023,,,,29,29,29
46044000000054018,46044000000052472,46044000000052021,2023-08-01,2,31,8,3,2023,,,,35,35,35
46044000000054016,46044000000052491,46044000000056021,2024-04-16,2,16,4,2,2024,,,,13,13,13
46044000000053034,46044000000053580,46044000000055012,2023-02-25,6,8,2,1,2023,,,,25,25,25
46044000000057005,46044000000053530,46044000000058018,2022-06-18,6,24,6,2,2022,,,,31,31,31
46044000000053031,46044000000053582,46044000000056021,2024-07-23,2,30,7,3,2024,,,,5,5,5
46044000000053031,46044000000053582,46044000000056021,2025-04-25,5,17,4,2,2025,5,,,257.5,257.5,15
46044000000057004,46044000000052448,46044000000055012,2022-11-07,1,45,11,4,2022,,,,38,38,38
46044000000055009,46044000000054513,46044000000058018,2022-02-22,2,8,2,1,2022,,,,50,50,50
46044000000056016,46044000000053515,46044000000058018,2022-08-16,2,33,8,3,2022,,,,26,26,26
46044000000056013,46044000000053569,46044000000053039,2022-10-11,2,41,10,4,2022,,,,28,28,28
46044000000057004,46044000000053553,46044000000055012,2025-02-11,2,7,2,1,2025,,,,23,23,23
46044000000057004,46044000000052552,46044000000058018,2025-03-27,4,13,3,1,2025,,,,16,16,16
46044000000052018,46044000000052542,46044000000058018,2024-01-04,4,1,1,1,2024,,,,45,45,45
46044000000054016,46044000000052568,46044000000056022,2022-03-23,3,12,3,1,2022,,,,23,23,23
46044000000054018,46044000000052491,46044000000053040,2025-04-15,2,16,4,2,2025,,,,19,19,19
46044000000055009,46044000000054516,46044000000055011,2022-12-17,6,50,12,4,2022,,,,22,22,22
46044000000056017,46044000000052484,46044000000058018,2023-08-26,6,34,8,3,2023,,,,28,28,28
46044000000053034,46044000000052507,46044000000057008,2024-08-17,6,33,8,3,2024,,,,39,39,39
46044000000053034,46044000000053581,46044000000057008,2022-01-27,4,4,1,1,2022,,,,35,35,35
46044000000055008,46044000000052570,46044000000056022,2024-06-03,1,23,6,2,2024,,,,21,21,21
46044000000057006,46044000000052516,46044000000056021,2024-12-18,3,51,12,4,2024,,,,31,31,31
46044000000052014,46044000000053616,46044000000055012,2025-01-22,3,4,1,1,2025,,,,16,16,16
46044000000058015,46044000000052513,46044000000052021,2023-06-19,1,25,6,2,2023,,,,15,15,15
46044000000052018,46044000000052493,46044000000058017,2025-01-11,6,2,1,1,2025,,,,38,38,38
46044000000057006,46044000000054499,46044000000053040,2024-04-23,2,17,4,2,2024,,,,5,5,5
46044000000058011,46044000000054519,46044000000056021,2025-09-28,0,39,9,3,2025,,,,4,4,4
46044000000057006,46044000000052545,46044000000057008,2022-04-03,0,13,4,2,2022,,,,3,3,3
46044000000057003,46044000000054517,46044000000054027,2025-02-16,0,7,2,1,2025,,,,4,4,4
46044000000056017,46044000000053569,46044000000055011,2023-08-19,6,33,8,3,2023,,,,3,3,3
46044000000057003,46044000000054517,46044000000053040,2025-02-16,0,7,2,1,2025,,,,3,3,3
46044000000054017,46044000000053613,46044000000055011,2022-05-20,5,20,5,2,2022,,,,5,5,5
46044000000056017,46044000000052534,46044000000055011,2024-02-16,5,7,2,1,2024,,,,5,5,5
46044000000053034,46044000000052444,46044000000056021,2025-09-16,2,38,9,3,2025,,,,5,5,5
46044000000057003,46044000000054508,46044000000057008,2024-05-06,1,19,5,2,2024,,,,5,5,5
46044000000056014,46044000000054503,46044000000058018,2025-05-02,5,18,5,2,2025,,,,5,5,5
46044000000056018,46044000000053505,46044000000058017,2025-11-04,2,45,11,4,2025,,,,4,4,4
46044000000056013,46044000000053516,46044000000057008,2023-02-25,6,8,2,1,2023,,,,18,18,18
46044000000056013,46044000000053516,46044000000057008,2025-08-06,3,32,8,3,2025,18,,,92.5,92.5,5
46044000000052014,46044000000053573,46044000000053038,2023-12-24,0,51,12,4,2023,,,,4,4,4
46044000000052018,46044000000052470,46044000000056021,2023-02-28,2,9,2,1,2023,,,,4,4,4
46044000000057004,46044000000052555,46044000000052021,2023-08-05,6,31,8,3,2023,,,,4,4,4
46044000000056017,46044000000053584,46044000000054027,2023-03-01,3,9,3,1,2023,,,,3,3,3
46044000000052018,46044000000052542,46044000000053039,2024-01-13,6,2,1,1,2024,,,,5,5,5
46044000000053033,46044000000052514,46044000000055012,2025-07-24,4,30,7,3,2025,,,,5,5,5
46044000000056016,46044000000053597,46044000000052021,2025-10-19,0,42,10,4,2025,,,,5,5,5
46044000000054016,46044000000052449,46044000000056021,2024-05-26,0,21,5,2,2024,,,,5,5,5
46044000000058013,46044000000052457,46044000000056022,2022-05-10,2,19,5,2,2022,,,,5,5,5
46044000000054018,46044000000053514,46044000000052021,2024-01-28,0,4,1,1,2024,,,,5,5,5
46044000000054018,46044000000053514,46044000000052021,2025-04-05,6,14,4,2,2025,5,,,28,28,6
46044000000057006,46044000000054490,46044000000053038,2023-03-21,2,12,3,1,2023,,,,5,5,5
46044000000057006,46044000000052450,46044000000056021,2023-08-02,3,31,8,3,2023,,,,5,5,5
46044000000054016,46044000000053555,46044000000058018,2025-06-22,0,25,6,2,2025,,,,5,5,5
46044000000056013,46044000000052513,46044000000053039,2022-12-12,1,50,12,4,2022,,,,5,5,5
46044000000055009,46044000000052550,46044000000056021,2023-03-05,0,9,3,1,2023,,,,5,5,5
46044000000056017,46044000000052462,46044000000058017,2024-10-16,3,42,10,4,2024,,,,4,4,4
46044000000056014,46044000000053608,46044000000052021,2023-05-09,2,19,5,2,2023,,,,5,5,5
46044000000052016,46044000000052508,46044000000058018,2024-07-07,0,27,7,3,2024,,,,5,5,5
46044000000057006,46044000000053599,46044000000057008,2024-06-23,0,25,6,2,2024,,,,5,5,5
46044000000052017,46044000000052484,46044000000056021,2023-12-03,0,48,12,4,2023,,,,3,3,3
46044000000058013,46044000000052528,46044000000053040,2024-08-10,6,32,8,3,2024,,,,5,5,5
46044000000052014,46044000000052527,46044000000055011,2024-03-13,3,11,3,1,2024,,,,5,5,5
46044000000054016,46044000000052474,46044000000056022,2025-12-26,5,52,12,4,2025,,,,4,4,4
46044000000052016,46044000000053552,46044000000058018,2024-07-06,6,27,7,3,2024,,,,5,5,5
46044000000058011,46044000000054501,46044000000055011,2023-02-27,1,9,2,1,2023,,,,4,4,4
46044000000056016,46044000000052474,46044000000053038,2022-11-15,2,46,11,4,2022,,,,5,5,5
46044000000052018,46044000000052513,46044000000054027,2025-12-07,0,49,12,4,2025,,,,5,5,5
46044000000055009,46044000000054513,46044000000053038,2022-02-22,2,8,2,1,2022,,,,5,5,5
46044000000052016,46044000000052531,46044000000057008,2022-02-25,5,8,2,1,2022,,,,3,3,3
46044000000058015,46044000000052464,46044000000055012,2022-09-04,0,35,9,3,2022,,,,5,5,5
46044000000052018,46044000000052526,46044000000055012,2024-07-09,2,28,7,3,2024,,,,5,5,5
46044000000058013,46044000000052567,46044000000055012,2023-12-02,6,48,12,4,2023,,,,5,5,5
46044000000056013,46044000000053581,46044000000056022,2024-09-15,0,37,9,3,2024,,,,7,7,7
46044000000055008,46044000000053558,46044000000057008,2025-12-11,4,50,12,4,2025,,,,7,7,7
46044000000056017,46044000000052456,46044000000053039,2025-01-24,5,4,1,1,2025,,,,10,10,10
46044000000052014,46044000000054519,46044000000054027,2023-09-17,0,37,9,3,2023,,,,7,7,7
46044000000057006,46044000000052501,46044000000053039,2025-01-04,6,1,1,1,2025,,,,8,8,8
46044000000052014,46044000000052557,46044000000052021,2023-03-04,6,9,3,1,2023,,,,10,10,10
46044000000053034,46044000000052574,46044000000055011,2023-02-16,4,7,2,1,2023,,,,6,6,6
46044000000056017,46044000000053497,46044000000055011,2023-11-24,5,47,11,4,2023,,,,7,7,7
46044000000057004,46044000000052525,46044000000054027,2025-04-18,5,16,4,2,2025,,,,10,10,10
46044000000054015,46044000000053591,46044000000057008,2025-02-27,4,9,2,1,2025,,,,8,8,8
46044000000055008,46044000000052525,46044000000055012,2024-07-22,1,30,7,3,2024,,,,10,10,10
46044000000055006,46044000000052460,46044000000055012,2024-02-20,2,8,2,1,2024,,,,10,10,10
46044000000058011,46044000000053556,46044000000056021,2023-07-22,6,29,7,3,2023,,,,8,8,8
46044000000057004,46044000000053521,46044000000057008,2022-04-11,1,15,4,2,2022,,,,8,8,8
46044000000056015,46044000000053559,46044000000053039,2022-09-09,5,36,9,3,2022,,,,10,10,10
46044000000058013,46044000000053502,46044000000054027,2024-02-23,5,8,2,1,2024,,,,10,10,10
46044000000055008,46044000000053587,46044000000053038,2025-07-21,1,30,7,3,2025,,,,8,8,8
46044000000054017,46044000000052502,46044000000054027,2024-06-14,5,24,6,2,2024,,,,10,10,10
46044000000052016,46044000000052508,46044000000056021,2024-07-07,0,27,7,3,2024,,,,8,8,8
46044000000053031,46044000000054508,46044000000053039,2022-09-10,6,36,9,3,2022,,,,10,10,10
46044000000055006,46044000000053585,46044000000056021,2025-04-25,5,17,4,2,2025,,,,10,10,10
46044000000058011,46044000000053585,46044000000058017,2022-02-02,3,5,2,1,2022,,,,8,8,8
46044000000058013,46044000000053616,46044000000053038,2022-06-19,0,24,6,2,2022,,,,10,10,10
46044000000054015,46044000000053588,46044000000058017,2023-05-18,4,20,5,2,2023,,,,10,10,10
46044000000058012,46044000000053545,46044000000052021,2022-06-10,5,23,6,2,2022,,,,10,10,10
46044000000057004,46044000000052551,46044000000057008,2022-10-12,3,41,10,4,2022,,,,8,8,8
46044000000058015,46044000000052471,46044000000056021,2024-08-22,4,34,8,3,2024,,,,9,9,9
46044000000058013,46044000000052548,46044000000053038,2022-03-16,3,11,3,1,2022,,,,9,9,9
46044000000057005,46044000000052544,46044000000056022,2024-11-11,1,46,11,4,2024,,,,10,10,10
46044000000055006,46044000000053524,46044000000055012,2024-02-27,2,9,2,1,2024,,,,9,9,9
46044000000058012,46044000000053504,46044000000052021,2024-03-08,5,10,3,1,2024,,,,9,9,9
46044000000053032,46044000000053521,46044000000052021,2023-08-22,2,34,8,3,2023,,,,9,9,9
46044000000057006,46044000000053503,46044000000056021,2023-03-04,6,9,3,1,2023,,,,9,9,9
46044000000052016,46044000000053515,46044000000053039,2022-04-19,2,16,4,2,2022,,,,9,9,9
46044000000057004,46044000000053522,46044000000054027,2023-05-03,3,18,5,2,2023,,,,9,9,9
46044000000057004,46044000000052452,46044000000053040,2024-07-17,3,29,7,3,2024,,,,10,10,10
46044000000053034,46044000000053526,46044000000055011,2022-03-04,5,9,3,1,2022,,,,9,9,9
46044000000058014,46044000000052578,46044000000056021,2022-01-04,2,1,1,1,2022,,,,10,10,10
46044000000056014,46044000000054517,46044000000057008,2025-06-06,5,23,6,2,2025,,,,7,7,7
46044000000056015,46044000000052567,46044000000058017,2023-11-21,2,47,11,4,2023,,,,10,10,10
46044000000058014,46044000000052461,46044000000058018,2023-02-06,1,6,2,1,2023,,,,10,10,10
46044000000058012,46044000000052471,46044000000056022,2025-04-01,2,14,4,2,2025,,,,8,8,8
46044000000054015,46044000000053509,46044000000053039,2023-10-10,2,41,10,4,2023,,,,10,10,10
46044000000056018,46044000000052479,46044000000058017,2022-02-11,5,6,2,1,2022,,,,10,10,10
46044000000054018,46044000000053535,46044000000053038,2023-02-24,5,8,2,1,2023,,,,9,9,9
46044000000055009,46044000000053576,46044000000055012,2023-09-24,0,38,9,3,2023,,,,8,8,8
46044000000055008,46044000000054506,46044000000055011,2024-04-13,6,15,4,2,2024,,,,7,7,7
46044000000056014,46044000000053564,46044000000057008,2023-03-20,1,12,3,1,2023,,,,10,10,10
46044000000056013,46044000000053517,46044000000052021,2025-05-05,1,19,5,2,2025,,,,7,7,7
46044000000056017,46044000000052528,46044000000053038,2024-05-23,4,21,5,2,2024,,,,8,8,8
46044000000057005,46044000000053591,46044000000053039,2025-04-07,1,15,4,2,2025,,,,10,10,10
46044000000056014,46044000000052482,46044000000058017,2022-02-01,2,5,2,1,2022,,,,7,7,7
46044000000056014,46044000000052482,46044000000058017,2024-06-08,6,23,6,2,2024,7,,,362.5,362.5,25
46044000000056015,46044000000052484,46044000000053038,2025-04-26,6,17,4,2,2025,,,,8,8,8
46044000000055009,46044000000052520,46044000000056022,2023-07-20,4,29,7,3,2023,,,,8,8,8
46044000000053033,46044000000052471,46044000000053040,2024-02-26,1,9,2,1,2024,,,,10,10,10
46044000000053033,46044000000054500,46044000000055012,2025-05-10,6,19,5,2,2025,,,,10,10,10
46044000000058015,46044000000053552,46044000000055011,2023-03-14,2,11,3,1,2023,,,,10,10,10
46044000000053031,46044000000054503,46044000000055012,2024-05-14,2,20,5,2,2024,,,,9,9,9
46044000000053031,46044000000052444,46044000000053039,2022-04-19,2,16,4,2,2022,,,,10,10,10
46044000000055009,46044000000052553,46044000000054027,2024-12-07,6,49,12,4,2024,,,,10,10,10
46044000000052016,46044000000052528,46044000000054027,2024-11-11,1,46,11,4,2024,,,,10,10,10
46044000000054016,46044000000053566,46044000000058017,2023-04-09,0,14,4,2,2023,,,,10,10,10
46044000000054016,46044000000052568,46044000000053039,2024-08-09,5,32,8,3,2024,,,,9,9,9
46044000000057006,46044000000052501,46044000000053038,2024-04-27,6,17,4,2,2024,,,,10,10,10
46044000000055009,46044000000052478,46044000000058018,2024-11-26,2,48,11,4,2024,,,,9,9,9
46044000000058011,46044000000053505,46044000000055011,2024-07-18,4,29,7,3,2024,,,,9,9,9
46044000000058011,46044000000052532,46044000000053039,2024-05-19,0,20,5,2,2024,,,,10,10,10
46044000000052016,46044000000053573,46044000000057008,2025-09-27,6,39,9,3,2025,,,,7,7,7
46044000000056018,46044000000053542,46044000000058017,2024-08-11,0,32,8,3,2024,,,,10,10,10
46044000000054018,46044000000054513,46044000000053038,2024-03-06,3,10,3,1,2024,,,,8,8,8
46044000000056016,46044000000052495,46044000000056021,2022-11-08,2,45,11,4,2022,,,,10,10,10
46044000000058012,46044000000053564,46044000000058018,2022-04-20,3,16,4,2,2022,,,,8,8,8
46044000000058011,46044000000053501,46044000000056021,2022-06-13,1,24,6,2,2022,,,,10,10,10
46044000000053031,46044000000053531,46044000000055012,2023-07-25,2,30,7,3,2023,,,,10,10,10
46044000000052016,46044000000053499,46044000000056022,2022-02-03,4,5,2,1,2022,,,,10,10,10
46044000000058013,46044000000053612,46044000000058017,2024-06-07,5,23,6,2,2024,,,,10,10,10
46044000000055006,46044000000052555,46044000000053039,2025-06-25,3,26,6,2,2025,,,,10,10,10
46044000000058012,46044000000053619,46044000000058018,2023-11-24,5,47,11,4,2023,,,,10,10,10
46044000000056014,46044000000052473,46044000000058018,2025-11-14,5,46,11,4,2025,,,,8,8,8
46044000000052017,46044000000052493,46044000000056021,2025-04-07,1,15,4,2,2025,,,,9,9,9
46044000000053033,46044000000053531,46044000000056021,2022-01-16,0,2,1,1,2022,,,,10,10,10
46044000000053034,46044000000052465,46044000000052021,2023-09-07,4,36,9,3,2023,,,,6,6,6
46044000000054018,46044000000052538,46044000000057008,2025-12-06,6,49,12,4,2025,,,,1,1,1
46044000000054018,46044000000052538,46044000000053039,2025-12-06,6,49,12,4,2025,,,,1,1,1
46044000000053032,46044000000052481,46044000000055012,2024-07-23,2,30,7,3,2024,,,,1,1,1
46044000000053032,46044000000052481,46044000000055011,2024-07-23,2,30,7,3,2024,,,,1,1,1
46044000000052017,46044000000053542,46044000000058017,2024-01-05,5,1,1,1,2024,,,,1,1,1
46044000000055008,46044000000053577,46044000000053038,2025-12-17,3,51,12,4,2025,,,,1,1,1
46044000000054018,46044000000052538,46044000000058018,2025-12-06,6,49,12,4,2025,,,,1,1,1
46044000000055008,46044000000053577,46044000000055011,2025-12-17,3,51,12,4,2025,,,,1,1,1
46044000000055008,46044000000053522,46044000000053039,2025-12-09,2,50,12,4,2025,,,,1,1,1
46044000000055008,46044000000053577,46044000000053040,2025-12-17,3,51,12,4,2025,,,,1,1,1
46044000000054018,46044000000052538,46044000000055012,2025-12-06,6,49,12,4,2025,,,,1,1,1
46044000000052017,46044000000053542,46044000000054027,2024-01-05,5,1,1,1,2024,,,,1,1,1
46044000000052017,46044000000053542,46044000000054027,2024-10-03,4,40,10,4,2024,1,,,71.5,71.5,43
46044000000055008,46044000000053577,46044000000053039,2025-12-17,3,51,12,4,2025,,,,1,1,1
46044000000055008,46044000000053522,46044000000058017,2025-12-09,2,50,12,4,2025,,,,1,1,1
46044000000055008,46044000000053522,46044000000056021,2025-12-09,2,50,12,4,2025,,,,1,1,1
46044000000053032,46044000000052481,46044000000054027,2024-07-23,2,30,7,3,2024,,,,1,1,1
46044000000055008,46044000000053577,46044000000052021,2025-12-17,3,51,12,4,2025,,,,1,1,1
46044000000053032,46044000000053528,46044000000058017,2022-10-09,0,40,10,4,2022,,,,1,1,1
46044000000053031,46044000000053564,46044000000057008,2023-10-01,0,39,10,4,2023,,,,1,1,1
46044000000053033,46044000000054514,46044000000053039,2025-03-28,5,13,3,1,2025,,,,1,1,1
46044000000053033,46044000000052514,46044000000057008,2025-07-24,4,30,7,3,2025,,,,1,1,1
46044000000053032,46044000000052481,46044000000058018,2024-07-23,2,30,7,3,2024,,,,1,1,1
46044000000056018,46044000000053560,46044000000056022,2022-07-12,2,28,7,3,2022,,,,1,1,1
46044000000057005,46044000000054487,46044000000053040,2024-11-25,1,48,11,4,2024,,,,1,1,1
46044000000058012,46044000000053607,46044000000058017,2025-08-06,3,32,8,3,2025,,,,1,1,1
46044000000055008,46044000000053522,46044000000054027,2025-12-09,2,50,12,4,2025,,,,1,1,1
46044000000053031,46044000000053564,46044000000053038,2023-10-01,0,39,10,4,2023,,,,1,1,1
46044000000053033,46044000000054514,46044000000058017,2025-03-28,5,13,3,1,2025,,,,1,1,1
46044000000052018,46044000000053572,46044000000052021,2023-03-08,3,10,3,1,2023,,,,1,1,1
46044000000052017,46044000000053544,46044000000057008,2023-07-26,3,30,7,3,2023,,,,1,1,1
46044000000054016,46044000000054520,46044000000053040,2024-01-28,0,4,1,1,2024,,,,1,1,1
46044000000054016,46044000000054520,46044000000052021,2024-01-28,0,4,1,1,2024,,,,1,1,1
46044000000058012,46044000000053607,46044000000053040,2025-08-06,3,32,8,3,2025,,,,1,1,1
46044000000057003,46044000000053607,46044000000052021,2022-08-26,5,34,8,3,2022,,,,1,1,1
46044000000054018,46044000000052538,46044000000054027,2025-12-06,6,49,12,4,2025,,,,1,1,1
46044000000057005,46044000000054487,46044000000058017,2024-11-25,1,48,11,4,2024,,,,1,1,1
46044000000052018,46044000000053572,46044000000055012,2023-03-08,3,10,3,1,2023,,,,1,1,1
46044000000055007,46044000000053505,46044000000055012,2022-10-26,3,43,10,4,2022,,,,1,1,1
46044000000057006,46044000000052450,46044000000053039,2023-08-02,3,31,8,3,2023,,,,1,1,1
46044000000057005,46044000000054487,46044000000052021,2024-11-25,1,48,11,4,2024,,,,4,4,4
46044000000055007,46044000000053505,46044000000053038,2022-10-26,3,43,10,4,2022,,,,5,5,5
46044000000052016,46044000000052531,46044000000054027,2022-02-25,5,8,2,1,2022,,,,4,4,4
46044000000053031,46044000000054491,46044000000053040,2023-11-02,4,44,11,4,2023,,,,9,9,9
46044000000056018,46044000000054505,46044000000055012,2025-08-24,0,34,8,3,2025,,,,9,9,9
46044000000055008,46044000000053577,46044000000056022,2025-12-17,3,51,12,4,2025,,,,8,8,8
46044000000052017,46044000000054503,46044000000053039,2025-03-27,4,13,3,1,2025,,,,6,6,6
46044000000052018,46044000000052550,46044000000058018,2025-05-20,2,21,5,2,2025,,,,10,10,10
46044000000055009,46044000000053522,46044000000055012,2024-12-13,5,50,12,4,2024,,,,9,9,9
46044000000052017,46044000000053551,46044000000053038,2025-07-01,2,27,7,3,2025,,,,8,8,8
46044000000054016,46044000000054491,46044000000057008,2024-11-04,1,45,11,4,2024,,,,8,8,8
46044000000057006,46044000000052454,46044000000054027,2023-08-01,2,31,8,3,2023,,,,9,9,9
46044000000054018,46044000000053609,46044000000055011,2022-09-22,4,38,9,3,2022,,,,7,7,7
46044000000056014,46044000000052540,46044000000053038,2022-02-01,2,5,2,1,2022,,,,8,8,8
46044000000057006,46044000000053569,46044000000056021,2022-06-28,2,26,6,2,2022,,,,10,10,10
46044000000054016,46044000000053512,46044000000058017,2022-02-13,0,6,2,1,2022,,,,9,9,9
46044000000052016,46044000000052485,46044000000057008,2025-10-14,2,42,10,4,2025,,,,10,10,10
46044000000057005,46044000000053560,46044000000053038,2025-07-02,3,27,7,3,2025,,,,9,9,9
46044000000057003,46044000000054496,46044000000055012,2023-06-04,0,22,6,2,2023,,,,10,10,10
46044000000056015,46044000000052524,46044000000053040,2022-05-01,0,17,5,2,2022,,,,10,10,10
46044000000056018,46044000000052512,46044000000056021,2023-08-13,0,32,8,3,2023,,,,8,8,8
46044000000055008,46044000000053577,46044000000057008,2025-12-17,3,51,12,4,2025,,,,10,10,10
46044000000053034,46044000000053601,46044000000058017,2023-04-24,1,17,4,2,2023,,,,10,10,10
46044000000058014,46044000000053561,46044000000055012,2022-04-22,5,16,4,2,2022,,,,10,10,10
46044000000055007,46044000000052534,46044000000052021,2025-12-12,5,50,12,4,2025,,,,10,10,10
46044000000055009,46044000000053576,46044000000052021,2023-09-24,0,38,9,3,2023,,,,10,10,10
46044000000058011,46044000000053523,46044000000052021,2025-02-15,6,7,2,1,2025,,,,9,9,9
46044000000055008,46044000000053571,46044000000055012,2024-06-02,0,22,6,2,2024,,,,9,9,9
46044000000057005,46044000000053572,46044000000053039,2023-10-20,5,42,10,4,2023,,,,9,9,9
46044000000055006,46044000000053549,46044000000053040,2022-11-04,5,44,11,4,2022,,,,8,8,8
46044000000056015,46044000000053560,46044000000053039,2023-12-15,5,50,12,4,2023,,,,10,10,10
46044000000058011,46044000000053585,46044000000056022,2022-02-02,3,5,2,1,2022,,,,8,8,8
46044000000057005,46044000000052470,46044000000053039,2025-01-19,0,3,1,1,2025,,,,9,9,9
46044000000057006,46044000000053599,46044000000053039,2024-06-23,0,25,6,2,2024,,,,8,8,8
46044000000057005,46044000000052521,46044000000056021,2022-04-18,1,16,4,2,2022,,,,8,8,8
46044000000052016,46044000000052512,46044000000053038,2023-08-21,1,34,8,3,2023,,,,10,10,10
46044000000055009,46044000000052474,46044000000055012,2022-10-08,6,40,10,4,2022,,,,7,7,7
46044000000055007,46044000000052464,46044000000055011,2024-11-15,5,46,11,4,2024,,,,6,6,6
46044000000053033,46044000000052499,46044000000054027,2025-04-06,0,14,4,2,2025,,,,10,10,10
46044000000057005,46044000000053532,46044000000053039,2024-02-24,6,8,2,1,2024,,,,8,8,8
46044000000056015,46044000000052498,46044000000055011,2022-07-24,0,29,7,3,2022,,,,10,10,10
46044000000056018,46044000000052506,46044000000052021,2024-07-08,1,28,7,3,2024,,,,9,9,9
46044000000054016,46044000000053558,46044000000055012,2024-04-02,2,14,4,2,2024,,,,10,10,10
46044000000055007,46044000000052517,46044000000055012,2023-11-03,5,44,11,4,2023,,,,7,7,7
46044000000057004,46044000000053562,46044000000056022,2024-12-24,2,52,12,4,2024,,,,10,10,10
46044000000053033,46044000000053568,46044000000058017,2024-07-04,4,27,7,3,2024,,,,9,9,9
46044000000052018,46044000000052526,46044000000057008,2024-07-09,2,28,7,3,2024,,,,10,10,10
46044000000054016,46044000000053572,46044000000056021,2025-10-27,1,44,10,4,2025,,,,8,8,8
46044000000056015,46044000000054510,46044000000052021,2022-03-26,6,12,3,1,2022,,,,10,10,10
46044000000055006,46044000000053605,46044000000056021,2023-03-12,0,10,3,1,2023,,,,9,9,9
46044000000052016,46044000000053564,46044000000058018,2024-12-22,0,51,12,4,2024,,,,10,10,10
46044000000054017,46044000000053584,46044000000053038,2023-07-03,1,27,7,3,2023,,,,9,9,9
46044000000058012,46044000000053597,46044000000055012,2023-05-25,4,21,5,2,2023,,,,9,9,9
46044000000052014,46044000000053551,46044000000053038,2024-11-18,1,47,11,4,2024,,,,10,10,10
46044000000052017,46044000000052446,46044000000056022,2023-05-28,0,21,5,2,2023,,,,9,9,9
46044000000057004,46044000000053498,46044000000057008,2023-01-06,5,1,1,1,2023,,,,9,9,9
46044000000052018,46044000000053587,46044000000054027,2022-02-04,5,5,2,1,2022,,,,9,9,9
46044000000053034,46044000000053569,46044000000055012,2022-02-16,3,7,2,1,2022,,,,6,6,6
46044000000058014,46044000000053610,46044000000052021,2024-01-19,5,3,1,1,2024,,,,10,10,10
46044000000057003,46044000000053525,46044000000052021,2023-12-22,5,51,12,4,2023,,,,8,8,8
46044000000057005,46044000000053561,46044000000055012,2024-11-23,6,47,11,4,2024,,,,10,10,10
46044000000058015,46044000000053571,46044000000056022,2025-07-05,6,27,7,3,2025,,,,7,7,7
46044000000057004,46044000000053534,46044000000052021,2024-07-18,4,29,7,3,2024,,,,8,8,8
46044000000055008,46044000000053577,46044000000054027,2025-12-17,3,51,12,4,2025,,,,10,10,10
46044000000054017,46044000000052443,46044000000053040,2024-06-26,3,26,6,2,2024,,,,8,8,8
46044000000053033,46044000000053506,46044000000055011,2022-05-06,5,18,5,2,2022,,,,7,7,7
46044000000054018,46044000000053514,46044000000056022,2025-04-05,6,14,4,2,2025,,,,10,10,10
46044000000055007,46044000000053531,46044000000055012,2023-05-12,5,19,5,2,2023,,,,9,9,9
46044000000055008,46044000000053504,46044000000054027,2022-02-20,0,7,2,1,2022,,,,10,10,10
46044000000054016,46044000000053603,46044000000057008,2024-12-21,6,51,12,4,2024,,,,9,9,9
46044000000052016,46044000000053541,46044000000056021,2022-07-27,3,30,7,3,2022,,,,10,10,10
46044000000054018,46044000000052492,46044000000058018,2025-06-15,0,24,6,2,2025,,,,8,8,8
46044000000053034,46044000000052511,46044000000056022,2022-07-12,2,28,7,3,2022,,,,10,10,10
46044000000055006,46044000000052471,46044000000057008,2023-06-05,1,23,6,2,2023,,,,7,7,7
46044000000054018,46044000000053574,46044000000058017,2022-02-22,2,8,2,1,2022,,,,10,10,10
46044000000055007,46044000000052489,46044000000054027,2022-01-20,4,3,1,1,2022,,,,7,7,7
46044000000057004,46044000000052510,46044000000053039,2023-11-10,5,45,11,4,2023,,,,10,10,10
46044000000058011,46044000000053523,46044000000053039,2025-02-15,6,7,2,1,2025,,,,10,10,10
46044000000056014,46044000000052533,46044000000058017,2022-01-27,4,4,1,1,2022,,,,10,10,10
46044000000056015,46044000000054511,46044000000056022,2022-10-25,2,43,10,4,2022,,,,6,6,6
46044000000053033,46044000000053542,46044000000057008,2025-12-02,2,49,12,4,2025,,,,8,8,8
46044000000056014,46044000000054493,46044000000053038,2022-04-22,5,16,4,2,2022,,,,9,9,9
46044000000057006,46044000000052540,46044000000054027,2025-09-12,5,37,9,3,2025,,,,9,9,9
46044000000056015,46044000000052499,46044000000058017,2025-11-07,5,45,11,4,2025,,,,7,7,7
46044000000057006,46044000000053497,46044000000054027,2022-09-13,2,37,9,3,2022,,,,9,9,9
46044000000055007,46044000000052566,46044000000053039,2024-05-22,3,21,5,2,2024,,,,7,7,7
46044000000056014,46044000000052523,46044000000053040,2022-03-09,3,10,3,1,2022,,,,8,8,8
46044000000056015,46044000000053559,46044000000054027,2025-01-03,5,1,1,1,2025,,,,8,8,8
46044000000052016,46044000000052565,46044000000055011,2023-10-26,4,43,10,4,2023,,,,22,22,22
46044000000056014,46044000000052578,46044000000053038,2025-02-20,4,8,2,1,2025,,,,36,36,36
46044000000056015,46044000000053617,46044000000053039,2022-05-18,3,20,5,2,2022,,,,33,33,33
46044000000055008,46044000000053579,46044000000056021,2022-12-14,3,50,12,4,2022,,,,21,21,21
46044000000055008,46044000000053555,46044000000055012,2024-08-07,3,32,8,3,2024,,,,40,40,40
46044000000054018,46044000000053514,46044000000056021,2024-01-28,0,4,1,1,2024,,,,20,20,20
46044000000055007,46044000000053614,46044000000057008,2024-01-10,3,2,1,1,2024,,,,30,30,30
46044000000057006,46044000000054505,46044000000053039,2025-11-26,3,48,11,4,2025,,,,18,18,18
46044000000056013,46044000000052551,46044000000053039,2022-02-03,4,5,2,1,2022,,,,38,38,38
46044000000056015,46044000000053617,46044000000054027,2022-05-18,3,20,5,2,2022,,,,50,50,50
46044000000054016,46044000000052478,46044000000056021,2022-10-23,0,42,10,4,2022,,,,16,16,16
46044000000053033,46044000000053565,46044000000058017,2023-06-12,1,24,6,2,2023,,,,30,30,30
46044000000056014,46044000000053535,46044000000058017,2023-08-13,0,32,8,3,2023,,,,20,20,20
46044000000056014,46044000000052483,46044000000053038,2022-06-21,2,25,6,2,2022,,,,21,21,21
46044000000058011,46044000000052486,46044000000057008,2022-02-27,0,8,2,1,2022,,,,29,29,29
46044000000058011,46044000000053562,46044000000055011,2023-07-21,5,29,7,3,2023,,,,18,18,18
46044000000054016,46044000000052478,46044000000058018,2022-10-23,0,42,10,4,2022,,,,31,31,31
46044000000055008,46044000000053511,46044000000056021,2022-10-17,1,42,10,4,2022,,,,32,32,32
46044000000057003,46044000000052568,46044000000053040,2023-10-17,2,42,10,4,2023,,,,22,22,22
46044000000056015,46044000000053492,46044000000056022,2022-03-18,5,11,3,1,2022,,,,17,17,17
46044000000055007,46044000000052576,46044000000055011,2025-01-10,5,2,1,1,2025,,,,33,33,33
46044000000052016,46044000000052531,46044000000056022,2022-02-25,5,8,2,1,2022,,,,9,9,9
46044000000058015,46044000000054495,46044000000053038,2024-02-01,4,5,2,1,2024,,,,9,9,9
46044000000054015,46044000000054491,46044000000054027,2024-12-24,2,52,12,4,2024,,,,10,10,10
46044000000056017,46044000000052519,46044000000058018,2022-11-22,2,47,11,4,2022,,,,9,9,9
46044000000058011,46044000000052557,46044000000053038,2025-02-15,6,7,2,1,2025,,,,8,8,8
46044000000052016,46044000000053515,46044000000056022,2022-04-19,2,16,4,2,2022,,,,10,10,10
46044000000058012,46044000000053507,46044000000056021,2022-08-08,1,32,8,3,2022,,,,9,9,9
46044000000055009,46044000000053574,46044000000053040,2023-06-05,1,23,6,2,2023,,,,10,10,10
46044000000056018,46044000000052452,46044000000054027,2023-05-07,0,18,5,2,2023,,,,10,10,10
46044000000058015,46044000000052531,46044000000053038,2022-08-15,1,33,8,3,2022,,,,10,10,10
46044000000056014,46044000000052536,46044000000053040,2024-03-26,2,13,3,1,2024,,,,9,9,9
46044000000054016,46044000000053569,46044000000057008,2022-05-12,4,19,5,2,2022,,,,8,8,8
46044000000054016,46044000000052552,46044000000056022,2024-04-17,3,16,4,2,2024,,,,8,8,8
46044000000058014,46044000000052461,46044000000054027,2023-02-06,1,6,2,1,2023,,,,10,10,10
46044000000058013,46044000000053610,46044000000056022,2023-01-06,5,1,1,1,2023,,,,10,10,10
46044000000055008,46044000000052563,46044000000052021,2023-09-22,5,38,9,3,2023,,,,10,10,10
46044000000058012,46044000000053578,46044000000058017,2023-11-07,2,45,11,4,2023,,,,7,7,7
46044000000055007,46044000000054506,46044000000053039,2025-07-02,3,27,7,3,2025,,,,9,9,9
46044000000053033,46044000000053511,46044000000052021,2023-11-01,3,44,11,4,2023,,,,9,9,9
46044000000056013,46044000000052494,46044000000056021,2025-03-04,2,10,3,1,2025,,,,7,7,7
46044000000056018,46044000000053544,46044000000054027,2022-11-09,3,45,11,4,2022,,,,9,9,9
46044000000054015,46044000000052490,46044000000055011,2023-09-22,5,38,9,3,2023,,,,9,9,9
46044000000057003,46044000000053581,46044000000054027,2024-01-18,4,3,1,1,2024,,,,9,9,9
46044000000057005,46044000000053540,46044000000052021,2022-11-10,4,45,11,4,2022,,,,10,10,10
46044000000058011,46044000000052508,46044000000053040,2023-03-06,1,10,3,1,2023,,,,8,8,8
46044000000057005,46044000000053503,46044000000053039,2025-06-05,4,23,6,2,2025,,,,7,7,7
46044000000058012,46044000000053561,46044000000058017,2025-09-16,2,38,9,3,2025,,,,10,10,10
46044000000058014,46044000000052541,46044000000053040,2023-01-02,1,1,1,1,2023,,,,10,10,10
46044000000058014,46044000000053600,46044000000056022,2024-08-12,1,33,8,3,2024,,,,10,10,10
46044000000056018,46044000000052540,46044000000053038,2023-03-14,2,11,3,1,2023,,,,8,8,8
46044000000053032,46044000000053588,46044000000052021,2022-11-18,5,46,11,4,2022,,,,8,8,8
46044000000054018,46044000000052445,46044000000054027,2022-07-18,1,29,7,3,2022,,,,6,6,6
46044000000054018,46044000000052445,46044000000054027,2024-01-06,6,1,1,1,2024,6,,,313,313,26
46044000000056015,46044000000052509,46044000000056021,2025-02-05,3,6,2,1,2025,,,,10,10,10
46044000000052017,46044000000052538,46044000000057008,2022-03-23,3,12,3,1,2022,,,,10,10,10
46044000000057003,46044000000053516,46044000000053038,2024-10-25,5,43,10,4,2024,,,,9,9,9
46044000000058013,46044000000053547,46044000000054027,2024-07-23,2,30,7,3,2024,,,,10,10,10
46044000000055008,46044000000053515,46044000000058017,2025-03-21,5,12,3,1,2025,,,,8,8,8
46044000000055008,46044000000052468,46044000000058017,2024-11-10,0,45,11,4,2024,,,,9,9,9
46044000000058012,46044000000053600,46044000000053039,2025-03-11,2,11,3,1,2025,,,,9,9,9
46044000000057004,46044000000053503,46044000000056022,2024-01-28,0,4,1,1,2024,,,,10,10,10
46044000000054016,46044000000052518,46044000000058017,2022-01-04,2,1,1,1,2022,,,,7,7,7
46044000000054016,46044000000053558,46044000000054027,2024-04-02,2,14,4,2,2024,,,,9,9,9
46044000000056013,46044000000054515,46044000000053040,2023-06-23,5,25,6,2,2023,,,,9,9,9
46044000000052014,46044000000054495,46044000000056021,2025-02-27,4,9,2,1,2025,,,,7,7,7
46044000000055009,46044000000052520,46044000000058017,2023-07-20,4,29,7,3,2023,,,,6,6,6
46044000000055009,46044000000052520,46044000000058017,2024-05-21,2,21,5,2,2024,6,,,307,307,14
46044000000053033,46044000000054493,46044000000056021,2024-02-25,0,8,2,1,2024,,,,10,10,10
46044000000056016,46044000000053521,46044000000055012,2023-04-07,5,14,4,2,2023,,,,10,10,10
46044000000055009,46044000000052547,46044000000055012,2025-12-26,5,52,12,4,2025,,,,10,10,10
46044000000052018,46044000000053598,46044000000053039,2024-11-12,2,46,11,4,2024,,,,10,10,10
46044000000058015,46044000000053494,46044000000054027,2025-02-24,1,9,2,1,2025,,,,10,10,10
46044000000058014,46044000000052532,46044000000056022,2024-08-03,6,31,8,3,2024,,,,10,10,10
46044000000055008,46044000000052475,46044000000055011,2024-05-23,4,21,5,2,2024,,,,10,10,10
46044000000056017,46044000000052493,46044000000053039,2025-09-23,2,39,9,3,2025,,,,8,8,8
46044000000054015,46044000000052445,46044000000056022,2023-06-21,3,25,6,2,2023,,,,9,9,9
46044000000058015,46044000000052448,46044000000056022,2022-04-27,3,17,4,2,2022,,,,9,9,9
46044000000056014,46044000000053608,46044000000053040,2023-05-09,2,19,5,2,2023,,,,10,10,10
46044000000053032,46044000000052553,46044000000056021,2023-11-03,5,44,11,4,2023,,,,8,8,8
46044000000054017,46044000000053545,46044000000053038,2023-08-02,3,31,8,3,2023,,,,6,6,6
46044000000052017,46044000000052454,46044000000054027,2022-02-22,2,8,2,1,2022,,,,10,10,10
46044000000053031,46044000000052520,46044000000053040,2022-03-11,5,10,3,1,2022,,,,10,10,10
46044000000057004,46044000000052450,46044000000056021,2024-11-01,5,44,11,4,2024,,,,7,7,7
46044000000057004,46044000000052497,46044000000056021,2025-07-07,1,28,7,3,2025,,,,9,9,9
46044000000056014,46044000000053577,46044000000058017,2022-07-07,4,27,7,3,2022,,,,9,9,9
46044000000058013,46044000000052519,46044000000052021,2024-11-08,5,45,11,4,2024,,,,10,10,10
46044000000057005,46044000000052544,46044000000053040,2024-11-11,1,46,11,4,2024,,,,8,8,8
46044000000054017,46044000000052561,46044000000053040,2024-07-20,6,29,7,3,2024,,,,7,7,7
46044000000053031,46044000000054508,46044000000052021,2022-09-10,6,36,9,3,2022,,,,10,10,10
46044000000057003,46044000000052521,46044000000052021,2025-05-09,5,19,5,2,2025,,,,9,9,9
46044000000052018,46044000000052490,46044000000053040,2023-10-19,4,42,10,4,2023,,,,7,7,7
46044000000058012,46044000000054502,46044000000053038,2022-07-26,2,30,7,3,2022,,,,9,9,9
46044000000056018,46044000000052508,46044000000058017,2025-10-14,2,42,10,4,2025,,,,10,10,10
46044000000054016,46044000000052528,46044000000056021,2025-03-04,2,10,3,1,2025,,,,10,10,10
46044000000058015,46044000000052526,46044000000053040,2022-07-18,1,29,7,3,2022,,,,10,10,10
46044000000056016,46044000000052501,46044000000058018,2022-05-14,6,19,5,2,2022,,,,8,8,8
46044000000052014,46044000000052494,46044000000052021,2024-11-22,5,47,11,4,2024,,,,10,10,10
46044000000055006,46044000000052496,46044000000058017,2023-03-19,0,11,3,1,2023,,,,9,9,9
46044000000054015,46044000000054488,46044000000055011,2024-02-08,4,6,2,1,2024,,,,9,9,9
46044000000052018,46044000000052541,46044000000053039,2025-05-26,1,22,5,2,2025,,,,10,10,10
46044000000055007,46044000000053580,46044000000055011,2022-06-15,3,24,6,2,2022,,,,7,7,7
46044000000053033,46044000000053614,46044000000058018,2025-02-16,0,7,2,1,2025,,,,8,8,8
46044000000056014,46044000000054515,46044000000055012,2024-11-16,6,46,11,4,2024,,,,9,9,9
46044000000055008,46044000000052566,46044000000053039,2022-12-17,6,50,12,4,2022,,,,10,10,10
46044000000057004,46044000000053584,46044000000053039,2023-06-22,4,25,6,2,2023,,,,10,10,10
46044000000057006,46044000000053610,46044000000053039,2024-02-03,6,5,2,1,2024,,,,8,8,8
46044000000056017,46044000000053576,46044000000054027,2022-08-13,6,32,8,3,2022,,,,10,10,10
46044000000057004,46044000000052464,46044000000057008,2025-01-04,6,1,1,1,2025,,,,9,9,9
46044000000056014,46044000000052542,46044000000056022,2022-07-18,1,29,7,3,2022,,,,48,48,48
46044000000057006,46044000000053562,46044000000056022,2024-07-08,1,28,7,3,2024,,,,33,33,33
46044000000054016,46044000000054505,46044000000056022,2025-10-08,3,41,10,4,2025,,,,22,22,22
46044000000056016,46044000000052453,46044000000053038,2025-03-14,5,11,3,1,2025,,,,10,10,10
46044000000057004,46044000000052450,46044000000052021,2024-11-01,5,44,11,4,2024,,,,9,9,9
46044000000052016,46044000000052513,46044000000055011,2025-05-10,6,19,5,2,2025,,,,10,10,10
46044000000053031,46044000000052515,46044000000055011,2025-12-21,0,51,12,4,2025,,,,3,3,3
46044000000055006,46044000000053589,46044000000054027,2024-10-12,6,41,10,4,2024,,,,2,2,2
46044000000056016,46044000000052529,46044000000058018,2023-01-04,3,1,1,1,2023,,,,4,4,4
46044000000053031,46044000000052509,46044000000055012,2022-05-03,2,18,5,2,2022,,,,2,2,2
46044000000052014,46044000000054514,46044000000057008,2025-04-02,3,14,4,2,2025,,,,5,5,5
46044000000058013,46044000000052445,46044000000056022,2024-12-24,2,52,12,4,2024,,,,5,5,5
46044000000052016,46044000000052491,46044000000056022,2024-01-23,2,4,1,1,2024,,,,4,4,4
46044000000058012,46044000000053541,46044000000053038,2025-02-27,4,9,2,1,2025,,,,3,3,3
46044000000056016,46044000000052574,46044000000053039,2023-03-25,6,12,3,1,2023,,,,5,5,5
46044000000054018,46044000000053559,46044000000058018,2022-09-24,6,38,9,3,2022,,,,3,3,3
46044000000052014,46044000000052533,46044000000053039,2023-02-09,4,6,2,1,2023,,,,5,5,5
46044000000055008,46044000000052549,46044000000053038,2024-09-20,5,38,9,3,2024,,,,5,5,5
46044000000052017,46044000000052521,46044000000053038,2025-03-09,0,10,3,1,2025,,,,5,5,5
46044000000057006,46044000000053532,46044000000058017,2024-10-09,3,41,10,4,2024,,,,5,5,5
46044000000055009,46044000000054511,46044000000056021,2023-04-13,4,15,4,2,2023,,,,3,3,3
46044000000057006,46044000000053580,46044000000054027,2022-09-12,1,37,9,3,2022,,,,5,5,5
46044000000053033,46044000000052499,46044000000052021,2025-04-06,0,14,4,2,2025,,,,5,5,5
46044000000052017,46044000000053544,46044000000055011,2023-07-26,3,30,7,3,2023,,,,5,5,5
46044000000058015,46044000000052557,46044000000058017,2025-05-14,3,20,5,2,2025,,,,5,5,5
46044000000055008,46044000000052531,46044000000053038,2024-04-17,3,16,4,2,2024,,,,4,4,4
46044000000058011,46044000000054510,46044000000058018,2023-12-26,2,52,12,4,2023,,,,5,5,5
46044000000055006,46044000000052555,46044000000054027,2025-06-25,3,26,6,2,2025,,,,5,5,5
46044000000055006,46044000000053513,46044000000055011,2022-06-26,0,25,6,2,2022,,,,4,4,4
46044000000057004,46044000000053593,46044000000054027,2023-06-07,3,23,6,2,2023,,,,5,5,5
46044000000058012,46044000000052535,46044000000058017,2022-08-27,6,34,8,3,2022,,,,5,5,5
46044000000058011,46044000000053546,46044000000052021,2022-12-13,2,50,12,4,2022,,,,4,4,4
46044000000056013,46044000000052456,46044000000052021,2025-10-07,2,41,10,4,2025,,,,5,5,5
46044000000052014,46044000000054506,46044000000054027,2025-11-14,5,46,11,4,2025,,,,5,5,5
46044000000055008,46044000000052478,46044000000056022,2024-12-20,5,51,12,4,2024,,,,5,5,5
46044000000055006,46044000000053527,46044000000058018,2025-03-01,6,9,3,1,2025,,,,4,4,4
46044000000053033,46044000000052548,46044000000055011,2024-12-16,1,51,12,4,2024,,,,5,5,5
46044000000052018,46044000000052463,46044000000054027,2023-01-18,3,3,1,1,2023,,,,5,5,5
46044000000052018,46044000000052470,46044000000056022,2023-02-28,2,9,2,1,2023,,,,5,5,5
46044000000058015,46044000000053531,46044000000058018,2024-10-05,6,40,10,4,2024,,,,5,5,5
46044000000056013,46044000000052545,46044000000056021,2025-05-04,0,18,5,2,2025,,,,5,5,5
46044000000054017,46044000000052523,46044000000053038,2023-08-11,5,32,8,3,2023,,,,3,3,3
46044000000052018,46044000000052526,46044000000053038,2024-07-09,2,28,7,3,2024,,,,5,5,5
46044000000054015,46044000000053565,46044000000056021,2024-04-18,4,16,4,2,2024,,,,4,4,4
46044000000054018,46044000000052559,46044000000054027,2022-04-01,5,13,4,2,2022,,,,5,5,5
46044000000053031,46044000000054503,46044000000056021,2024-05-14,2,20,5,2,2024,,,,5,5,5
46044000000052018,46044000000052542,46044000000056022,2024-01-13,6,2,1,1,2024,,,,5,5,5
46044000000056017,46044000000053589,46044000000053039,2022-07-18,1,29,7,3,2022,,,,5,5,5
46044000000054017,46044000000052488,46044000000054027,2023-12-07,4,49,12,4,2023,,,,10,10,10
46044000000058011,46044000000052545,46044000000056022,2023-03-18,6,11,3,1,2023,,,,10,10,10
46044000000057004,46044000000052531,46044000000056022,2022-01-23,0,3,1,1,2022,,,,10,10,10
46044000000056014,46044000000054487,46044000000057008,2022-12-01,4,48,12,4,2022,,,,8,8,8
46044000000053033,46044000000052550,46044000000055011,2024-01-10,3,2,1,1,2024,,,,8,8,8
46044000000056015,46044000000053553,46044000000053040,2023-05-09,2,19,5,2,2023,,,,8,8,8
46044000000058011,46044000000054501,46044000000053040,2023-02-27,1,9,2,1,2023,,,,10,10,10
46044000000056016,46044000000052494,46044000000055011,2024-05-18,6,20,5,2,2024,,,,8,8,8
46044000000053032,46044000000053528,46044000000055012,2022-10-09,0,40,10,4,2022,,,,3,3,3
46044000000055006,46044000000053605,46044000000054027,2023-03-12,0,10,3,1,2023,,,,5,5,5
46044000000056013,46044000000054515,46044000000055012,2024-10-24,4,43,10,4,2024,,,,3,3,3
46044000000052018,46044000000052470,46044000000058018,2023-02-28,2,9,2,1,2023,,,,5,5,5
46044000000052016,46044000000053580,46044000000056021,2022-05-13,5,19,5,2,2022,,,,4,4,4
46044000000056018,46044000000053531,46044000000053040,2022-09-26,1,39,9,3,2022,,,,5,5,5
46044000000053032,46044000000053528,46044000000055011,2022-10-09,0,40,10,4,2022,,,,5,5,5
46044000000058014,46044000000052535,46044000000055011,2025-12-08,1,50,12,4,2025,,,,5,5,5
46044000000057004,46044000000052561,46044000000053039,2024-03-23,6,12,3,1,2024,,,,5,5,5
46044000000056014,46044000000053583,46044000000055011,2025-12-02,2,49,12,4,2025,,,,4,4,4
46044000000057006,46044000000053532,46044000000053040,2024-10-09,3,41,10,4,2024,,,,3,3,3
46044000000057006,46044000000052554,46044000000055011,2024-12-02,1,49,12,4,2024,,,,2,2,2
46044000000057006,46044000000052554,46044000000055011,2025-04-23,3,17,4,2,2025,2,,,11.5,11.5,3
46044000000058014,46044000000052479,46044000000058017,2024-01-05,5,1,1,1,2024,,,,5,5,5
46044000000055006,46044000000052527,46044000000053040,2024-09-09,1,37,9,3,2024,,,,5,5,5
46044000000057006,46044000000052563,46044000000053039,2025-12-19,5,51,12,4,2025,,,,5,5,5
46044000000056017,46044000000053569,46044000000055012,2023-08-19,6,33,8,3,2023,,,,5,5,5
46044000000055006,46044000000052478,46044000000058018,2022-03-26,6,12,3,1,2022,,,,5,5,5
46044000000052018,46044000000052470,46044000000053040,2023-02-28,2,9,2,1,2023,,,,10,10,10
46044000000052018,46044000000052470,46044000000053040,2023-03-08,3,10,3,1,2023,10,,,52.5,52.5,5
46044000000056013,46044000000052556,46044000000058017,2024-08-11,0,32,8,3,2024,,,,4,4,4
46044000000052017,46044000000052538,46044000000056021,2022-03-23,3,12,3,1,2022,,,,5,5,5
46044000000058011,46044000000054519,46044000000052021,2025-09-28,0,39,9,3,2025,,,,5,5,5
46044000000054015,46044000000052472,46044000000052021,2023-02-13,1,7,2,1,2023,,,,5,5,5
46044000000057005,46044000000053591,46044000000053038,2025-04-07,1,15,4,2,2025,,,,5,5,5
46044000000052017,46044000000053522,46044000000056022,2022-04-22,5,16,4,2,2022,,,,5,5,5
46044000000058014,46044000000054489,46044000000058018,2024-05-08,3,19,5,2,2024,,,,5,5,5
46044000000057003,46044000000053510,46044000000058018,2023-11-22,3,47,11,4,2023,,,,5,5,5
46044000000053031,46044000000054488,46044000000055011,2022-07-06,3,27,7,3,2022,,,,3,3,3
46044000000054015,46044000000052476,46044000000053039,2025-05-16,5,20,5,2,2025,,,,5,5,5
46044000000055008,46044000000053601,46044000000053039,2022-01-18,2,3,1,1,2022,,,,4,4,4
46044000000053034,46044000000054517,46044000000056021,2025-11-01,6,44,11,4,2025,,,,5,5,5
46044000000056013,46044000000054515,46044000000054027,2024-10-24,4,43,10,4,2024,,,,5,5,5
46044000000056017,46044000000053523,46044000000057008,2023-05-01,1,18,5,2,2023,,,,5,5,5
46044000000055006,46044000000052556,46044000000056022,2025-09-07,0,36,9,3,2025,,,,5,5,5
46044000000057005,46044000000053564,46044000000053038,2022-01-22,6,3,1,1,2022,,,,3,3,3
46044000000055006,46044000000054505,46044000000052021,2022-06-28,2,26,6,2,2022,,,,5,5,5
46044000000053033,46044000000053493,46044000000058018,2022-09-03,6,35,9,3,2022,,,,4,4,4
46044000000057003,46044000000053506,46044000000058018,2024-10-19,6,42,10,4,2024,,,,3,3,3
46044000000054018,46044000000052518,46044000000053040,2022-02-16,3,7,2,1,2022,,,,5,5,5
46044000000057004,46044000000052547,46044000000056021,2025-11-20,4,47,11,4,2025,,,,4,4,4
46044000000055007,46044000000053600,46044000000056021,2025-04-18,5,16,4,2,2025,,,,5,5,5
46044000000052014,46044000000053573,46044000000055012,2023-12-24,0,51,12,4,2023,,,,4,4,4
46044000000053031,46044000000052508,46044000000053040,2025-02-28,5,9,2,1,2025,,,,4,4,4
46044000000056015,46044000000053581,46044000000057008,2023-06-28,3,26,6,2,2023,,,,5,5,5
46044000000058011,46044000000054501,46044000000058017,2023-02-27,1,9,2,1,2023,,,,4,4,4
46044000000058012,46044000000053564,46044000000055011,2022-04-20,3,16,4,2,2022,,,,5,5,5
46044000000053031,46044000000054501,46044000000053040,2024-08-14,3,33,8,3,2024,,,,4,4,4
46044000000058013,46044000000052445,46044000000053040,2024-12-24,2,52,12,4,2024,,,,5,5,5
46044000000053033,46044000000054500,46044000000056022,2025-05-10,6,19,5,2,2025,,,,5,5,5
46044000000055006,46044000000052471,46044000000056021,2023-06-05,1,23,6,2,2023,,,,4,4,4
46044000000052017,46044000000053610,46044000000056022,2024-09-19,4,38,9,3,2024,,,,10,10,10
46044000000053032,46044000000053606,46044000000053040,2025-04-10,4,15,4,2,2025,,,,7,7,7
46044000000054017,46044000000053494,46044000000057008,2025-06-14,6,24,6,2,2025,,,,10,10,10
46044000000055008,46044000000054506,46044000000054027,2024-04-13,6,15,4,2,2024,,,,8,8,8
46044000000058013,46044000000053605,46044000000058017,2023-04-21,5,16,4,2,2023,,,,8,8,8
46044000000054017,46044000000053494,46044000000056022,2025-06-14,6,24,6,2,2025,,,,10,10,10
46044000000056017,46044000000052521,46044000000053039,2022-03-26,6,12,3,1,2022,,,,10,10,10
46044000000056014,46044000000052474,46044000000053038,2023-10-25,3,43,10,4,2023,,,,10,10,10
46044000000055009,46044000000052553,46044000000058018,2024-12-07,6,49,12,4,2024,,,,8,8,8
46044000000056017,46044000000052463,46044000000057008,2025-10-26,0,43,10,4,2025,,,,10,10,10
46044000000058015,46044000000052447,46044000000058017,2022-01-05,3,1,1,1,2022,,,,10,10,10
46044000000056015,46044000000054511,46044000000053039,2022-10-25,2,43,10,4,2022,,,,9,9,9
46044000000058015,46044000000053496,46044000000057008,2024-01-07,0,1,1,1,2024,,,,9,9,9
46044000000057006,46044000000052501,46044000000055011,2025-01-04,6,1,1,1,2025,,,,10,10,10
46044000000052016,46044000000053580,46044000000057008,2022-05-13,5,19,5,2,2022,,,,10,10,10
46044000000058013,46044000000052445,46044000000052021,2024-12-24,2,52,12,4,2024,,,,7,7,7
46044000000052014,46044000000053504,46044000000056021,2025-10-07,2,41,10,4,2025,,,,9,9,9
46044000000057004,46044000000052470,46044000000053038,2025-09-18,4,38,9,3,2025,,,,10,10,10
46044000000052016,46044000000052568,46044000000058018,2025-08-12,2,33,8,3,2025,,,,10,10,10
46044000000052014,46044000000053588,46044000000058017,2025-06-10,2,24,6,2,2025,,,,10,10,10
46044000000057003,46044000000054513,46044000000056021,2023-10-13,5,41,10,4,2023,,,,8,8,8
46044000000054018,46044000000053556,46044000000052021,2023-12-10,0,49,12,4,2023,,,,8,8,8
46044000000052014,46044000000053501,46044000000058018,2025-03-21,5,12,3,1,2025,,,,7,7,7
46044000000055008,46044000000052468,46044000000055011,2024-11-10,0,45,11,4,2024,,,,8,8,8
46044000000056014,46044000000052522,46044000000053040,2024-11-16,6,46,11,4,2024,,,,10,10,10
46044000000056017,46044000000052545,46044000000058017,2024-01-28,0,4,1,1,2024,,,,10,10,10
46044000000055009,46044000000053604,46044000000058017,2024-05-19,0,20,5,2,2024,,,,7,7,7
46044000000057003,46044000000054513,46044000000055012,2023-10-13,5,41,10,4,2023,,,,7,7,7
46044000000054015,46044000000052557,46044000000053038,2023-12-22,5,51,12,4,2023,,,,10,10,10
46044000000055009,46044000000052553,46044000000053040,2024-12-07,6,49,12,4,2024,,,,10,10,10
46044000000055008,46044000000053607,46044000000056021,2023-07-02,0,26,7,3,2023,,,,9,9,9
46044000000056017,46044000000052556,46044000000058018,2025-01-08,3,2,1,1,2025,,,,10,10,10
46044000000053034,46044000000054509,46044000000055012,2024-09-04,3,36,9,3,2024,,,,8,8,8
46044000000054018,46044000000052538,46044000000058017,2025-12-06,6,49,12,4,2025,,,,10,10,10
46044000000052014,46044000000052517,46044000000053040,2025-10-12,0,41,10,4,2025,,,,10,10,10
46044000000055009,46044000000053558,46044000000053039,2024-11-09,6,45,11,4,2024,,,,10,10,10
46044000000055009,46044000000052544,46044000000058018,2024-12-19,4,51,12,4,2024,,,,6,6,6
46044000000058011,46044000000053508,46044000000053038,2023-03-27,1,13,3,1,2023,,,,10,10,10
46044000000057005,46044000000052521,46044000000055011,2022-04-18,1,16,4,2,2022,,,,9,9,9
46044000000057004,46044000000052470,46044000000058017,2025-09-18,4,38,9,3,2025,,,,7,7,7
46044000000052018,46044000000052541,46044000000055012,2025-05-26,1,22,5,2,2025,,,,8,8,8
46044000000053032,46044000000053526,46044000000055012,2023-09-25,1,39,9,3,2023,,,,10,10,10
46044000000056018,46044000000053543,46044000000056021,2023-02-01,3,5,2,1,2023,,,,10,10,10
46044000000054018,46044000000054490,46044000000057008,2022-06-22,3,25,6,2,2022,,,,6,6,6
46044000000054016,46044000000053589,46044000000055012,2025-02-05,3,6,2,1,2025,,,,9,9,9
46044000000052018,46044000000053598,46044000000054027,2024-11-12,2,46,11,4,2024,,,,10,10,10
46044000000056016,46044000000052504,46044000000053040,2022-05-15,0,19,5,2,2022,,,,10,10,10
46044000000055006,46044000000053589,46044000000053039,2024-10-12,6,41,10,4,2024,,,,8,8,8
46044000000056013,46044000000053500,46044000000057008,2022-09-20,2,38,9,3,2022,,,,10,10,10
46044000000054016,46044000000053555,46044000000054027,2025-06-22,0,25,6,2,2025,,,,9,9,9
46044000000058013,46044000000052531,46044000000055011,2022-10-05,3,40,10,4,2022,,,,9,9,9
46044000000054018,46044000000053556,46044000000053038,2023-12-10,0,49,12,4,2023,,,,9,9,9
46044000000054016,46044000000052568,46044000000058018,2022-03-23,3,12,3,1,2022,,,,5,5,5
46044000000054017,46044000000053512,46044000000055012,2024-05-01,3,18,5,2,2024,,,,5,5,5
46044000000054015,46044000000053530,46044000000054027,2023-06-23,5,25,6,2,2023,,,,5,5,5
46044000000053034,46044000000053557,46044000000058018,2025-10-08,3,41,10,4,2025,,,,9,9,9
46044000000053032,46044000000053547,46044000000052021,2024-08-12,1,33,8,3,2024,,,,9,9,9
46044000000055006,46044000000052467,46044000000054027,2024-05-14,2,20,5,2,2024,,,,8,8,8
46044000000058014,46044000000054489,46044000000055012,2024-05-08,3,19,5,2,2024,,,,10,10,10
46044000000058015,46044000000052492,46044000000053040,2023-10-05,4,40,10,4,2023,,,,10,10,10
46044000000053033,46044000000052553,46044000000053039,2023-04-14,5,15,4,2,2023,,,,8,8,8
46044000000053032,46044000000053568,46044000000056022,2024-08-28,3,35,8,3,2024,,,,8,8,8
46044000000055006,46044000000052550,46044000000057008,2024-05-16,4,20,5,2,2024,,,,7,7,7
46044000000053034,46044000000053493,46044000000053039,2022-03-15,2,11,3,1,2022,,,,10,10,10
46044000000056013,46044000000053528,46044000000053039,2022-02-10,4,6,2,1,2022,,,,9,9,9
46044000000055008,46044000000053601,46044000000056021,2022-01-18,2,3,1,1,2022,,,,10,10,10
46044000000054017,46044000000052567,46044000000058017,2023-02-01,3,5,2,1,2023,,,,10,10,10
46044000000054015,46044000000054496,46044000000053038,2022-10-14,5,41,10,4,2022,,,,8,8,8
46044000000053031,46044000000053582,46044000000058018,2024-07-23,2,30,7,3,2024,,,,10,10,10
46044000000052014,46044000000052464,46044000000055011,2022-09-17,6,37,9,3,2022,,,,8,8,8
46044000000057006,46044000000053580,46044000000053040,2022-09-12,1,37,9,3,2022,,,,7,7,7
46044000000057003,46044000000054517,46044000000055012,2023-11-10,5,45,11,4,2023,,,,9,9,9
46044000000056017,46044000000052558,46044000000058018,2024-12-06,5,49,12,4,2024,,,,8,8,8
46044000000056013,46044000000053616,46044000000056022,2025-04-11,5,15,4,2,2025,,,,8,8,8
46044000000056018,46044000000052512,46044000000058018,2023-08-13,0,32,8,3,2023,,,,10,10,10
46044000000054018,46044000000052454,46044000000056021,2023-11-07,2,45,11,4,2023,,,,10,10,10
46044000000056013,46044000000052493,46044000000053039,2025-12-26,5,52,12,4,2025,,,,10,10,10
46044000000052014,46044000000052465,46044000000058018,2022-02-01,2,5,2,1,2022,,,,8,8,8
46044000000053034,46044000000053493,46044000000056021,2022-03-15,2,11,3,1,2022,,,,10,10,10
46044000000053034,46044000000053601,46044000000053040,2023-04-24,1,17,4,2,2023,,,,9,9,9
46044000000055006,46044000000052534,46044000000058018,2023-03-13,1,11,3,1,2023,,,,8,8,8
46044000000055009,46044000000054513,46044000000055012,2025-04-11,5,15,4,2,2025,,,,6,6,6
46044000000053031,46044000000052468,46044000000058018,2024-05-12,0,19,5,2,2024,,,,10,10,10
46044000000054015,46044000000052555,46044000000052021,2023-07-15,6,28,7,3,2023,,,,8,8,8
46044000000056014,46044000000053555,46044000000055011,2022-07-07,4,27,7,3,2022,,,,10,10,10
46044000000055008,46044000000052498,46044000000053038,2024-12-15,0,50,12,4,2024,,,,8,8,8
46044000000058012,46044000000054509,46044000000053038,2024-12-02,1,49,12,4,2024,,,,7,7,7
46044000000055007,46044000000052495,46044000000055011,2025-02-23,0,8,2,1,2025,,,,40,40,40
46044000000057003,46044000000053599,46044000000053039,2022-08-06,6,31,8,3,2022,,,,30,30,30
46044000000058011,46044000000053576,46044000000053039,2025-06-24,2,26,6,2,2025,,,,15,15,15
46044000000057006,46044000000053599,46044000000058017,2024-06-23,0,25,6,2,2024,,,,20,20,20
46044000000052014,46044000000053591,46044000000054027,2024-12-04,3,49,12,4,2024,,,,34,34,34
46044000000057005,46044000000052514,46044000000054027,2024-03-24,0,12,3,1,2024,,,,15,15,15
46044000000057006,46044000000053604,46044000000056022,2024-11-03,0,44,11,4,2024,,,,34,34,34
46044000000056018,46044000000052556,46044000000058018,2024-03-11,1,11,3,1,2024,,,,18,18,18
46044000000058015,46044000000052497,46044000000053040,2023-08-08,2,32,8,3,2023,,,,15,15,15
46044000000058015,46044000000052497,46044000000053040,2024-02-04,0,5,2,1,2024,15,,,757.5,757.5,15
46044000000055009,46044000000054510,46044000000053040,2022-07-11,1,28,7,3,2022,,,,16,16,16
46044000000055008,46044000000053560,46044000000056022,2022-03-26,6,12,3,1,2022,,,,29,29,29
46044000000056016,46044000000053565,46044000000054027,2024-06-03,1,23,6,2,2024,,,,36,36,36
46044000000054018,46044000000052482,46044000000055011,2023-03-18,6,11,3,1,2023,,,,45,45,45
46044000000057006,46044000000054505,46044000000058017,2025-11-26,3,48,11,4,2025,,,,21,21,21
46044000000058013,46044000000053605,46044000000053038,2022-03-18,5,11,3,1,2022,,,,42,42,42
46044000000055007,46044000000053589,46044000000056022,2024-05-02,4,18,5,2,2024,,,,22,22,22
46044000000053031,46044000000053497,46044000000056022,2022-11-22,2,47,11,4,2022,,,,10,10,10
46044000000052016,46044000000052555,46044000000052021,2025-07-02,3,27,7,3,2025,,,,9,9,9
46044000000054017,46044000000052509,46044000000056021,2022-06-08,3,23,6,2,2022,,,,10,10,10
46044000000052014,46044000000053551,46044000000053040,2022-02-28,1,9,2,1,2022,,,,9,9,9
46044000000054016,46044000000052495,46044000000056022,2022-11-08,2,45,11,4,2022,,,,8,8,8
46044000000055008,46044000000053504,46044000000058018,2024-03-27,3,13,3,1,2024,,,,9,9,9
46044000000053032,46044000000052492,46044000000057008,2023-02-01,3,5,2,1,2023,,,,9,9,9
46044000000053032,46044000000053522,46044000000058018,2024-08-09,5,32,8,3,2024,,,,10,10,10
46044000000052018,46044000000052568,46044000000053039,2022-08-09,2,32,8,3,2022,,,,8,8,8
46044000000056017,46044000000052577,46044000000055012,2023-03-13,1,11,3,1,2023,,,,9,9,9
46044000000052016,46044000000052568,46044000000055012,2025-08-12,2,33,8,3,2025,,,,10,10,10
46044000000053034,46044000000052485,46044000000053038,2022-05-18,3,20,5,2,2022,,,,7,7,7
46044000000058011,46044000000053523,46044000000053038,2025-02-15,6,7,2,1,2025,,,,10,10,10
46044000000057004,46044000000052553,46044000000056022,2023-03-28,2,13,3,1,2023,,,,8,8,8
46044000000052014,46044000000052571,46044000000053038,2025-08-28,4,35,8,3,2025,,,,10,10,10
46044000000057004,46044000000053534,46044000000053038,2024-07-18,4,29,7,3,2024,,,,10,10,10
46044000000056014,46044000000052446,46044000000053040,2024-01-14,0,2,1,1,2024,,,,6,6,6
46044000000057006,46044000000052526,46044000000052021,2025-08-15,5,33,8,3,2025,,,,7,7,7
46044000000058011,46044000000053546,46044000000054027,2022-12-13,2,50,12,4,2022,,,,9,9,9
46044000000058015,46044000000052548,46044000000058017,2025-02-22,6,8,2,1,2025,,,,10,10,10
46044000000056013,46044000000052474,46044000000056021,2023-03-04,6,9,3,1,2023,,,,9,9,9
46044000000058011,46044000000053528,46044000000058018,2022-07-16,6,28,7,3,2022,,,,8,8,8
46044000000056015,46044000000054510,46044000000058017,2025-12-16,2,51,12,4,2025,,,,8,8,8
46044000000054016,46044000000054495,46044000000052021,2025-10-21,2,43,10,4,2025,,,,10,10,10
46044000000054016,46044000000054499,46044000000057008,2023-01-03,2,1,1,1,2023,,,,10,10,10
46044000000056013,46044000000053516,46044000000052021,2023-02-25,6,8,2,1,2023,,,,10,10,10
46044000000056013,46044000000053516,46044000000052021,2025-08-06,3,32,8,3,2025,10,,,511.5,511.5,23
46044000000056013,46044000000053581,46044000000052021,2022-08-06,6,31,8,3,2022,,,,10,10,10
46044000000056017,46044000000052466,46044000000054027,2025-10-10,5,41,10,4,2025,,,,8,8,8
46044000000053034,46044000000053535,46044000000052021,2023-11-26,0,47,11,4,2023,,,,8,8,8
46044000000056014,46044000000052482,46044000000053038,2022-02-01,2,5,2,1,2022,,,,10,10,10
46044000000057003,46044000000053501,46044000000053040,2024-02-17,6,7,2,1,2024,,,,10,10,10
46044000000057004,46044000000052525,46044000000053038,2025-04-18,5,16,4,2,2025,,,,9,9,9
46044000000057006,46044000000052566,46044000000055012,2023-10-28,6,43,10,4,2023,,,,9,9,9
46044000000058014,46044000000054505,46044000000058017,2022-01-06,4,1,1,1,2022,,,,8,8,8
46044000000055009,46044000000052453,46044000000055011,2023-11-25,6,47,11,4,2023,,,,9,9,9
46044000000053031,46044000000052556,46044000000055012,2022-06-28,2,26,6,2,2022,,,,8,8,8
46044000000058013,46044000000052549,46044000000055011,2025-08-15,5,33,8,3,2025,,,,10,10,10
46044000000056017,46044000000052461,46044000000053038,2025-04-17,4,16,4,2,2025,,,,9,9,9
46044000000054017,46044000000053524,46044000000055011,2022-09-24,6,38,9,3,2022,,,,10,10,10
46044000000056015,46044000000052531,46044000000057008,2025-09-27,6,39,9,3,2025,,,,10,10,10
46044000000057006,46044000000052501,46044000000052021,2025-01-04,6,1,1,1,2025,,,,9,9,9
46044000000053033,46044000000052515,46044000000055012,2024-05-08,3,19,5,2,2024,,,,10,10,10
46044000000054015,46044000000053532,46044000000053038,2025-11-05,3,45,11,4,2025,,,,8,8,8
46044000000055008,46044000000052566,46044000000053040,2022-12-17,6,50,12,4,2022,,,,10,10,10
46044000000053034,46044000000054508,46044000000058017,2022-02-18,5,7,2,1,2022,,,,9,9,9
46044000000057005,46044000000053553,46044000000053039,2025-02-20,4,8,2,1,2025,,,,10,10,10
46044000000055008,46044000000053504,46044000000053038,2022-02-20,0,7,2,1,2022,,,,9,9,9
46044000000058011,46044000000052486,46044000000056022,2022-02-27,0,8,2,1,2022,,,,10,10,10
46044000000058011,46044000000054519,46044000000057008,2025-09-28,0,39,9,3,2025,,,,8,8,8
46044000000054016,46044000000053560,46044000000055011,2024-03-09,6,10,3,1,2024,,,,9,9,9
46044000000054017,46044000000052536,46044000000054027,2022-07-26,2,30,7,3,2022,,,,8,8,8
46044000000055009,46044000000052485,46044000000057008,2025-01-17,5,3,1,1,2025,,,,10,10,10
46044000000053032,46044000000052512,46044000000055011,2025-11-15,6,46,11,4,2025,,,,10,10,10
46044000000056016,46044000000053546,46044000000056022,2023-08-16,3,33,8,3,2023,,,,6,6,6
46044000000058011,46044000000052476,46044000000053040,2022-05-25,3,21,5,2,2022,,,,9,9,9
46044000000058011,46044000000052476,46044000000053040,2023-09-08,5,36,9,3,2023,9,,,455,455,10
46044000000055008,46044000000052475,46044000000056021,2024-05-23,4,21,5,2,2024,,,,7,7,7
46044000000056018,46044000000052445,46044000000053040,2023-01-14,6,2,1,1,2023,,,,8,8,8
46044000000055007,46044000000054512,46044000000057008,2025-10-19,0,42,10,4,2025,,,,8,8,8
46044000000058013,46044000000052575,46044000000053038,2023-03-05,0,9,3,1,2023,,,,9,9,9
46044000000054015,46044000000052488,46044000000057008,2024-01-20,6,3,1,1,2024,,,,10,10,10
46044000000058015,46044000000052531,46044000000056021,2022-08-15,1,33,8,3,2022,,,,8,8,8
46044000000058015,46044000000052531,46044000000056021,2023-04-24,1,17,4,2,2023,8,,,42.5,42.5,5
46044000000054017,46044000000054501,46044000000052021,2022-08-18,4,33,8,3,2022,,,,10,10,10
46044000000056018,46044000000053613,46044000000056022,2023-01-01,0,52,1,1,2023,,,,5,5,5
46044000000052016,46044000000053545,46044000000054027,2024-12-26,4,52,12,4,2024,,,,2,2,2
46044000000058014,46044000000054493,46044000000052021,2022-06-22,3,25,6,2,2022,,,,5,5,5
46044000000055008,46044000000053595,46044000000055011,2022-03-18,5,11,3,1,2022,,,,4,4,4
46044000000055006,46044000000054503,46044000000052021,2025-03-05,3,10,3,1,2025,,,,5,5,5
46044000000057004,46044000000052470,46044000000057008,2025-09-18,4,38,9,3,2025,,,,5,5,5
46044000000054017,46044000000052517,46044000000056022,2023-01-27,5,4,1,1,2023,,,,5,5,5
46044000000053031,46044000000054501,46044000000057008,2024-08-14,3,33,8,3,2024,,,,3,3,3
46044000000055008,46044000000052527,46044000000053039,2022-02-27,0,8,2,1,2022,,,,5,5,5
46044000000052018,46044000000052533,46044000000055012,2023-12-06,3,49,12,4,2023,,,,5,5,5
46044000000056016,46044000000053573,46044000000057008,2023-01-03,2,1,1,1,2023,,,,5,5,5
46044000000053033,46044000000053498,46044000000053039,2023-02-16,4,7,2,1,2023,,,,5,5,5
46044000000056014,46044000000053583,46044000000053038,2025-12-02,2,49,12,4,2025,,,,5,5,5
46044000000055008,46044000000053560,46044000000058017,2022-03-26,6,12,3,1,2022,,,,4,4,4
46044000000056016,46044000000053597,46044000000053039,2025-10-19,0,42,10,4,2025,,,,3,3,3
46044000000054018,46044000000054495,46044000000054027,2024-07-04,4,27,7,3,2024,,,,5,5,5
46044000000056017,46044000000053547,46044000000058018,2022-03-18,5,11,3,1,2022,,,,5,5,5
46044000000056017,46044000000052486,46044000000053039,2022-05-04,3,18,5,2,2022,,,,5,5,5
46044000000053031,46044000000053583,46044000000055012,2022-10-25,2,43,10,4,2022,,,,4,4,4
46044000000057006,46044000000053578,46044000000055011,2024-04-22,1,17,4,2,2024,,,,3,3,3
46044000000053034,46044000000053566,46044000000058017,2022-06-12,0,23,6,2,2022,,,,5,5,5
46044000000056015,46044000000053559,46044000000055011,2022-09-09,5,36,9,3,2022,,,,5,5,5
46044000000056015,46044000000053559,46044000000055011,2025-01-03,5,1,1,1,2025,5,,,258.5,258.5,17
46044000000057004,46044000000053512,46044000000055012,2025-07-21,1,30,7,3,2025,,,,5,5,5
46044000000053034,46044000000052466,46044000000053038,2022-04-01,5,13,4,2,2022,,,,5,5,5
46044000000052017,46044000000052521,46044000000055012,2025-03-09,0,10,3,1,2025,,,,4,4,4
46044000000056017,46044000000053574,46044000000053038,2025-06-28,6,26,6,2,2025,,,,5,5,5
46044000000055009,46044000000053563,46044000000056021,2022-10-23,0,42,10,4,2022,,,,3,3,3
46044000000052017,46044000000053564,46044000000056022,2024-11-08,5,45,11,4,2024,,,,3,3,3
46044000000056017,46044000000053523,46044000000058018,2023-05-01,1,18,5,2,2023,,,,3,3,3
46044000000058011,46044000000052552,46044000000055011,2024-09-10,2,37,9,3,2024,,,,4,4,4
46044000000054017,46044000000052517,46044000000058017,2023-01-27,5,4,1,1,2023,,,,3,3,3
46044000000053032,46044000000053594,46044000000055012,2022-07-12,2,28,7,3,2022,,,,5,5,5
46044000000058011,46044000000052518,46044000000054027,2023-06-14,3,24,6,2,2023,,,,7,7,7
46044000000058011,46044000000052518,46044000000054027,2025-11-23,0,47,11,4,2025,7,,,37,37,4
46044000000058015,46044000000054495,46044000000052021,2024-02-01,4,5,2,1,2024,,,,5,5,5
46044000000053031,46044000000053581,46044000000058017,2023-10-23,1,43,10,4,2023,,,,4,4,4
46044000000056018,46044000000052507,46044000000057008,2022-04-26,2,17,4,2,2022,,,,5,5,5
46044000000057006,46044000000053530,46044000000056022,2024-06-03,1,23,6,2,2024,,,,3,3,3
46044000000052018,46044000000053572,46044000000058017,2023-03-08,3,10,3,1,2023,,,,5,5,5
46044000000056014,46044000000053529,46044000000054027,2023-11-25,6,47,11,4,2023,,,,5,5,5
46044000000056014,46044000000053529,46044000000054027,2025-02-07,5,6,2,1,2025,5,,,255,255,10
46044000000054016,46044000000054499,46044000000054027,2023-01-03,2,1,1,1,2023,,,,5,5,5
46044000000054018,46044000000052538,46044000000053040,2025-12-06,6,49,12,4,2025,,,,5,5,5
46044000000058012,46044000000053500,46044000000055012,2023-09-05,2,36,9,3,2023,,,,5,5,5
46044000000056018,46044000000052512,46044000000053039,2023-08-13,0,32,8,3,2023,,,,5,5,5
46044000000057006,46044000000053509,46044000000055011,2025-05-19,1,21,5,2,2025,,,,5,5,5
46044000000052017,46044000000054509,46044000000055011,2025-04-28,1,18,4,2,2025,,,,5,5,5
46044000000057005,46044000000054513,46044000000058018,2025-02-02,0,5,2,1,2025,,,,5,5,5
46044000000052017,46044000000053542,46044000000053039,2024-01-05,5,1,1,1,2024,,,,5,5,5
46044000000052017,46044000000053542,46044000000053039,2024-04-21,0,16,4,2,2024,5,,,257.5,257.5,15
46044000000052017,46044000000053542,46044000000053039,2024-10-03,4,40,10,4,2024,15,,,17176.6666,17176.6666,30
46044000000058014,46044000000052549,46044000000057008,2022-08-12,5,32,8,3,2022,,,,5,5,5
46044000000058015,46044000000053531,46044000000056022,2024-10-05,6,40,10,4,2024,,,,5,5,5
46044000000054016,46044000000052474,46044000000057008,2025-12-26,5,52,12,4,2025,,,,4,4,4
46044000000058011,46044000000053580,46044000000053038,2022-10-23,0,42,10,4,2022,,,,4,4,4
46044000000052016,46044000000052531,46044000000053040,2022-02-25,5,8,2,1,2022,,,,2,2,2
46044000000053032,46044000000052499,46044000000058018,2024-07-12,5,28,7,3,2024,,,,3,3,3
46044000000055006,46044000000053561,46044000000056022,2023-04-13,4,15,4,2,2023,,,,5,5,5
46044000000052017,46044000000053522,46044000000057008,2022-04-22,5,16,4,2,2022,,,,5,5,5
46044000000056014,46044000000054493,46044000000053040,2022-04-22,5,16,4,2,2022,,,,4,4,4
46044000000052016,46044000000053601,46044000000053040,2023-12-06,3,49,12,4,2023,,,,5,5,5
46044000000058013,46044000000053555,46044000000056021,2024-09-27,5,39,9,3,2024,,,,3,3,3
46044000000057005,46044000000052575,46044000000054027,2024-06-02,0,22,6,2,2024,,,,5,5,5
46044000000053032,46044000000052454,46044000000053038,2023-05-11,4,19,5,2,2023,,,,10,10,10
46044000000056016,46044000000052508,46044000000055011,2025-11-13,4,46,11,4,2025,,,,10,10,10
46044000000052016,46044000000053601,46044000000053039,2023-12-06,3,49,12,4,2023,,,,10,10,10
46044000000053031,46044000000054501,46044000000056021,2024-08-14,3,33,8,3,2024,,,,10,10,10
46044000000056013,46044000000053569,46044000000057008,2022-10-11,2,41,10,4,2022,,,,10,10,10
46044000000052016,46044000000052541,46044000000058018,2025-07-22,2,30,7,3,2025,,,,10,10,10
46044000000054015,46044000000052519,46044000000054027,2025-03-23,0,12,3,1,2025,,,,3,3,3
46044000000056017,46044000000053556,46044000000053040,2025-10-02,4,40,10,4,2025,,,,4,4,4
46044000000053034,46044000000053566,46044000000055012,2022-06-12,0,23,6,2,2022,,,,2,2,2
46044000000055007,46044000000054514,46044000000056021,2025-08-02,6,31,8,3,2025,,,,5,5,5
46044000000053032,46044000000052492,46044000000053040,2023-02-01,3,5,2,1,2023,,,,3,3,3
46044000000053031,46044000000053582,46044000000055012,2024-07-23,2,30,7,3,2024,,,,5,5,5
46044000000056018,46044000000052465,46044000000053040,2024-03-21,4,12,3,1,2024,,,,3,3,3
46044000000052016,46044000000052531,46044000000053038,2022-02-25,5,8,2,1,2022,,,,5,5,5
46044000000056017,46044000000053523,46044000000058017,2023-05-01,1,18,5,2,2023,,,,4,4,4
46044000000058015,46044000000053595,46044000000053039,2022-10-27,4,43,10,4,2022,,,,4,4,4
46044000000056017,46044000000052577,46044000000058017,2023-03-13,1,11,3,1,2023,,,,5,5,5
46044000000056015,46044000000052567,46044000000055012,2023-11-21,2,47,11,4,2023,,,,3,3,3
46044000000052014,46044000000053511,46044000000053038,2023-08-25,5,34,8,3,2023,,,,5,5,5
46044000000054016,46044000000052552,46044000000058018,2024-04-17,3,16,4,2,2024,,,,5,5,5
46044000000053031,46044000000052528,46044000000056021,2022-08-15,1,33,8,3,2022,,,,4,4,4
46044000000055008,46044000000053555,46044000000052021,2024-08-07,3,32,8,3,2024,,,,4,4,4
46044000000056015,46044000000053603,46044000000058017,2023-01-26,4,4,1,1,2023,,,,3,3,3
46044000000057006,46044000000052450,46044000000053038,2023-08-02,3,31,8,3,2023,,,,5,5,5
46044000000055008,46044000000053575,46044000000052021,2023-02-28,2,9,2,1,2023,,,,5,5,5
46044000000057003,46044000000053511,46044000000055011,2022-12-13,2,50,12,4,2022,,,,5,5,5
46044000000053033,46044000000052461,46044000000057008,2024-09-15,0,37,9,3,2024,,,,5,5,5
46044000000053033,46044000000052461,46044000000057008,2025-10-12,0,41,10,4,2025,5,,,27.5,27.5,5
46044000000052014,46044000000052527,46044000000053039,2024-03-13,3,11,3,1,2024,,,,3,3,3
46044000000056017,46044000000053611,46044000000055011,2025-12-20,6,51,12,4,2025,,,,4,4,4
46044000000053031,46044000000052465,46044000000053040,2023-03-16,4,11,3,1,2023,,,,5,5,5
46044000000058011,46044000000052509,46044000000053040,2025-04-14,1,16,4,2,2025,,,,3,3,3
46044000000054015,46044000000052519,46044000000056021,2025-03-23,0,12,3,1,2025,,,,5,5,5
46044000000056017,46044000000052470,46044000000055012,2024-10-17,4,42,10,4,2024,,,,5,5,5
46044000000055009,46044000000053597,46044000000052021,2023-02-03,5,5,2,1,2023,,,,2,2,2
46044000000052016,46044000000052498,46044000000055011,2025-02-28,5,9,2,1,2025,,,,3,3,3
46044000000055006,46044000000052478,46044000000055012,2022-03-26,6,12,3,1,2022,,,,4,4,4
46044000000052014,46044000000053588,46044000000052021,2025-06-10,2,24,6,2,2025,,,,2,2,2
46044000000054017,46044000000052509,46044000000058017,2022-06-08,3,23,6,2,2022,,,,4,4,4
46044000000055009,46044000000054513,46044000000052021,2022-02-22,2,8,2,1,2022,,,,5,5,5
46044000000052017,46044000000053542,46044000000057008,2022-03-03,4,9,3,1,2022,,,,2,2,2
46044000000052017,46044000000053542,46044000000057008,2024-01-05,5,1,1,1,2024,2,,,12.5,12.5,5
46044000000056018,46044000000052465,46044000000057008,2024-03-21,4,12,3,1,2024,,,,4,4,4
46044000000057004,46044000000053538,46044000000052021,2024-02-24,6,8,2,1,2024,,,,3,3,3
46044000000054015,46044000000052537,46044000000056021,2022-03-11,5,10,3,1,2022,,,,5,5,5
46044000000054016,46044000000052445,46044000000058017,2022-02-11,5,6,2,1,2022,,,,5,5,5
46044000000056014,46044000000054500,46044000000056021,2022-12-19,1,51,12,4,2022,,,,5,5,5
46044000000057005,46044000000053591,46044000000056022,2025-04-07,1,15,4,2,2025,,,,5,5,5
46044000000055009,46044000000053574,46044000000057008,2023-06-05,1,23,6,2,2023,,,,4,4,4
46044000000054018,46044000000054486,46044000000053038,2023-08-22,2,34,8,3,2023,,,,5,5,5
46044000000057003,46044000000053562,46044000000056022,2023-02-13,1,7,2,1,2023,,,,5,5,5
46044000000056017,46044000000053569,46044000000053039,2023-08-19,6,33,8,3,2023,,,,5,5,5
46044000000054017,46044000000052457,46044000000058018,2024-02-20,2,8,2,1,2024,,,,4,4,4
46044000000054018,46044000000054501,46044000000053038,2025-10-05,0,40,10,4,2025,,,,3,3,3
46044000000056018,46044000000052578,46044000000053039,2024-01-24,3,4,1,1,2024,,,,5,5,5
46044000000055009,46044000000052520,46044000000053038,2023-07-20,4,29,7,3,2023,,,,5,5,5
46044000000052016,46044000000052508,46044000000055012,2024-07-07,0,27,7,3,2024,,,,5,5,5
46044000000054016,46044000000052449,46044000000055012,2024-05-26,0,21,5,2,2024,,,,5,5,5
46044000000057004,46044000000054510,46044000000056022,2022-09-03,6,35,9,3,2022,,,,5,5,5
46044000000058013,46044000000053504,46044000000053038,2022-11-21,1,47,11,4,2022,,,,4,4,4
46044000000057004,46044000000052566,46044000000054027,2023-05-27,6,21,5,2,2023,,,,5,5,5
46044000000057003,46044000000053607,46044000000053038,2022-08-26,5,34,8,3,2022,,,,5,5,5
46044000000053033,46044000000052524,46044000000053038,2024-10-04,5,40,10,4,2024,,,,5,5,5
46044000000058012,46044000000053541,46044000000055012,2025-02-27,4,9,2,1,2025,,,,5,5,5
46044000000056017,46044000000052466,46044000000058018,2025-10-10,5,41,10,4,2025,,,,3,3,3
46044000000052014,46044000000052449,46044000000052021,2022-07-21,4,29,7,3,2022,,,,5,5,5
46044000000058011,46044000000052535,46044000000053038,2022-10-10,1,41,10,4,2022,,,,5,5,5
46044000000054018,46044000000052453,46044000000056021,2022-11-20,0,46,11,4,2022,,,,5,5,5
46044000000057003,46044000000052539,46044000000056021,2022-05-14,6,19,5,2,2022,,,,5,5,5
46044000000056018,46044000000052494,46044000000056021,2022-10-12,3,41,10,4,2022,,,,5,5,5
46044000000057005,46044000000053561,46044000000053040,2024-11-23,6,47,11,4,2024,,,,5,5,5
46044000000058011,46044000000054510,46044000000054027,2023-12-26,2,52,12,4,2023,,,,2,2,2
46044000000056018,46044000000053494,46044000000058018,2024-11-18,1,47,11,4,2024,,,,5,5,5
46044000000054018,46044000000052488,46044000000055012,2024-10-27,0,43,10,4,2024,,,,5,5,5
46044000000053031,46044000000052528,46044000000058017,2022-08-15,1,33,8,3,2022,,,,2,2,2
46044000000057005,46044000000053564,46044000000056021,2022-01-22,6,3,1,1,2022,,,,4,4,4
46044000000056014,46044000000052522,46044000000056021,2024-11-16,6,46,11,4,2024,,,,5,5,5
46044000000053032,46044000000053584,46044000000057008,2024-03-22,5,12,3,1,2024,,,,6,6,6
46044000000054016,46044000000052535,46044000000053038,2023-09-14,4,37,9,3,2023,,,,8,8,8
46044000000053034,46044000000054491,46044000000058017,2025-12-05,5,49,12,4,2025,,,,10,10,10
46044000000056017,46044000000052556,46044000000054027,2025-01-08,3,2,1,1,2025,,,,10,10,10
46044000000054017,46044000000053613,46044000000053038,2022-05-20,5,20,5,2,2022,,,,10,10,10
46044000000057006,46044000000052471,46044000000053039,2022-02-04,5,5,2,1,2022,,,,9,9,9
46044000000054015,46044000000053503,46044000000057008,2024-07-10,3,28,7,3,2024,,,,9,9,9
46044000000054015,46044000000053503,46044000000057008,2024-09-14,6,37,9,3,2024,9,,,455,455,10
46044000000056013,46044000000053555,46044000000054027,2025-07-17,4,29,7,3,2025,,,,10,10,10
46044000000054018,46044000000052511,46044000000055011,2022-05-01,0,17,5,2,2022,,,,7,7,7
46044000000055007,46044000000052556,46044000000056022,2024-09-11,3,37,9,3,2024,,,,9,9,9
46044000000053034,46044000000052577,46044000000058017,2023-09-25,1,39,9,3,2023,,,,10,10,10
46044000000054016,46044000000054520,46044000000056021,2024-01-28,0,4,1,1,2024,,,,10,10,10
46044000000052016,46044000000053584,46044000000057008,2022-01-01,6,52,1,1,2022,,,,7,7,7
46044000000053033,46044000000053605,46044000000055011,2024-05-26,0,21,5,2,2024,,,,7,7,7
46044000000057004,46044000000052549,46044000000058018,2025-05-01,4,18,5,2,2025,,,,10,10,10
46044000000058015,46044000000053524,46044000000057008,2022-09-10,6,36,9,3,2022,,,,10,10,10
46044000000055006,46044000000052566,46044000000055011,2025-03-05,3,10,3,1,2025,,,,10,10,10
46044000000053031,46044000000053500,46044000000055012,2025-12-15,1,51,12,4,2025,,,,9,9,9
46044000000056013,46044000000052498,46044000000057008,2023-07-15,6,28,7,3,2023,,,,10,10,10
46044000000058013,46044000000052542,46044000000053040,2023-09-08,5,36,9,3,2023,,,,10,10,10
46044000000053032,46044000000052492,46044000000053039,2023-02-01,3,5,2,1,2023,,,,10,10,10
46044000000055009,46044000000053539,46044000000053039,2022-07-03,0,26,7,3,2022,,,,10,10,10
46044000000056018,46044000000054487,46044000000053039,2024-03-10,0,10,3,1,2024,,,,10,10,10
46044000000053034,46044000000054491,46044000000056021,2025-12-05,5,49,12,4,2025,,,,10,10,10
46044000000056015,46044000000053495,46044000000054027,2024-04-06,6,14,4,2,2024,,,,10,10,10
46044000000052018,46044000000052490,46044000000055012,2023-10-19,4,42,10,4,2023,,,,9,9,9
46044000000057004,46044000000053600,46044000000053039,2023-09-18,1,38,9,3,2023,,,,10,10,10
46044000000056014,46044000000053529,46044000000053039,2023-11-25,6,47,11,4,2023,,,,8,8,8
46044000000058015,46044000000053528,46044000000057008,2022-11-02,3,44,11,4,2022,,,,10,10,10
46044000000057003,46044000000054489,46044000000056022,2025-11-23,0,47,11,4,2025,,,,8,8,8
46044000000057006,46044000000054518,46044000000053039,2025-06-01,0,22,6,2,2025,,,,9,9,9
46044000000053033,46044000000053493,46044000000055012,2022-09-03,6,35,9,3,2022,,,,9,9,9
46044000000056014,46044000000052512,46044000000058017,2025-12-27,6,52,12,4,2025,,,,10,10,10
46044000000056013,46044000000052556,46044000000058018,2024-08-11,0,32,8,3,2024,,,,10,10,10
46044000000058013,46044000000053502,46044000000055012,2024-02-23,5,8,2,1,2024,,,,8,8,8
46044000000056017,46044000000053523,46044000000053040,2023-05-01,1,18,5,2,2023,,,,8,8,8
46044000000053031,46044000000053549,46044000000056021,2024-09-18,3,38,9,3,2024,,,,9,9,9
46044000000056015,46044000000053618,46044000000056021,2024-04-24,3,17,4,2,2024,,,,9,9,9
46044000000056017,46044000000053523,46044000000055011,2023-05-01,1,18,5,2,2023,,,,8,8,8
46044000000056018,46044000000052475,46044000000055011,2025-06-22,0,25,6,2,2025,,,,9,9,9
46044000000052018,46044000000053556,46044000000057008,2024-09-09,1,37,9,3,2024,,,,10,10,10
46044000000058013,46044000000052574,46044000000054027,2023-05-02,2,18,5,2,2023,,,,7,7,7
46044000000053033,46044000000053506,46044000000055012,2022-10-18,2,42,10,4,2022,,,,10,10,10
46044000000058013,46044000000053593,46044000000058017,2022-10-14,5,41,10,4,2022,,,,10,10,10
46044000000056014,46044000000053576,46044000000054027,2022-05-22,0,20,5,2,2022,,,,10,10,10
46044000000058015,46044000000053576,46044000000058018,2022-12-10,6,49,12,4,2022,,,,8,8,8
46044000000054018,46044000000053556,46044000000054027,2023-12-10,0,49,12,4,2023,,,,6,6,6
46044000000052014,46044000000053508,46044000000053040,2023-11-26,0,47,11,4,2023,,,,10,10,10
46044000000056016,46044000000054498,46044000000053040,2022-06-09,4,23,6,2,2022,,,,10,10,10
46044000000053031,46044000000054501,46044000000053038,2024-08-14,3,33,8,3,2024,,,,8,8,8
46044000000053033,46044000000052550,46044000000053038,2024-01-10,3,2,1,1,2024,,,,7,7,7
46044000000057006,46044000000053593,46044000000055011,2024-07-21,0,29,7,3,2024,,,,9,9,9
46044000000057003,46044000000052538,46044000000058018,2022-10-18,2,42,10,4,2022,,,,8,8,8
46044000000055006,46044000000052460,46044000000056021,2024-02-20,2,8,2,1,2024,,,,10,10,10
46044000000055006,46044000000052547,46044000000055011,2025-12-02,2,49,12,4,2025,,,,10,10,10
46044000000058011,46044000000052458,46044000000056022,2025-12-18,4,51,12,4,2025,,,,10,10,10
46044000000055009,46044000000052499,46044000000055011,2022-12-19,1,51,12,4,2022,,,,9,9,9
46044000000052018,46044000000052541,46044000000058017,2025-05-26,1,22,5,2,2025,,,,8,8,8
46044000000056017,46044000000053515,46044000000058017,2022-09-18,0,37,9,3,2022,,,,7,7,7
46044000000052018,46044000000053539,46044000000056021,2025-05-20,2,21,5,2,2025,,,,10,10,10
46044000000057005,46044000000054495,46044000000058018,2025-10-27,1,44,10,4,2025,,,,9,9,9
46044000000056016,46044000000052509,46044000000052021,2022-07-23,6,29,7,3,2022,,,,8,8,8
46044000000058013,46044000000053493,46044000000055012,2022-03-28,1,13,3,1,2022,,,,9,9,9
46044000000058013,46044000000053538,46044000000053038,2025-05-19,1,21,5,2,2025,,,,9,9,9
46044000000053033,46044000000052461,46044000000053039,2024-09-15,0,37,9,3,2024,,,,10,10,10
46044000000054015,46044000000052548,46044000000058017,2023-01-26,4,4,1,1,2023,,,,10,10,10
46044000000057006,46044000000052450,46044000000056022,2023-08-02,3,31,8,3,2023,,,,10,10,10
46044000000055007,46044000000052514,46044000000052021,2022-04-14,4,15,4,2,2022,,,,10,10,10
46044000000054017,46044000000052484,46044000000058018,2022-09-21,3,38,9,3,2022,,,,8,8,8
46044000000053033,46044000000052496,46044000000058018,2023-07-21,5,29,7,3,2023,,,,7,7,7
46044000000056016,46044000000053515,46044000000056022,2022-08-16,2,33,8,3,2022,,,,9,9,9
46044000000054017,46044000000053524,46044000000056021,2022-09-24,6,38,9,3,2022,,,,10,10,10
46044000000054017,46044000000053524,46044000000053040,2022-09-24,6,38,9,3,2022,,,,10,10,10
46044000000056018,46044000000052551,46044000000055012,2022-11-06,0,44,11,4,2022,,,,8,8,8
46044000000056018,46044000000052465,46044000000058018,2024-03-21,4,12,3,1,2024,,,,6,6,6
46044000000056017,46044000000052534,46044000000053040,2024-02-16,5,7,2,1,2024,,,,8,8,8
46044000000053031,46044000000052451,46044000000053038,2025-12-28,0,52,12,4,2025,,,,9,9,9
46044000000053034,46044000000052465,46044000000053039,2023-09-07,4,36,9,3,2023,,,,9,9,9
46044000000057004,46044000000052553,46044000000058017,2023-03-28,2,13,3,1,2023,,,,7,7,7
46044000000057004,46044000000053553,46044000000055011,2025-02-11,2,7,2,1,2025,,,,9,9,9
46044000000055008,46044000000052566,46044000000058017,2022-12-17,6,50,12,4,2022,,,,10,10,10
46044000000058014,46044000000053542,46044000000055011,2024-04-25,4,17,4,2,2024,,,,6,6,6
46044000000058013,46044000000053605,46044000000056021,2023-04-21,5,16,4,2,2023,,,,9,9,9
46044000000052017,46044000000053572,46044000000053040,2023-04-20,4,16,4,2,2023,,,,10,10,10
46044000000055007,46044000000054514,46044000000057008,2025-08-02,6,31,8,3,2025,,,,9,9,9
46044000000054015,46044000000053616,46044000000054027,2024-05-23,4,21,5,2,2024,,,,10,10,10
46044000000054015,46044000000053545,46044000000053040,2022-09-25,0,38,9,3,2022,,,,10,10,10
46044000000054018,46044000000054501,46044000000055011,2025-10-05,0,40,10,4,2025,,,,9,9,9
46044000000054016,46044000000054503,46044000000057008,2023-02-22,3,8,2,1,2023,,,,10,10,10
46044000000056015,46044000000054511,46044000000056021,2022-10-25,2,43,10,4,2022,,,,9,9,9
46044000000056015,46044000000052567,46044000000057008,2023-11-21,2,47,11,4,2023,,,,6,6,6
46044000000057004,46044000000052561,46044000000055011,2024-03-23,6,12,3,1,2024,,,,8,8,8
46044000000052014,46044000000052517,46044000000054027,2025-10-12,0,41,10,4,2025,,,,8,8,8
46044000000052016,46044000000052568,46044000000058017,2025-08-12,2,33,8,3,2025,,,,9,9,9
46044000000053034,46044000000053499,46044000000057008,2023-02-09,4,6,2,1,2023,,,,7,7,7
46044000000056016,46044000000052474,46044000000056021,2022-11-15,2,46,11,4,2022,,,,10,10,10
46044000000054015,46044000000052456,46044000000058017,2024-04-09,2,15,4,2,2024,,,,8,8,8
46044000000053031,46044000000052476,46044000000053038,2022-12-28,3,52,12,4,2022,,,,8,8,8
46044000000055007,46044000000053533,46044000000053040,2022-07-27,3,30,7,3,2022,,,,6,6,6
46044000000056017,46044000000053523,46044000000052021,2023-05-01,1,18,5,2,2023,,,,10,10,10
46044000000056017,46044000000052560,46044000000053040,2024-01-24,3,4,1,1,2024,,,,10,10,10
46044000000058012,46044000000053553,46044000000053038,2025-03-05,3,10,3,1,2025,,,,10,10,10
46044000000054018,46044000000054501,46044000000057008,2025-10-05,0,40,10,4,2025,,,,10,10,10
46044000000058015,46044000000053524,46044000000053039,2022-09-10,6,36,9,3,2022,,,,10,10,10
46044000000054018,46044000000053609,46044000000058018,2022-09-22,4,38,9,3,2022,,,,7,7,7
46044000000054017,46044000000053524,46044000000053038,2022-09-24,6,38,9,3,2022,,,,6,6,6
46044000000058015,46044000000053552,46044000000055012,2023-03-14,2,11,3,1,2023,,,,7,7,7
46044000000052016,46044000000052463,46044000000056021,2023-02-17,5,7,2,1,2023,,,,6,6,6
46044000000057006,46044000000053593,46044000000057008,2024-07-21,0,29,7,3,2024,,,,9,9,9
46044000000055007,46044000000054513,46044000000054027,2023-04-05,3,14,4,2,2023,,,,10,10,10
46044000000055007,46044000000053547,46044000000053038,2025-09-22,1,39,9,3,2025,,,,10,10,10
46044000000057004,46044000000052563,46044000000052021,2023-12-27,3,52,12,4,2023,,,,9,9,9
46044000000052018,46044000000052526,46044000000056022,2024-07-09,2,28,7,3,2024,,,,10,10,10
46044000000054016,46044000000052490,46044000000054027,2024-03-27,3,13,3,1,2024,,,,9,9,9
46044000000053034,46044000000052491,46044000000052021,2025-02-11,2,7,2,1,2025,,,,8,8,8
46044000000056013,46044000000053517,46044000000056022,2025-05-05,1,19,5,2,2025,,,,10,10,10
46044000000055007,46044000000053503,46044000000055012,2024-10-05,6,40,10,4,2024,,,,8,8,8
46044000000055006,46044000000053610,46044000000053040,2024-11-22,5,47,11,4,2024,,,,8,8,8
46044000000054015,46044000000053609,46044000000053039,2024-04-09,2,15,4,2,2024,,,,10,10,10
46044000000056015,46044000000054511,46044000000053040,2022-10-25,2,43,10,4,2022,,,,9,9,9
46044000000052014,46044000000052484,46044000000053039,2025-08-02,6,31,8,3,2025,,,,9,9,9
46044000000054015,46044000000053503,46044000000055012,2024-09-14,6,37,9,3,2024,,,,10,10,10
46044000000054017,46044000000054501,46044000000053038,2024-05-09,4,19,5,2,2024,,,,7,7,7
46044000000056015,46044000000052524,46044000000053038,2022-05-01,0,17,5,2,2022,,,,6,6,6
46044000000052017,46044000000053522,46044000000058017,2022-04-22,5,16,4,2,2022,,,,9,9,9
46044000000052018,46044000000052562,46044000000057008,2023-06-24,6,25,6,2,2023,,,,9,9,9
46044000000053034,46044000000052468,46044000000055011,2025-04-15,2,16,4,2,2025,,,,7,7,7
46044000000054018,46044000000053556,46044000000058017,2023-12-10,0,49,12,4,2023,,,,10,10,10
46044000000054015,46044000000052523,46044000000055012,2022-01-04,2,1,1,1,2022,,,,9,9,9
46044000000055007,46044000000053540,46044000000058017,2023-01-22,0,3,1,1,2023,,,,8,8,8
46044000000053033,46044000000053615,46044000000053040,2024-03-02,6,9,3,1,2024,,,,8,8,8
46044000000055007,46044000000052567,46044000000054027,2023-03-12,0,10,3,1,2023,,,,10,10,10
46044000000058013,46044000000052491,46044000000056021,2024-07-11,4,28,7,3,2024,,,,7,7,7
46044000000057003,46044000000052499,46044000000053040,2022-01-19,3,3,1,1,2022,,,,8,8,8
46044000000053033,46044000000052550,46044000000056022,2024-01-10,3,2,1,1,2024,,,,9,9,9
46044000000055008,46044000000052478,46044000000055012,2024-12-20,5,51,12,4,2024,,,,10,10,10
46044000000054018,46044000000052494,46044000000053040,2022-04-17,0,15,4,2,2022,,,,10,10,10
46044000000052016,46044000000052464,46044000000057008,2024-03-04,1,10,3,1,2024,,,,9,9,9
46044000000056014,46044000000052557,46044000000052021,2023-12-12,2,50,12,4,2023,,,,8,8,8
46044000000052014,46044000000053590,46044000000058018,2023-09-15,5,37,9,3,2023,,,,10,10,10
46044000000052018,46044000000052488,46044000000058018,2025-06-18,3,25,6,2,2025,,,,7,7,7
46044000000055006,46044000000052507,46044000000055011,2022-02-07,1,6,2,1,2022,,,,10,10,10
46044000000057005,46044000000053560,46044000000058018,2025-07-02,3,27,7,3,2025,,,,10,10,10
46044000000055007,46044000000053531,46044000000052021,2023-05-12,5,19,5,2,2023,,,,10,10,10
46044000000054015,46044000000053530,46044000000053039,2023-06-23,5,25,6,2,2023,,,,8,8,8
46044000000058013,46044000000053495,46044000000058018,2023-05-25,4,21,5,2,2023,,,,10,10,10
46044000000057004,46044000000052461,46044000000053039,2022-12-17,6,50,12,4,2022,,,,10,10,10
46044000000058015,46044000000053585,46044000000058017,2024-05-15,3,20,5,2,2024,,,,9,9,9
46044000000053031,46044000000052540,46044000000052021,2023-11-04,6,44,11,4,2023,,,,8,8,8
46044000000057004,46044000000052525,46044000000056022,2025-04-18,5,16,4,2,2025,,,,8,8,8
46044000000055007,46044000000052567,46044000000055011,2023-03-12,0,10,3,1,2023,,,,10,10,10
46044000000052016,46044000000052535,46044000000053040,2023-02-27,1,9,2,1,2023,,,,8,8,8
46044000000058013,46044000000052486,46044000000056022,2023-11-04,6,44,11,4,2023,,,,7,7,7
46044000000055008,46044000000053504,46044000000056021,2022-02-20,0,7,2,1,2022,,,,10,10,10
46044000000058013,46044000000052457,46044000000053040,2022-05-10,2,19,5,2,2022,,,,8,8,8
46044000000052018,46044000000052463,46044000000055011,2023-01-18,3,3,1,1,2023,,,,8,8,8
46044000000052018,46044000000053525,46044000000054027,2024-01-17,3,3,1,1,2024,,,,8,8,8
46044000000057006,46044000000052566,46044000000053039,2024-06-24,1,26,6,2,2024,,,,6,6,6
46044000000052018,46044000000052552,46044000000055011,2022-05-28,6,21,5,2,2022,,,,10,10,10
46044000000053033,46044000000054520,46044000000056022,2025-11-19,3,47,11,4,2025,,,,9,9,9
46044000000054016,46044000000052490,46044000000056021,2025-07-11,5,28,7,3,2025,,,,10,10,10
46044000000054015,46044000000052546,46044000000056021,2024-01-15,1,3,1,1,2024,,,,9,9,9
46044000000055009,46044000000052553,46044000000052021,2024-12-07,6,49,12,4,2024,,,,10,10,10
46044000000056014,46044000000052474,46044000000052021,2023-10-25,3,43,10,4,2023,,,,10,10,10
46044000000054017,46044000000053530,46044000000058018,2024-08-22,4,34,8,3,2024,,,,8,8,8
46044000000057005,46044000000053562,46044000000056021,2022-12-16,5,50,12,4,2022,,,,10,10,10
46044000000057004,46044000000052490,46044000000058018,2023-05-24,3,21,5,2,2023,,,,6,6,6
46044000000058013,46044000000053563,46044000000053038,2024-04-14,0,15,4,2,2024,,,,10,10,10
46044000000053032,46044000000053516,46044000000052021,2024-04-23,2,17,4,2,2024,,,,10,10,10
46044000000054018,46044000000054513,46044000000055011,2024-03-06,3,10,3,1,2024,,,,10,10,10
46044000000058012,46044000000053607,46044000000057008,2025-08-06,3,32,8,3,2025,,,,10,10,10
46044000000057005,46044000000053607,46044000000053039,2023-01-18,3,3,1,1,2023,,,,8,8,8
46044000000054018,46044000000054506,46044000000052021,2025-03-15,6,11,3,1,2025,,,,8,8,8
46044000000058011,46044000000054493,46044000000053039,2024-06-28,5,26,6,2,2024,,,,9,9,9
46044000000052017,46044000000052509,46044000000053039,2024-05-17,5,20,5,2,2024,,,,9,9,9
46044000000052018,46044000000052541,46044000000056022,2025-05-26,1,22,5,2,2025,,,,10,10,10
46044000000058014,46044000000054513,46044000000057008,2022-03-21,1,12,3,1,2022,,,,9,9,9
46044000000058012,46044000000052518,46044000000055011,2024-02-20,2,8,2,1,2024,,,,8,8,8
46044000000054017,46044000000053569,46044000000055012,2024-10-16,3,42,10,4,2024,,,,8,8,8
46044000000056017,46044000000054513,46044000000057008,2025-12-13,6,50,12,4,2025,,,,10,10,10
46044000000056017,46044000000052520,46044000000053038,2023-04-25,2,17,4,2,2023,,,,10,10,10
46044000000057003,46044000000052544,46044000000054027,2024-06-20,4,25,6,2,2024,,,,9,9,9
46044000000055007,46044000000053558,46044000000057008,2025-11-19,3,47,11,4,2025,,,,9,9,9
46044000000052018,46044000000053585,46044000000056021,2024-04-18,4,16,4,2,2024,,,,10,10,10
46044000000053033,46044000000053594,46044000000053040,2022-07-17,0,28,7,3,2022,,,,9,9,9
46044000000056018,46044000000053500,46044000000055011,2024-10-19,6,42,10,4,2024,,,,7,7,7
46044000000057006,46044000000052510,46044000000058017,2024-11-12,2,46,11,4,2024,,,,10,10,10
46044000000058012,46044000000053515,46044000000052021,2025-12-08,1,50,12,4,2025,,,,10,10,10
46044000000055009,46044000000052564,46044000000053038,2025-08-12,2,33,8,3,2025,,,,9,9,9
46044000000057006,46044000000052528,46044000000055012,2023-07-04,2,27,7,3,2023,,,,10,10,10
46044000000058012,46044000000053601,46044000000055012,2022-11-21,1,47,11,4,2022,,,,9,9,9
46044000000058011,46044000000052545,46044000000055012,2023-03-18,6,11,3,1,2023,,,,10,10,10
46044000000054018,46044000000053523,46044000000058017,2025-06-01,0,22,6,2,2025,,,,10,10,10
46044000000052014,46044000000053573,46044000000056021,2023-12-24,0,51,12,4,2023,,,,9,9,9
46044000000055008,46044000000053552,46044000000053038,2022-06-03,5,22,6,2,2022,,,,10,10,10
46044000000057006,46044000000052454,46044000000057008,2023-08-01,2,31,8,3,2023,,,,9,9,9
46044000000058015,46044000000052494,46044000000058017,2024-04-19,5,16,4,2,2024,,,,10,10,10
46044000000058013,46044000000052544,46044000000053039,2022-06-14,2,24,6,2,2022,,,,8,8,8
46044000000055006,46044000000052506,46044000000056021,2024-11-10,0,45,11,4,2024,,,,10,10,10
46044000000056018,46044000000052475,46044000000053040,2025-06-22,0,25,6,2,2025,,,,7,7,7
46044000000055008,46044000000052570,46044000000053038,2023-01-05,4,1,1,1,2023,,,,9,9,9
46044000000053031,46044000000052556,46044000000053040,2022-06-28,2,26,6,2,2022,,,,8,8,8
46044000000056014,46044000000053608,46044000000056022,2023-05-09,2,19,5,2,2023,,,,10,10,10
46044000000056013,46044000000053496,46044000000055012,2024-03-17,0,11,3,1,2024,,,,7,7,7
46044000000052017,46044000000053564,46044000000058017,2024-11-08,5,45,11,4,2024,,,,8,8,8
46044000000052016,46044000000052491,46044000000053038,2024-01-23,2,4,1,1,2024,,,,10,10,10
46044000000052018,46044000000052453,46044000000057008,2022-11-01,2,44,11,4,2022,,,,8,8,8
46044000000057003,46044000000053527,46044000000057008,2025-05-26,1,22,5,2,2025,,,,9,9,9
46044000000052018,46044000000052470,46044000000057008,2023-03-08,3,10,3,1,2023,,,,5,5,5
46044000000055008,46044000000053595,46044000000056021,2022-03-18,5,11,3,1,2022,,,,5,5,5
46044000000056013,46044000000052500,46044000000054027,2025-04-19,6,16,4,2,2025,,,,5,5,5
46044000000052016,46044000000052531,46044000000058018,2022-02-25,5,8,2,1,2022,,,,5,5,5
46044000000054018,46044000000053575,46044000000056022,2025-11-01,6,44,11,4,2025,,,,3,3,3
46044000000056014,46044000000053589,46044000000055012,2022-03-03,4,9,3,1,2022,,,,3,3,3
46044000000058013,46044000000052511,46044000000053040,2022-08-24,3,34,8,3,2022,,,,4,4,4
46044000000055008,46044000000053601,46044000000056022,2022-01-18,2,3,1,1,2022,,,,5,5,5
46044000000057004,46044000000052452,46044000000057008,2022-09-01,4,35,9,3,2022,,,,2,2,2
46044000000054017,46044000000053594,46044000000055011,2023-02-09,4,6,2,1,2023,,,,2,2,2
46044000000056016,46044000000053546,46044000000055011,2023-08-16,3,33,8,3,2023,,,,5,5,5
46044000000052018,46044000000052513,46044000000052021,2025-12-07,0,49,12,4,2025,,,,5,5,5
46044000000052014,46044000000053508,46044000000058017,2023-11-26,0,47,11,4,2023,,,,5,5,5
46044000000056014,46044000000053586,46044000000055012,2025-12-24,3,52,12,4,2025,,,,5,5,5
46044000000053031,46044000000053581,46044000000056021,2023-10-23,1,43,10,4,2023,,,,5,5,5
46044000000053033,46044000000052514,46044000000058018,2025-07-24,4,30,7,3,2025,,,,5,5,5
46044000000057006,46044000000052547,46044000000053038,2025-09-28,0,39,9,3,2025,,,,5,5,5
46044000000056013,46044000000053497,46044000000053040,2024-01-19,5,3,1,1,2024,,,,5,5,5
46044000000052018,46044000000052541,46044000000052021,2025-05-26,1,22,5,2,2025,,,,5,5,5
46044000000055008,46044000000053504,46044000000057008,2022-02-20,0,7,2,1,2022,,,,5,5,5
46044000000055006,46044000000052495,46044000000053039,2024-10-28,1,44,10,4,2024,,,,5,5,5
46044000000056016,46044000000054500,46044000000058018,2025-09-17,3,38,9,3,2025,,,,5,5,5
46044000000053033,46044000000053615,46044000000056022,2024-03-02,6,9,3,1,2024,,,,5,5,5
46044000000058013,46044000000054507,46044000000052021,2023-02-06,1,6,2,1,2023,,,,5,5,5
46044000000058013,46044000000053563,46044000000055012,2024-04-14,0,15,4,2,2024,,,,4,4,4
46044000000055008,46044000000052547,46044000000052021,2024-01-07,0,1,1,1,2024,,,,4,4,4
46044000000052016,46044000000052508,46044000000053040,2024-07-07,0,27,7,3,2024,,,,3,3,3
46044000000056013,46044000000052454,46044000000053039,2024-07-19,5,29,7,3,2024,,,,4,4,4
46044000000058015,46044000000052481,46044000000055011,2023-03-12,0,10,3,1,2023,,,,5,5,5
46044000000052016,46044000000053547,46044000000056021,2025-01-17,5,3,1,1,2025,,,,4,4,4
46044000000056017,46044000000052577,46044000000056022,2023-03-13,1,11,3,1,2023,,,,5,5,5
46044000000056018,46044000000053535,46044000000058018,2024-08-02,5,31,8,3,2024,,,,2,2,2
46044000000054018,46044000000052474,46044000000058018,2022-01-09,0,1,1,1,2022,,,,5,5,5
46044000000053031,46044000000053583,46044000000056022,2022-10-25,2,43,10,4,2022,,,,4,4,4
46044000000058013,46044000000052528,46044000000054027,2024-08-10,6,32,8,3,2024,,,,5,5,5
46044000000052017,46044000000053579,46044000000057008,2023-06-08,4,23,6,2,2023,,,,3,3,3
46044000000054016,46044000000052474,46044000000053038,2025-12-26,5,52,12,4,2025,,,,5,5,5
46044000000052018,46044000000053572,46044000000053038,2023-03-08,3,10,3,1,2023,,,,5,5,5
46044000000053033,46044000000053568,46044000000056021,2024-07-04,4,27,7,3,2024,,,,3,3,3
46044000000057006,46044000000053599,46044000000056021,2024-06-23,0,25,6,2,2024,,,,5,5,5
46044000000058015,46044000000053552,46044000000058017,2023-03-14,2,11,3,1,2023,,,,5,5,5
46044000000052017,46044000000053579,46044000000052021,2023-06-08,4,23,6,2,2023,,,,3,3,3
46044000000052017,46044000000053544,46044000000058017,2023-07-26,3,30,7,3,2023,,,,5,5,5
46044000000052017,46044000000053544,46044000000058017,2023-10-15,0,41,10,4,2023,5,,,26.5,26.5,3
46044000000052017,46044000000053544,46044000000058017,2024-03-06,3,10,3,1,2024,3,,,1770,1770,10
46044000000053034,46044000000052524,46044000000055011,2022-02-27,0,8,2,1,2022,,,,5,5,5
46044000000053031,46044000000053583,46044000000053039,2022-10-25,2,43,10,4,2022,,,,5,5,5
46044000000056017,46044000000054491,46044000000056021,2025-10-05,0,40,10,4,2025,,,,5,5,5
46044000000054017,46044000000053494,46044000000058018,2025-06-14,6,24,6,2,2025,,,,4,4,4
46044000000053033,46044000000053568,46044000000055011,2024-07-04,4,27,7,3,2024,,,,5,5,5
46044000000054015,46044000000053499,46044000000056022,2024-12-07,6,49,12,4,2024,,,,5,5,5
46044000000057005,46044000000053553,46044000000058017,2025-02-20,4,8,2,1,2025,,,,5,5,5
46044000000056018,46044000000052506,46044000000058017,2024-07-08,1,28,7,3,2024,,,,5,5,5
46044000000052017,46044000000054491,46044000000053038,2024-04-21,0,16,4,2,2024,,,,5,5,5
46044000000053034,46044000000052511,46044000000053039,2022-07-12,2,28,7,3,2022,,,,5,5,5
46044000000057004,46044000000054498,46044000000052021,2024-09-06,5,36,9,3,2024,,,,5,5,5
46044000000058011,46044000000054510,46044000000053038,2023-12-26,2,52,12,4,2023,,,,3,3,3
46044000000054015,46044000000053559,46044000000056021,2022-12-24,6,51,12,4,2022,,,,4,4,4
46044000000055008,46044000000052478,46044000000055011,2024-12-20,5,51,12,4,2024,,,,5,5,5
46044000000054015,46044000000053503,46044000000053039,2024-07-10,3,28,7,3,2024,,,,4,4,4
46044000000054015,46044000000053503,46044000000058017,2024-07-10,3,28,7,3,2024,,,,5,5,5
46044000000057004,46044000000053593,46044000000053040,2023-06-07,3,23,6,2,2023,,,,5,5,5
46044000000054017,46044000000053613,46044000000058018,2022-05-20,5,20,5,2,2022,,,,5,5,5
46044000000057003,46044000000053506,46044000000053038,2024-10-19,6,42,10,4,2024,,,,2,2,2
46044000000055008,46044000000053585,46044000000056022,2025-09-20,6,38,9,3,2025,,,,5,5,5
46044000000056013,46044000000052466,46044000000058018,2022-08-15,1,33,8,3,2022,,,,5,5,5
46044000000056018,46044000000053535,46044000000053040,2024-08-02,5,31,8,3,2024,,,,5,5,5
46044000000057005,46044000000054487,46044000000056022,2024-11-25,1,48,11,4,2024,,,,5,5,5
46044000000057004,46044000000053512,46044000000052021,2023-01-20,5,3,1,1,2023,,,,14,14,14
46044000000057004,46044000000053512,46044000000052021,2025-07-21,1,30,7,3,2025,14,,,72,72,4
46044000000058013,46044000000053607,46044000000055011,2023-03-13,1,11,3,1,2023,,,,2,2,2
46044000000057003,46044000000052488,46044000000058018,2025-11-19,3,47,11,4,2025,,,,5,5,5
46044000000055008,46044000000053555,46044000000056021,2024-08-07,3,32,8,3,2024,,,,5,5,5
46044000000052017,46044000000053542,46044000000058018,2024-01-05,5,1,1,1,2024,,,,5,5,5
46044000000055007,46044000000054506,46044000000056021,2025-07-02,3,27,7,3,2025,,,,4,4,4
46044000000052018,46044000000053525,46044000000058017,2025-05-08,4,19,5,2,2025,,,,3,3,3
46044000000052017,46044000000054491,46044000000055012,2024-04-21,0,16,4,2,2024,,,,5,5,5
46044000000057004,46044000000053519,46044000000052021,2023-02-11,6,6,2,1,2023,,,,5,5,5
46044000000057003,46044000000054513,46044000000057008,2023-10-13,5,41,10,4,2023,,,,5,5,5
46044000000052014,46044000000053507,46044000000053039,2024-12-23,1,52,12,4,2024,,,,5,5,5
46044000000057005,46044000000054509,46044000000057008,2025-04-12,6,15,4,2,2025,,,,4,4,4
46044000000057004,46044000000052510,46044000000053038,2023-11-10,5,45,11,4,2023,,,,5,5,5
46044000000052016,46044000000053579,46044000000053040,2022-08-03,3,31,8,3,2022,,,,4,4,4
46044000000055009,46044000000053563,46044000000058017,2022-10-23,0,42,10,4,2022,,,,5,5,5
46044000000056016,46044000000054516,46044000000053038,2025-08-07,4,32,8,3,2025,,,,4,4,4
46044000000053034,46044000000052511,46044000000053040,2022-07-12,2,28,7,3,2022,,,,5,5,5
46044000000056013,46044000000053594,46044000000053039,2024-09-21,6,38,9,3,2024,,,,2,2,2
46044000000052017,46044000000052484,46044000000054027,2023-12-03,0,48,12,4,2023,,,,5,5,5
46044000000058011,46044000000052457,46044000000058017,2022-07-28,4,30,7,3,2022,,,,2,2,2
46044000000055007,46044000000053592,46044000000056021,2023-03-10,5,10,3,1,2023,,,,5,5,5
46044000000052016,46044000000053515,46044000000055011,2022-04-19,2,16,4,2,2022,,,,5,5,5
46044000000053031,46044000000052476,46044000000055012,2022-12-28,3,52,12,4,2022,,,,5,5,5
46044000000058011,46044000000053546,46044000000053039,2022-12-13,2,50,12,4,2022,,,,4,4,4
46044000000053032,46044000000052499,46044000000053038,2024-07-12,5,28,7,3,2024,,,,5,5,5
46044000000052014,46044000000052527,46044000000056022,2024-03-13,3,11,3,1,2024,,,,5,5,5
46044000000057003,46044000000053538,46044000000052021,2025-11-19,3,47,11,4,2025,,,,5,5,5
46044000000054018,46044000000052559,46044000000057008,2022-04-01,5,13,4,2,2022,,,,4,4,4
46044000000055008,46044000000052550,46044000000058017,2025-09-24,3,39,9,3,2025,,,,5,5,5
46044000000053032,46044000000053521,46044000000056022,2023-08-22,2,34,8,3,2023,,,,5,5,5
46044000000052016,46044000000053607,46044000000053039,2024-02-06,2,6,2,1,2024,,,,5,5,5
46044000000058015,46044000000053595,46044000000057008,2022-10-27,4,43,10,4,2022,,,,5,5,5
46044000000052014,46044000000053588,46044000000053039,2025-06-10,2,24,6,2,2025,,,,3,3,3
46044000000052014,46044000000053504,46044000000057008,2025-10-07,2,41,10,4,2025,,,,4,4,4
46044000000054016,46044000000053556,46044000000056021,2025-05-01,4,18,5,2,2025,,,,5,5,5
46044000000054015,46044000000053602,46044000000058017,2023-01-04,3,1,1,1,2023,,,,4,4,4
46044000000056014,46044000000054493,46044000000056021,2022-04-22,5,16,4,2,2022,,,,5,5,5
46044000000058015,46044000000054505,46044000000055011,2024-03-16,6,11,3,1,2024,,,,5,5,5
46044000000052018,46044000000052542,46044000000054027,2024-01-04,4,1,1,1,2024,,,,10,10,10
46044000000052018,46044000000052542,46044000000054027,2024-01-13,6,2,1,1,2024,10,,,52,52,4
46044000000053033,46044000000054491,46044000000056021,2025-04-19,6,16,4,2,2025,,,,5,5,5
46044000000057004,46044000000054491,46044000000058018,2025-10-27,1,44,10,4,2025,,,,3,3,3
46044000000055006,46044000000052555,46044000000055012,2025-06-25,3,26,6,2,2025,,,,5,5,5
46044000000054016,46044000000054520,46044000000053038,2024-01-28,0,4,1,1,2024,,,,5,5,5
46044000000058014,46044000000052479,46044000000055011,2024-01-05,5,1,1,1,2024,,,,5,5,5
46044000000052016,46044000000053581,46044000000054027,2024-08-17,6,33,8,3,2024,,,,4,4,4
46044000000052018,46044000000054496,46044000000056022,2024-09-21,6,38,9,3,2024,,,,5,5,5
46044000000053034,46044000000052466,46044000000053039,2022-04-01,5,13,4,2,2022,,,,2,2,2
46044000000053034,46044000000052475,46044000000056021,2022-04-01,5,13,4,2,2022,,,,5,5,5
46044000000052018,46044000000052470,46044000000058017,2023-02-28,2,9,2,1,2023,,,,4,4,4
46044000000052018,46044000000052470,46044000000058017,2023-03-08,3,10,3,1,2023,4,,,218,218,36
46044000000056013,46044000000052472,46044000000058017,2025-12-08,1,50,12,4,2025,,,,4,4,4
46044000000052018,46044000000053525,46044000000053038,2025-05-08,4,19,5,2,2025,,,,3,3,3
46044000000054017,46044000000052484,46044000000053040,2022-09-21,3,38,9,3,2022,,,,5,5,5
46044000000053034,46044000000053580,46044000000056022,2023-02-25,6,8,2,1,2023,,,,5,5,5
46044000000055006,46044000000052519,46044000000057008,2022-03-15,2,11,3,1,2022,,,,5,5,5
46044000000056013,46044000000053581,46044000000055012,2024-09-15,0,37,9,3,2024,,,,3,3,3
46044000000054018,46044000000053559,46044000000053038,2022-09-24,6,38,9,3,2022,,,,4,4,4
46044000000056017,46044000000052569,46044000000058018,2024-06-23,0,25,6,2,2024,,,,10,10,10
46044000000056016,46044000000054489,46044000000054027,2022-02-27,0,8,2,1,2022,,,,8,8,8
46044000000052014,46044000000053590,46044000000054027,2023-09-15,5,37,9,3,2023,,,,8,8,8
46044000000055008,46044000000053575,46044000000057008,2023-02-28,2,9,2,1,2023,,,,9,9,9
46044000000056013,46044000000052447,46044000000055012,2023-05-27,6,21,5,2,2023,,,,20,20,20
46044000000056013,46044000000052447,46044000000055012,2025-08-22,5,34,8,3,2025,20,,,103,103,6
46044000000056013,46044000000053567,46044000000054027,2023-08-23,3,34,8,3,2023,,,,10,10,10
46044000000053034,46044000000053519,46044000000056021,2025-02-25,2,9,2,1,2025,,,,10,10,10
46044000000054017,46044000000053594,46044000000058017,2023-02-09,4,6,2,1,2023,,,,7,7,7
46044000000052014,46044000000052578,46044000000057008,2025-11-09,0,45,11,4,2025,,,,8,8,8
46044000000056018,46044000000053561,46044000000058017,2022-10-26,3,43,10,4,2022,,,,10,10,10
46044000000053033,46044000000052553,46044000000055012,2023-04-14,5,15,4,2,2023,,,,8,8,8
46044000000056013,46044000000053516,46044000000055012,2025-08-06,3,32,8,3,2025,,,,8,8,8
46044000000057003,46044000000053510,46044000000053040,2023-11-22,3,47,11,4,2023,,,,10,10,10
46044000000056013,46044000000053586,46044000000055012,2025-09-23,2,39,9,3,2025,,,,8,8,8
46044000000052018,46044000000053572,46044000000055011,2023-03-08,3,10,3,1,2023,,,,10,10,10
46044000000056016,46044000000052514,46044000000055011,2023-11-01,3,44,11,4,2023,,,,8,8,8
46044000000054016,46044000000053579,46044000000053038,2024-03-21,4,12,3,1,2024,,,,10,10,10
46044000000058013,46044000000053611,46044000000053040,2023-06-22,4,25,6,2,2023,,,,7,7,7
46044000000055006,46044000000053584,46044000000053039,2024-08-20,2,34,8,3,2024,,,,9,9,9
46044000000056018,46044000000053535,46044000000052021,2024-08-02,5,31,8,3,2024,,,,9,9,9
46044000000054016,46044000000054503,46044000000058018,2023-02-22,3,8,2,1,2023,,,,9,9,9
46044000000056014,46044000000054516,46044000000057008,2024-01-18,4,3,1,1,2024,,,,8,8,8
46044000000052017,46044000000053551,46044000000057008,2025-07-01,2,27,7,3,2025,,,,10,10,10
46044000000053034,46044000000052486,46044000000054027,2023-01-12,4,2,1,1,2023,,,,10,10,10
46044000000054015,46044000000053503,46044000000056021,2024-09-14,6,37,9,3,2024,,,,10,10,10
46044000000058015,46044000000052501,46044000000052021,2022-10-25,2,43,10,4,2022,,,,10,10,10
46044000000055007,46044000000052565,46044000000053039,2024-12-24,2,52,12,4,2024,,,,10,10,10
46044000000054018,46044000000053575,46044000000055011,2025-11-01,6,44,11,4,2025,,,,10,10,10
46044000000053033,46044000000053605,46044000000056021,2024-05-26,0,21,5,2,2024,,,,10,10,10
46044000000055007,46044000000052473,46044000000054027,2025-10-11,6,41,10,4,2025,,,,9,9,9
46044000000055009,46044000000052521,46044000000053039,2025-08-24,0,34,8,3,2025,,,,10,10,10
46044000000056017,46044000000053569,46044000000056021,2023-08-19,6,33,8,3,2023,,,,10,10,10
46044000000054018,46044000000053584,46044000000055012,2023-05-14,0,19,5,2,2023,,,,10,10,10
46044000000054016,46044000000053577,46044000000057008,2025-09-08,1,37,9,3,2025,,,,10,10,10
46044000000053032,46044000000053522,46044000000053040,2024-08-09,5,32,8,3,2024,,,,10,10,10
46044000000052018,46044000000053525,46044000000057008,2024-01-17,3,3,1,1,2024,,,,9,9,9
46044000000052014,46044000000053534,46044000000053039,2023-09-04,1,36,9,3,2023,,,,7,7,7
46044000000053031,46044000000053549,46044000000055011,2024-09-18,3,38,9,3,2024,,,,10,10,10
46044000000056016,46044000000052533,46044000000058018,2023-07-12,3,28,7,3,2023,,,,9,9,9
46044000000055007,46044000000052517,46044000000052021,2023-11-03,5,44,11,4,2023,,,,10,10,10
46044000000058013,46044000000053607,46044000000057008,2023-03-13,1,11,3,1,2023,,,,8,8,8
46044000000057006,46044000000052510,46044000000056021,2024-11-12,2,46,11,4,2024,,,,8,8,8
46044000000052016,46044000000052470,46044000000053038,2025-10-27,1,44,10,4,2025,,,,7,7,7
46044000000058015,46044000000052537,46044000000056022,2024-06-10,1,24,6,2,2024,,,,8,8,8
46044000000056016,46044000000053517,46044000000054027,2024-04-02,2,14,4,2,2024,,,,10,10,10
46044000000056018,46044000000052506,46044000000054027,2024-07-08,1,28,7,3,2024,,,,9,9,9
46044000000058014,46044000000053494,46044000000058017,2024-02-05,1,6,2,1,2024,,,,10,10,10
46044000000053033,46044000000052515,46044000000056022,2024-05-08,3,19,5,2,2024,,,,7,7,7
46044000000058015,46044000000052447,46044000000055011,2022-01-05,3,1,1,1,2022,,,,10,10,10
46044000000052016,46044000000053574,46044000000055012,2024-10-25,5,43,10,4,2024,,,,9,9,9
46044000000056016,46044000000053565,46044000000056022,2024-06-03,1,23,6,2,2024,,,,9,9,9
46044000000056014,46044000000053594,46044000000058018,2022-10-14,5,41,10,4,2022,,,,10,10,10
46044000000055008,46044000000053577,46044000000055012,2025-12-17,3,51,12,4,2025,,,,8,8,8
46044000000056017,46044000000053535,46044000000053038,2023-12-14,4,50,12,4,2023,,,,9,9,9
46044000000053034,46044000000052577,46044000000056022,2023-09-25,1,39,9,3,2023,,,,8,8,8
46044000000054016,46044000000053589,46044000000053039,2025-02-05,3,6,2,1,2025,,,,9,9,9
46044000000056013,46044000000052493,46044000000055011,2025-12-26,5,52,12,4,2025,,,,10,10,10
46044000000054018,46044000000052547,46044000000056022,2025-02-09,0,6,2,1,2025,,,,10,10,10
46044000000056016,46044000000054511,46044000000058018,2022-05-08,0,18,5,2,2022,,,,8,8,8
46044000000055009,46044000000052459,46044000000058018,2022-12-23,5,51,12,4,2022,,,,10,10,10
46044000000052017,46044000000052575,46044000000053039,2022-04-02,6,13,4,2,2022,,,,9,9,9
46044000000055008,46044000000053587,46044000000055011,2025-03-07,5,10,3,1,2025,,,,10,10,10
46044000000054016,46044000000053569,46044000000053039,2022-05-12,4,19,5,2,2022,,,,10,10,10
46044000000058014,46044000000053538,46044000000055012,2023-09-27,3,39,9,3,2023,,,,8,8,8
46044000000055008,46044000000053582,46044000000053040,2024-07-09,2,28,7,3,2024,,,,3,3,3
46044000000055008,46044000000053582,46044000000053040,2024-10-20,0,42,10,4,2024,3,,,19,19,8
46044000000053031,46044000000052476,46044000000056022,2022-12-28,3,52,12,4,2022,,,,7,7,7
46044000000054017,46044000000053616,46044000000058017,2024-08-17,6,33,8,3,2024,,,,8,8,8
46044000000054016,46044000000053525,46044000000058017,2024-06-11,2,24,6,2,2024,,,,10,10,10
46044000000058011,46044000000052476,46044000000058018,2022-05-25,3,21,5,2,2022,,,,9,9,9
46044000000057003,46044000000054490,46044000000053039,2024-08-28,3,35,8,3,2024,,,,10,10,10
46044000000056017,46044000000052456,46044000000054027,2025-01-24,5,4,1,1,2025,,,,8,8,8
46044000000058011,46044000000053528,46044000000052021,2022-07-16,6,28,7,3,2022,,,,8,8,8
46044000000052017,46044000000054491,46044000000056021,2024-04-21,0,16,4,2,2024,,,,8,8,8
46044000000056014,46044000000052536,46044000000053038,2024-03-26,2,13,3,1,2024,,,,10,10,10
46044000000056016,46044000000053613,46044000000053040,2024-10-09,3,41,10,4,2024,,,,9,9,9
46044000000052018,46044000000053572,46044000000054027,2023-03-08,3,10,3,1,2023,,,,9,9,9
46044000000053031,46044000000052444,46044000000058018,2022-04-19,2,16,4,2,2022,,,,8,8,8
46044000000053032,46044000000053584,46044000000055012,2024-03-22,5,12,3,1,2024,,,,9,9,9
46044000000055006,46044000000053589,46044000000055012,2024-10-12,6,41,10,4,2024,,,,10,10,10
46044000000054018,46044000000052538,46044000000056022,2025-12-06,6,49,12,4,2025,,,,8,8,8
46044000000055008,46044000000052468,46044000000053038,2024-11-10,0,45,11,4,2024,,,,10,10,10
46044000000056014,46044000000053535,46044000000058018,2023-08-13,0,32,8,3,2023,,,,8,8,8
46044000000057003,46044000000053539,46044000000053040,2022-03-01,2,9,3,1,2022,,,,9,9,9
46044000000057005,46044000000053607,46044000000055011,2023-01-18,3,3,1,1,2023,,,,10,10,10
46044000000057005,46044000000053607,46044000000055011,2024-03-13,3,11,3,1,2024,10,,,54,54,8
46044000000054018,46044000000053554,46044000000058017,2024-01-12,5,2,1,1,2024,,,,10,10,10
46044000000055006,46044000000053530,46044000000053038,2024-12-14,6,50,12,4,2024,,,,7,7,7
46044000000056013,46044000000052478,46044000000053039,2025-03-25,2,13,3,1,2025,,,,9,9,9
46044000000056014,46044000000053583,46044000000057008,2025-12-02,2,49,12,4,2025,,,,10,10,10
46044000000052016,46044000000052444,46044000000056021,2025-12-13,6,50,12,4,2025,,,,10,10,10
46044000000055008,46044000000053582,46044000000058018,2024-10-20,0,42,10,4,2024,,,,10,10,10
46044000000052017,46044000000052551,46044000000054027,2022-12-09,5,49,12,4,2022,,,,8,8,8
46044000000056015,46044000000053598,46044000000053039,2023-11-06,1,45,11,4,2023,,,,7,7,7
46044000000056017,46044000000053523,46044000000055012,2023-05-01,1,18,5,2,2023,,,,10,10,10
46044000000057004,46044000000052561,46044000000053040,2024-03-23,6,12,3,1,2024,,,,7,7,7
46044000000058015,46044000000053582,46044000000052021,2025-10-04,6,40,10,4,2025,,,,9,9,9
46044000000057003,46044000000053591,46044000000053040,2022-04-01,5,13,4,2,2022,,,,10,10,10
46044000000058011,46044000000052451,46044000000053039,2022-09-15,4,37,9,3,2022,,,,9,9,9
46044000000056016,46044000000052574,46044000000055011,2023-03-25,6,12,3,1,2023,,,,9,9,9
46044000000055009,46044000000052460,46044000000057008,2024-08-04,0,31,8,3,2024,,,,7,7,7
46044000000052018,46044000000053521,46044000000058018,2024-04-06,6,14,4,2,2024,,,,9,9,9
46044000000055008,46044000000053582,46044000000055012,2022-09-13,2,37,9,3,2022,,,,10,10,10
46044000000057005,46044000000053577,46044000000056022,2022-09-10,6,36,9,3,2022,,,,8,8,8
46044000000055009,46044000000052550,46044000000058018,2023-03-05,0,9,3,1,2023,,,,7,7,7
46044000000055008,46044000000052519,46044000000058018,2022-01-26,3,4,1,1,2022,,,,10,10,10
46044000000058012,46044000000054509,46044000000057008,2024-12-02,1,49,12,4,2024,,,,10,10,10
46044000000052014,46044000000053501,46044000000056021,2025-03-21,5,12,3,1,2025,,,,7,7,7
46044000000055009,46044000000053522,46044000000054027,2023-12-22,5,51,12,4,2023,,,,8,8,8
46044000000052017,46044000000053541,46044000000052021,2025-01-15,3,3,1,1,2025,,,,10,10,10
46044000000055008,46044000000053575,46044000000058018,2023-02-28,2,9,2,1,2023,,,,7,7,7
46044000000053034,46044000000052561,46044000000056021,2023-11-24,5,47,11,4,2023,,,,10,10,10
46044000000056013,46044000000052452,46044000000055011,2025-10-25,6,43,10,4,2025,,,,10,10,10
46044000000055008,46044000000054504,46044000000053040,2023-10-04,3,40,10,4,2023,,,,8,8,8
46044000000054018,46044000000052520,46044000000057008,2024-01-07,0,1,1,1,2024,,,,10,10,10
46044000000054018,46044000000053579,46044000000053039,2025-03-27,4,13,3,1,2025,,,,10,10,10
46044000000058013,46044000000053502,46044000000052021,2024-02-23,5,8,2,1,2024,,,,9,9,9
46044000000058015,46044000000052565,46044000000058017,2022-11-14,1,46,11,4,2022,,,,10,10,10
46044000000053032,46044000000053553,46044000000056022,2025-06-08,0,23,6,2,2025,,,,10,10,10
46044000000054015,46044000000052555,46044000000058018,2023-07-15,6,28,7,3,2023,,,,7,7,7
46044000000054015,46044000000053509,46044000000053040,2023-10-10,2,41,10,4,2023,,,,9,9,9
46044000000055008,46044000000053600,46044000000056021,2024-02-17,6,7,2,1,2024,,,,10,10,10
46044000000052018,46044000000052450,46044000000056021,2023-07-23,0,29,7,3,2023,,,,8,8,8
46044000000056018,46044000000053542,46044000000053040,2023-09-09,6,36,9,3,2023,,,,10,10,10
46044000000056017,46044000000053562,46044000000052021,2023-07-28,5,30,7,3,2023,,,,10,10,10
46044000000057004,46044000000052480,46044000000056021,2024-11-13,3,46,11,4,2024,,,,7,7,7
46044000000055006,46044000000053609,46044000000056022,2025-01-06,1,2,1,1,2025,,,,10,10,10
46044000000056017,46044000000052460,46044000000058018,2022-09-22,4,38,9,3,2022,,,,8,8,8
46044000000056013,46044000000052546,46044000000057008,2023-05-01,1,18,5,2,2023,,,,8,8,8
46044000000054016,46044000000052558,46044000000055012,2023-10-26,4,43,10,4,2023,,,,10,10,10
46044000000058015,46044000000052464,46044000000057008,2022-09-04,0,35,9,3,2022,,,,10,10,10
46044000000055007,46044000000052535,46044000000052021,2023-01-07,6,1,1,1,2023,,,,8,8,8
46044000000058013,46044000000052472,46044000000056021,2022-01-24,1,4,1,1,2022,,,,10,10,10
46044000000056017,46044000000052577,46044000000053039,2023-03-13,1,11,3,1,2023,,,,8,8,8
46044000000056013,46044000000054515,46044000000056021,2025-07-02,3,27,7,3,2025,,,,9,9,9
46044000000056014,46044000000052444,46044000000053040,2022-12-07,3,49,12,4,2022,,,,10,10,10
46044000000058012,46044000000052476,46044000000058017,2023-04-28,5,17,4,2,2023,,,,10,10,10
46044000000056016,46044000000053573,46044000000053038,2023-02-18,6,7,2,1,2023,,,,10,10,10
46044000000056018,46044000000054487,46044000000055011,2024-03-10,0,10,3,1,2024,,,,8,8,8
46044000000056016,46044000000054514,46044000000055012,2024-03-19,2,12,3,1,2024,,,,10,10,10
46044000000056013,46044000000052551,46044000000055012,2022-02-03,4,5,2,1,2022,,,,8,8,8
46044000000057004,46044000000052558,46044000000055011,2023-05-08,1,19,5,2,2023,,,,8,8,8
46044000000058011,46044000000053580,46044000000052021,2022-10-23,0,42,10,4,2022,,,,9,9,9
46044000000057004,46044000000053512,46044000000056021,2023-06-17,6,24,6,2,2023,,,,8,8,8
46044000000054016,46044000000052568,46044000000058017,2024-08-09,5,32,8,3,2024,,,,8,8,8
46044000000052014,46044000000052484,46044000000058018,2025-05-27,2,22,5,2,2025,,,,7,7,7
46044000000054018,46044000000052556,46044000000053038,2024-11-20,3,47,11,4,2024,,,,9,9,9
46044000000052016,46044000000053604,46044000000055012,2025-06-22,0,25,6,2,2025,,,,10,10,10
46044000000056017,46044000000052467,46044000000054027,2022-02-07,1,6,2,1,2022,,,,10,10,10
46044000000054015,46044000000053532,46044000000055011,2025-11-05,3,45,11,4,2025,,,,10,10,10
46044000000056018,46044000000052469,46044000000053038,2024-09-23,1,39,9,3,2024,,,,7,7,7
46044000000053034,46044000000053566,46044000000056021,2022-06-12,0,23,6,2,2022,,,,5,5,5
46044000000054018,46044000000053514,46044000000053038,2025-04-05,6,14,4,2,2025,,,,4,4,4
46044000000056015,46044000000053581,46044000000052021,2023-06-28,3,26,6,2,2023,,,,5,5,5
46044000000056013,46044000000053497,46044000000058017,2024-01-19,5,3,1,1,2024,,,,5,5,5
46044000000055007,46044000000053547,46044000000055012,2025-09-22,1,39,9,3,2025,,,,5,5,5
46044000000053033,46044000000052461,46044000000058018,2024-09-15,0,37,9,3,2024,,,,4,4,4
46044000000056016,46044000000053613,46044000000052021,2024-10-09,3,41,10,4,2024,,,,5,5,5
46044000000055007,46044000000054514,46044000000053038,2025-08-02,6,31,8,3,2025,,,,4,4,4
46044000000053033,46044000000054514,46044000000053038,2025-03-28,5,13,3,1,2025,,,,3,3,3
46044000000056015,46044000000052567,46044000000053038,2023-11-21,2,47,11,4,2023,,,,5,5,5
46044000000055007,46044000000053547,46044000000058017,2025-09-22,1,39,9,3,2025,,,,5,5,5
46044000000056014,46044000000054503,46044000000053038,2025-05-02,5,18,5,2,2025,,,,4,4,4
46044000000056014,46044000000053586,46044000000053039,2025-12-24,3,52,12,4,2025,,,,5,5,5
46044000000054018,46044000000053514,46044000000055012,2025-04-05,6,14,4,2,2025,,,,5,5,5
46044000000052014,46044000000053533,46044000000052021,2022-11-01,2,44,11,4,2022,,,,5,5,5
46044000000053034,46044000000052444,46044000000053039,2025-09-16,2,38,9,3,2025,,,,5,5,5
46044000000053033,46044000000054514,46044000000056022,2025-03-28,5,13,3,1,2025,,,,5,5,5
46044000000054017,46044000000054489,46044000000055011,2023-02-05,0,5,2,1,2023,,,,5,5,5
46044000000058013,46044000000053563,46044000000056022,2024-04-14,0,15,4,2,2024,,,,3,3,3
46044000000053034,46044000000054491,46044000000053040,2025-12-05,5,49,12,4,2025,,,,4,4,4
46044000000052018,46044000000052562,46044000000058018,2023-06-24,6,25,6,2,2023,,,,5,5,5
46044000000056018,46044000000052499,46044000000058017,2024-09-11,3,37,9,3,2024,,,,3,3,3
46044000000056018,46044000000053560,46044000000056021,2022-07-12,2,28,7,3,2022,,,,5,5,5
46044000000056016,46044000000053546,46044000000056021,2023-08-16,3,33,8,3,2023,,,,5,5,5
46044000000054018,46044000000053514,46044000000058017,2025-04-05,6,14,4,2,2025,,,,5,5,5
46044000000058013,46044000000052511,46044000000057008,2022-08-24,3,34,8,3,2022,,,,5,5,5
46044000000055006,46044000000053492,46044000000053038,2024-06-09,0,23,6,2,2024,,,,5,5,5
46044000000054015,46044000000052519,46044000000055011,2025-03-23,0,12,3,1,2025,,,,5,5,5
46044000000058013,46044000000053531,46044000000054027,2023-01-04,3,1,1,1,2023,,,,5,5,5
46044000000057004,46044000000052549,46044000000056022,2025-05-01,4,18,5,2,2025,,,,3,3,3
46044000000052018,46044000000052513,46044000000053040,2022-07-18,1,29,7,3,2022,,,,4,4,4
46044000000053032,46044000000053528,46044000000054027,2022-10-09,0,40,10,4,2022,,,,5,5,5
46044000000056017,46044000000052466,46044000000052021,2025-10-10,5,41,10,4,2025,,,,5,5,5
46044000000056013,46044000000052500,46044000000053040,2025-04-19,6,16,4,2,2025,,,,5,5,5
46044000000056016,46044000000053613,46044000000054027,2024-10-09,3,41,10,4,2024,,,,5,5,5
46044000000058014,46044000000052532,46044000000054027,2024-08-03,6,31,8,3,2024,,,,5,5,5
46044000000052018,46044000000053526,46044000000057008,2024-01-16,2,3,1,1,2024,,,,4,4,4
46044000000053032,46044000000052553,46044000000054027,2023-11-03,5,44,11,4,2023,,,,5,5,5
46044000000055007,46044000000052464,46044000000053038,2024-11-15,5,46,11,4,2024,,,,5,5,5
46044000000057006,46044000000053532,46044000000054027,2024-10-09,3,41,10,4,2024,,,,4,4,4
46044000000053031,46044000000053581,46044000000053038,2023-10-23,1,43,10,4,2023,,,,5,5,5
46044000000054018,46044000000052538,46044000000055011,2025-12-06,6,49,12,4,2025,,,,5,5,5
46044000000054015,46044000000053565,46044000000055011,2024-04-18,4,16,4,2,2024,,,,5,5,5
46044000000057006,46044000000052554,46044000000058018,2024-12-02,1,49,12,4,2024,,,,4,4,4
46044000000053031,46044000000053576,46044000000056021,2024-08-05,1,32,8,3,2024,,,,2,2,2
46044000000054018,46044000000053609,46044000000057008,2022-09-22,4,38,9,3,2022,,,,5,5,5
46044000000055009,46044000000053576,46044000000054027,2025-06-16,1,25,6,2,2025,,,,5,5,5
46044000000056013,46044000000052472,46044000000053039,2025-12-08,1,50,12,4,2025,,,,3,3,3
46044000000054018,46044000000052454,46044000000053039,2023-11-07,2,45,11,4,2023,,,,4,4,4
46044000000058014,46044000000052562,46044000000054027,2025-10-28,2,44,10,4,2025,,,,5,5,5
46044000000055008,46044000000053585,46044000000056021,2025-09-20,6,38,9,3,2025,,,,3,3,3
46044000000057003,46044000000054513,46044000000058018,2023-10-13,5,41,10,4,2023,,,,10,10,10
46044000000057003,46044000000054513,46044000000058018,2024-09-17,2,38,9,3,2024,10,,,52.5,52.5,5
46044000000054016,46044000000052568,46044000000056021,2022-03-23,3,12,3,1,2022,,,,4,4,4
46044000000054016,46044000000052568,46044000000056021,2024-08-09,5,32,8,3,2024,4,,,24,24,8
46044000000058015,46044000000053582,46044000000055012,2025-10-04,6,40,10,4,2025,,,,5,5,5
46044000000056014,46044000000053510,46044000000053039,2024-05-17,5,20,5,2,2024,,,,5,5,5
46044000000053032,46044000000053528,46044000000056021,2022-10-09,0,40,10,4,2022,,,,5,5,5
46044000000053034,46044000000053526,46044000000055012,2022-03-04,5,9,3,1,2022,,,,5,5,5
46044000000058013,46044000000054500,46044000000053040,2023-02-21,2,8,2,1,2023,,,,5,5,5
46044000000056018,46044000000052465,46044000000055012,2024-03-21,4,12,3,1,2024,,,,3,3,3
46044000000055009,46044000000052563,46044000000058017,2025-07-06,0,27,7,3,2025,,,,4,4,4
46044000000052014,46044000000054519,46044000000055012,2023-09-17,0,37,9,3,2023,,,,5,5,5
46044000000052018,46044000000054496,46044000000053038,2024-09-21,6,38,9,3,2024,,,,3,3,3
46044000000055009,46044000000054493,46044000000058018,2025-03-19,3,12,3,1,2025,,,,3,3,3
46044000000056014,46044000000053608,46044000000058017,2023-05-09,2,19,5,2,2023,,,,3,3,3
46044000000055006,46044000000052554,46044000000055012,2025-08-25,1,35,8,3,2025,,,,2,2,2
46044000000058014,46044000000054505,46044000000053040,2022-01-06,4,1,1,1,2022,,,,5,5,5
46044000000054018,46044000000052518,46044000000055011,2022-02-16,3,7,2,1,2022,,,,4,4,4
46044000000055007,46044000000052464,46044000000058018,2024-11-15,5,46,11,4,2024,,,,5,5,5
46044000000056014,46044000000053589,46044000000056022,2022-03-03,4,9,3,1,2022,,,,5,5,5
46044000000053034,46044000000053571,46044000000058018,2022-07-25,1,30,7,3,2022,,,,5,5,5
46044000000054018,46044000000052538,46044000000053038,2025-12-06,6,49,12,4,2025,,,,5,5,5
46044000000052016,46044000000052563,46044000000055012,2022-04-28,4,17,4,2,2022,,,,3,3,3
46044000000052017,46044000000054491,46044000000054027,2024-04-21,0,16,4,2,2024,,,,4,4,4
46044000000053033,46044000000052457,46044000000056022,2025-10-12,0,41,10,4,2025,,,,5,5,5
46044000000058014,46044000000052532,46044000000057008,2024-08-03,6,31,8,3,2024,,,,5,5,5
46044000000052017,46044000000054491,46044000000058018,2024-04-21,0,16,4,2,2024,,,,4,4,4
46044000000057006,46044000000052450,46044000000055012,2023-08-02,3,31,8,3,2023,,,,5,5,5
46044000000056018,46044000000053535,46044000000053038,2024-08-02,5,31,8,3,2024,,,,5,5,5
46044000000057004,46044000000052510,46044000000055011,2023-11-10,5,45,11,4,2023,,,,5,5,5
46044000000055007,46044000000053505,46044000000058017,2022-10-26,3,43,10,4,2022,,,,5,5,5
46044000000056017,46044000000053523,46044000000056021,2023-05-01,1,18,5,2,2023,,,,4,4,4
46044000000053034,46044000000054494,46044000000053040,2022-08-04,4,31,8,3,2022,,,,4,4,4
46044000000054015,46044000000052519,46044000000058017,2025-03-23,0,12,3,1,2025,,,,4,4,4
46044000000057006,46044000000052450,46044000000057008,2023-08-02,3,31,8,3,2023,,,,5,5,5
46044000000058013,46044000000053504,46044000000056021,2022-11-21,1,47,11,4,2022,,,,5,5,5
46044000000052014,46044000000053511,46044000000056021,2023-08-25,5,34,8,3,2023,,,,5,5,5
46044000000056018,46044000000053543,46044000000053039,2023-02-01,3,5,2,1,2023,,,,5,5,5
46044000000053031,46044000000052578,46044000000053040,2024-03-17,0,11,3,1,2024,,,,5,5,5
46044000000058012,46044000000053607,46044000000055012,2025-08-06,3,32,8,3,2025,,,,5,5,5
46044000000054018,46044000000053575,46044000000058018,2025-11-01,6,44,11,4,2025,,,,4,4,4
46044000000058011,46044000000053598,46044000000055012,2024-05-23,4,21,5,2,2024,,,,4,4,4
46044000000056016,46044000000052574,46044000000053038,2023-03-25,6,12,3,1,2023,,,,3,3,3
46044000000057006,46044000000053599,46044000000058018,2024-06-23,0,25,6,2,2024,,,,2,2,2
46044000000054018,46044000000054495,46044000000056022,2024-12-10,2,50,12,4,2024,,,,4,4,4
46044000000055009,46044000000052550,46044000000055011,2023-03-05,0,9,3,1,2023,,,,5,5,5
46044000000057003,46044000000053510,46044000000052021,2023-11-22,3,47,11,4,2023,,,,4,4,4
46044000000053033,46044000000053615,46044000000053039,2024-03-02,6,9,3,1,2024,,,,5,5,5
46044000000057004,46044000000053519,46044000000053040,2023-02-11,6,6,2,1,2023,,,,5,5,5
46044000000057003,46044000000054517,46044000000056022,2025-02-16,0,7,2,1,2025,,,,5,5,5
46044000000055007,46044000000052464,46044000000052021,2024-11-15,5,46,11,4,2024,,,,5,5,5
46044000000055007,46044000000054514,46044000000053040,2025-08-02,6,31,8,3,2025,,,,3,3,3
46044000000057006,46044000000053599,46044000000054027,2024-06-23,0,25,6,2,2024,,,,3,3,3
46044000000052018,46044000000052533,46044000000058018,2023-12-06,3,49,12,4,2023,,,,5,5,5
46044000000053034,46044000000054494,46044000000055012,2022-08-04,4,31,8,3,2022,,,,5,5,5
46044000000052016,46044000000052531,46044000000055012,2022-02-25,5,8,2,1,2022,,,,5,5,5
46044000000056018,46044000000053543,46044000000058017,2023-02-01,3,5,2,1,2023,,,,4,4,4
46044000000053033,46044000000053615,46044000000053038,2024-03-02,6,9,3,1,2024,,,,3,3,3
46044000000057004,46044000000053538,46044000000058018,2024-02-24,6,8,2,1,2024,,,,5,5,5
46044000000057003,46044000000054517,46044000000053039,2025-02-16,0,7,2,1,2025,,,,5,5,5
46044000000055006,46044000000054505,46044000000055011,2022-06-28,2,26,6,2,2022,,,,5,5,5
46044000000053033,46044000000053615,46044000000058017,2024-03-02,6,9,3,1,2024,,,,3,3,3
46044000000056017,46044000000053515,46044000000054027,2022-09-16,5,37,9,3,2022,,,,5,5,5
46044000000055006,46044000000052460,46044000000053038,2024-02-20,2,8,2,1,2024,,,,4,4,4
46044000000057004,46044000000053512,46044000000054027,2025-07-21,1,30,7,3,2025,,,,5,5,5
46044000000057004,46044000000053512,46044000000053040,2025-07-21,1,30,7,3,2025,,,,2,2,2
46044000000058014,46044000000052535,46044000000053038,2025-12-08,1,50,12,4,2025,,,,5,5,5
46044000000054018,46044000000052518,46044000000052021,2022-02-16,3,7,2,1,2022,,,,3,3,3
46044000000056016,46044000000052529,46044000000053039,2022-10-20,4,42,10,4,2022,,,,5,5,5
46044000000058014,46044000000052446,46044000000058017,2025-05-11,0,19,5,2,2025,,,,5,5,5
46044000000055006,46044000000053524,46044000000055011,2024-02-27,2,9,2,1,2024,,,,25,25,25
46044000000053034,46044000000052475,46044000000053039,2022-04-01,5,13,4,2,2022,,,,32,32,32
46044000000056016,46044000000052516,46044000000053040,2025-06-06,5,23,6,2,2025,,,,32,32,32
46044000000057004,46044000000053537,46044000000053039,2025-01-13,1,3,1,1,2025,,,,12,12,12
46044000000055006,46044000000052571,46044000000053038,2022-09-24,6,38,9,3,2022,,,,22,22,22
46044000000056013,46044000000054492,46044000000054027,2025-03-05,3,10,3,1,2025,,,,38,38,38
46044000000052018,46044000000052513,46044000000053039,2025-12-07,0,49,12,4,2025,,,,27,27,27
46044000000058012,46044000000052558,46044000000056022,2025-05-23,5,21,5,2,2025,,,,27,27,27
46044000000056015,46044000000052525,46044000000055012,2022-06-23,4,25,6,2,2022,,,,20,20,20
46044000000052014,46044000000053567,46044000000053040,2025-02-10,1,7,2,1,2025,,,,23,23,23
46044000000056014,46044000000053577,46044000000053038,2022-07-07,4,27,7,3,2022,,,,14,14,14
46044000000057005,46044000000053551,46044000000058018,2025-01-24,5,4,1,1,2025,,,,26,26,26
46044000000055008,46044000000052498,46044000000053040,2024-02-22,4,8,2,1,2024,,,,36,36,36
46044000000053032,46044000000053528,46044000000057008,2022-10-09,0,40,10,4,2022,,,,22,22,22
46044000000053034,46044000000052521,46044000000057008,2024-07-24,3,30,7,3,2024,,,,32,32,32
46044000000057005,46044000000052544,46044000000053039,2024-11-11,1,46,11,4,2024,,,,27,27,27
46044000000054016,46044000000053595,46044000000053038,2023-07-24,1,30,7,3,2023,,,,10,10,10
46044000000052016,46044000000053506,46044000000054027,2025-10-06,1,41,10,4,2025,,,,6,6,6
46044000000056016,46044000000053551,46044000000054027,2025-12-13,6,50,12,4,2025,,,,10,10,10
46044000000058011,46044000000053585,46044000000053040,2022-02-02,3,5,2,1,2022,,,,8,8,8
46044000000057003,46044000000053581,46044000000052021,2024-12-16,1,51,12,4,2024,,,,7,7,7
46044000000058013,46044000000053503,46044000000058017,2024-09-10,2,37,9,3,2024,,,,10,10,10
46044000000058015,46044000000052541,46044000000053038,2022-08-21,0,33,8,3,2022,,,,8,8,8
46044000000052016,46044000000052557,46044000000052021,2022-04-16,6,15,4,2,2022,,,,9,9,9
46044000000058012,46044000000052471,46044000000052021,2025-04-01,2,14,4,2,2025,,,,7,7,7
46044000000055008,46044000000053575,46044000000053039,2023-02-28,2,9,2,1,2023,,,,10,10,10
46044000000055009,46044000000052453,46044000000056021,2023-11-25,6,47,11,4,2023,,,,8,8,8
46044000000053032,46044000000052512,46044000000055012,2025-11-15,6,46,11,4,2025,,,,32,32,32
46044000000056016,46044000000052508,46044000000055012,2025-11-13,4,46,11,4,2025,,,,50,50,50
46044000000053032,46044000000053510,46044000000055011,2023-06-01,4,22,6,2,2023,,,,46,46,46
46044000000056013,46044000000052576,46044000000056022,2022-05-21,6,20,5,2,2022,,,,12,12,12
46044000000057005,46044000000052549,46044000000054027,2023-02-27,1,9,2,1,2023,,,,21,21,21
46044000000053034,46044000000054518,46044000000058017,2022-04-22,5,16,4,2,2022,,,,32,32,32
46044000000052016,46044000000053525,46044000000053038,2023-02-24,5,8,2,1,2023,,,,35,35,35
46044000000054018,46044000000052495,46044000000056022,2025-06-13,5,24,6,2,2025,,,,46,46,46
46044000000053031,46044000000052526,46044000000055011,2022-10-16,0,41,10,4,2022,,,,22,22,22
46044000000057003,46044000000053511,46044000000058017,2022-12-13,2,50,12,4,2022,,,,36,36,36
46044000000054017,46044000000054497,46044000000052021,2022-06-23,4,25,6,2,2022,,,,23,23,23
46044000000054015,46044000000052451,46044000000053039,2022-04-02,6,13,4,2,2022,,,,36,36,36
46044000000057006,46044000000054492,46044000000053040,2025-03-18,2,12,3,1,2025,,,,23,23,23
46044000000055008,46044000000052519,46044000000055011,2023-03-11,6,10,3,1,2023,,,,12,12,12
46044000000056016,46044000000053546,46044000000058018,2023-08-16,3,33,8,3,2023,,,,20,20,20
46044000000056016,46044000000052515,46044000000053038,2023-12-22,5,51,12,4,2023,,,,15,15,15
46044000000052018,46044000000053525,46044000000056021,2025-05-08,4,19,5,2,2025,,,,28,28,28
46044000000054016,46044000000053554,46044000000058017,2024-01-26,5,4,1,1,2024,,,,20,20,20
46044000000055006,46044000000053530,46044000000058017,2024-12-14,6,50,12,4,2024,,,,40,40,40
46044000000057004,46044000000052523,46044000000054027,2022-08-16,2,33,8,3,2022,,,,20,20,20
46044000000053033,46044000000054500,46044000000053040,2025-05-10,6,19,5,2,2025,,,,25,25,25
46044000000054017,46044000000053616,46044000000056022,2024-08-17,6,33,8,3,2024,,,,17,17,17
46044000000053034,46044000000053508,46044000000053039,2023-06-06,2,23,6,2,2023,,,,25,25,25
46044000000055008,46044000000053607,46044000000053040,2023-07-02,0,26,7,3,2023,,,,46,46,46
46044000000054016,46044000000053603,46044000000056022,2024-12-21,6,51,12,4,2024,,,,18,18,18
46044000000054016,46044000000053515,46044000000055011,2022-09-28,3,39,9,3,2022,,,,25,25,25
46044000000058014,46044000000052515,46044000000058017,2024-03-13,3,11,3,1,2024,,,,25,25,25
46044000000055007,46044000000052514,46044000000053040,2022-04-14,4,15,4,2,2022,,,,44,44,44
46044000000054016,46044000000052560,46044000000058017,2022-12-13,2,50,12,4,2022,,,,18,18,18
46044000000054017,46044000000053584,46044000000056022,2023-07-03,1,27,7,3,2023,,,,47,47,47
46044000000056013,46044000000052547,46044000000053039,2025-10-22,3,43,10,4,2025,,,,49,49,49
46044000000055007,46044000000053509,46044000000057008,2024-08-17,6,33,8,3,2024,,,,42,42,42
46044000000057006,46044000000053496,46044000000057008,2025-11-26,3,48,11,4,2025,,,,12,12,12
46044000000057004,46044000000053503,46044000000052021,2024-01-28,0,4,1,1,2024,,,,28,28,28
46044000000056017,46044000000052541,46044000000055011,2024-11-17,0,46,11,4,2024,,,,14,14,14
46044000000054017,46044000000052452,46044000000058018,2025-02-25,2,9,2,1,2025,,,,42,42,42
46044000000053032,46044000000052470,46044000000056022,2023-01-07,6,1,1,1,2023,,,,50,50,50
46044000000057004,46044000000052541,46044000000056022,2022-12-02,5,48,12,4,2022,,,,20,20,20
46044000000053032,46044000000054501,46044000000053040,2025-04-20,0,16,4,2,2025,,,,31,31,31
46044000000055008,46044000000052550,46044000000058018,2025-09-24,3,39,9,3,2025,,,,26,26,26
46044000000055006,46044000000052537,46044000000053038,2023-04-20,4,16,4,2,2023,,,,24,24,24
46044000000052017,46044000000053598,46044000000058017,2024-03-10,0,10,3,1,2024,,,,30,30,30
46044000000052014,46044000000052449,46044000000054027,2022-07-21,4,29,7,3,2022,,,,13,13,13
46044000000057004,46044000000053519,46044000000053038,2025-04-07,1,15,4,2,2025,,,,20,20,20
46044000000055008,46044000000053579,46044000000056022,2022-12-14,3,50,12,4,2022,,,,21,21,21
46044000000058013,46044000000053493,46044000000055011,2022-03-28,1,13,3,1,2022,,,,18,18,18
46044000000058015,46044000000052576,46044000000058017,2024-05-17,5,20,5,2,2024,,,,12,12,12
46044000000055007,46044000000052489,46044000000058017,2022-01-20,4,3,1,1,2022,,,,22,22,22
46044000000058014,46044000000053497,46044000000053040,2024-09-12,4,37,9,3,2024,,,,28,28,28
46044000000057004,46044000000052491,46044000000052021,2024-10-01,2,40,10,4,2024,,,,23,23,23
46044000000056018,46044000000052578,46044000000055012,2024-01-24,3,4,1,1,2024,,,,19,19,19
46044000000056018,46044000000052496,46044000000055011,2023-03-04,6,9,3,1,2023,,,,45,45,45
46044000000058012,46044000000052491,46044000000053040,2025-02-22,6,8,2,1,2025,,,,24,24,24
46044000000055008,46044000000053567,46044000000055011,2024-09-10,2,37,9,3,2024,,,,28,28,28
46044000000054018,46044000000052468,46044000000054027,2024-02-27,2,9,2,1,2024,,,,29,29,29
46044000000054016,46044000000053511,46044000000052021,2022-01-07,5,1,1,1,2022,,,,18,18,18
46044000000055006,46044000000054511,46044000000053038,2025-06-21,6,25,6,2,2025,,,,32,32,32
46044000000058011,46044000000054502,46044000000055012,2022-06-04,6,22,6,2,2022,,,,31,31,31
46044000000055008,46044000000053522,46044000000056022,2025-12-09,2,50,12,4,2025,,,,41,41,41
46044000000053032,46044000000053610,46044000000058018,2022-03-10,4,10,3,1,2022,,,,15,15,15
46044000000054016,46044000000052491,46044000000056022,2024-04-16,2,16,4,2,2024,,,,12,12,12
46044000000056016,46044000000053515,46044000000055012,2022-08-16,2,33,8,3,2022,,,,19,19,19
46044000000056017,46044000000053607,46044000000053038,2025-04-09,3,15,4,2,2025,,,,15,15,15
46044000000055009,46044000000052568,46044000000058018,2024-01-02,2,1,1,1,2024,,,,13,13,13
46044000000058014,46044000000053590,46044000000053039,2022-09-28,3,39,9,3,2022,,,,39,39,39
46044000000053032,46044000000053522,46044000000053038,2024-08-09,5,32,8,3,2024,,,,26,26,26
46044000000058013,46044000000053493,46044000000054027,2022-03-28,1,13,3,1,2022,,,,33,33,33
46044000000057004,46044000000052523,46044000000053038,2022-08-16,2,33,8,3,2022,,,,20,20,20
46044000000056013,46044000000052494,46044000000055012,2025-03-04,2,10,3,1,2025,,,,25,25,25
46044000000058015,46044000000052500,46044000000052021,2022-01-22,6,3,1,1,2022,,,,30,30,30
46044000000053033,46044000000052492,46044000000058017,2024-08-02,5,31,8,3,2024,,,,16,16,16
46044000000052018,46044000000054496,46044000000056021,2024-09-21,6,38,9,3,2024,,,,36,36,36
46044000000057004,46044000000054489,46044000000053039,2025-05-22,4,21,5,2,2025,,,,47,47,47
46044000000057004,46044000000053602,46044000000053038,2023-10-13,5,41,10,4,2023,,,,34,34,34
46044000000053034,46044000000052465,46044000000056021,2023-09-07,4,36,9,3,2023,,,,23,23,23
46044000000058013,46044000000052525,46044000000058017,2022-08-27,6,34,8,3,2022,,,,24,24,24
46044000000052017,46044000000052575,46044000000056021,2024-02-21,3,8,2,1,2024,,,,15,15,15
46044000000055008,46044000000052566,46044000000052021,2022-12-17,6,50,12,4,2022,,,,41,41,41
46044000000053033,46044000000053589,46044000000055012,2023-10-02,1,40,10,4,2023,,,,33,33,33
46044000000055008,46044000000053535,46044000000053039,2024-04-11,4,15,4,2,2024,,,,20,20,20
46044000000055009,46044000000053583,46044000000053040,2022-06-24,5,25,6,2,2022,,,,19,19,19
46044000000053031,46044000000052494,46044000000056021,2024-05-05,0,18,5,2,2024,,,,40,40,40
46044000000056015,46044000000053603,46044000000052021,2023-01-26,4,4,1,1,2023,,,,38,38,38
46044000000054018,46044000000052519,46044000000052021,2023-08-18,5,33,8,3,2023,,,,34,34,34
46044000000058014,46044000000052506,46044000000058018,2022-02-07,1,6,2,1,2022,,,,50,50,50
46044000000055009,46044000000053522,46044000000052021,2024-12-13,5,50,12,4,2024,,,,49,49,49
46044000000053031,46044000000053583,46044000000058018,2022-10-25,2,43,10,4,2022,,,,31,31,31
46044000000054017,46044000000052573,46044000000052021,2025-03-20,4,12,3,1,2025,,,,22,22,22
46044000000056015,46044000000053615,46044000000053038,2024-10-02,3,40,10,4,2024,,,,14,14,14
46044000000056013,46044000000053537,46044000000054027,2024-07-20,6,29,7,3,2024,,,,35,35,35
46044000000054015,46044000000052573,46044000000053039,2022-12-01,4,48,12,4,2022,,,,21,21,21
46044000000054017,46044000000052458,46044000000057008,2025-10-15,3,42,10,4,2025,,,,43,43,43
46044000000058011,46044000000052451,46044000000058018,2022-09-15,4,37,9,3,2022,,,,33,33,33
46044000000053034,46044000000054516,46044000000054027,2022-12-18,0,50,12,4,2022,,,,16,16,16
46044000000058012,46044000000052524,46044000000058018,2022-02-07,1,6,2,1,2022,,,,14,14,14
46044000000057003,46044000000052458,46044000000053039,2025-01-22,3,4,1,1,2025,,,,50,50,50
46044000000056014,46044000000052571,46044000000055011,2022-01-06,4,1,1,1,2022,,,,77,77,77
46044000000056017,46044000000054501,46044000000054027,2022-03-02,3,9,3,1,2022,,,,65,65,65
46044000000053032,46044000000052482,46044000000058017,2024-10-24,4,43,10,4,2024,,,,55,55,55
46044000000054016,46044000000054499,46044000000058018,2023-01-03,2,1,1,1,2023,,,,72,72,72
46044000000056013,46044000000053555,46044000000055012,2025-07-17,4,29,7,3,2025,,,,34,34,34
46044000000055006,46044000000054491,46044000000055012,2024-01-02,2,1,1,1,2024,,,,20,20,20
46044000000055008,46044000000053515,46044000000052021,2025-03-21,5,12,3,1,2025,,,,20,20,20
46044000000056014,46044000000053535,46044000000052021,2023-08-13,0,32,8,3,2023,,,,28,28,28
46044000000055007,46044000000053502,46044000000057008,2025-01-27,1,5,1,1,2025,,,,23,23,23
46044000000056014,46044000000053589,46044000000053038,2022-03-03,4,9,3,1,2022,,,,50,50,50
46044000000058015,46044000000052526,46044000000053039,2022-07-18,1,29,7,3,2022,,,,36,36,36
46044000000052016,46044000000052541,46044000000057008,2025-07-22,2,30,7,3,2025,,,,17,17,17
46044000000054016,46044000000054494,46044000000053040,2022-10-11,2,41,10,4,2022,,,,24,24,24
46044000000055009,46044000000053522,46044000000055011,2023-12-22,5,51,12,4,2023,,,,15,15,15
46044000000053031,46044000000052523,46044000000056022,2025-09-05,5,36,9,3,2025,,,,18,18,18
46044000000058012,46044000000053570,46044000000058017,2024-07-22,1,30,7,3,2024,,,,23,23,23
46044000000053031,46044000000052476,46044000000054027,2022-04-21,4,16,4,2,2022,,,,42,42,42
46044000000054016,46044000000052505,46044000000056022,2023-08-18,5,33,8,3,2023,,,,35,35,35
46044000000058015,46044000000053563,46044000000052021,2022-03-15,2,11,3,1,2022,,,,21,21,21
46044000000055009,46044000000053517,46044000000056022,2024-06-16,0,24,6,2,2024,,,,28,28,28
46044000000056016,46044000000052499,46044000000055012,2025-02-22,6,8,2,1,2025,,,,45,45,45
46044000000056014,46044000000054487,46044000000056021,2022-12-01,4,48,12,4,2022,,,,48,48,48
46044000000056015,46044000000053548,46044000000053039,2025-06-02,1,23,6,2,2025,,,,32,32,32
46044000000053033,46044000000052481,46044000000052021,2025-01-08,3,2,1,1,2025,,,,25,25,25
46044000000055009,46044000000052478,46044000000054027,2024-11-26,2,48,11,4,2024,,,,38,38,38
46044000000058012,46044000000053546,46044000000058018,2023-01-13,5,2,1,1,2023,,,,20,20,20
46044000000058014,46044000000052550,46044000000058017,2024-09-11,3,37,9,3,2024,,,,19,19,19
46044000000056018,46044000000053494,46044000000053039,2024-11-18,1,47,11,4,2024,,,,29,29,29
46044000000054016,46044000000053555,46044000000053039,2025-06-22,0,25,6,2,2025,,,,48,48,48
46044000000055008,46044000000052561,46044000000053039,2023-12-10,0,49,12,4,2023,,,,16,16,16
46044000000055009,46044000000052474,46044000000056021,2022-10-08,6,40,10,4,2022,,,,24,24,24
46044000000057006,46044000000052470,46044000000057008,2024-03-10,0,10,3,1,2024,,,,29,29,29
46044000000058011,46044000000052557,46044000000056021,2025-02-15,6,7,2,1,2025,,,,19,19,19
46044000000058014,46044000000052578,46044000000053040,2022-01-04,2,1,1,1,2022,,,,28,28,28
46044000000054018,46044000000053498,46044000000056021,2023-06-10,6,23,6,2,2023,,,,23,23,23
46044000000056016,46044000000052494,46044000000054027,2024-05-18,6,20,5,2,2024,,,,47,47,47
46044000000054017,46044000000054487,46044000000053040,2024-12-10,2,50,12,4,2024,,,,37,37,37
46044000000052018,46044000000053576,46044000000052021,2024-11-01,5,44,11,4,2024,,,,50,50,50
46044000000056013,46044000000054492,46044000000053040,2023-08-14,1,33,8,3,2023,,,,48,48,48
46044000000058014,46044000000053557,46044000000054027,2022-10-16,0,41,10,4,2022,,,,26,26,26
46044000000055007,46044000000053531,46044000000054027,2023-05-12,5,19,5,2,2023,,,,16,16,16
46044000000056016,46044000000053577,46044000000056021,2022-06-02,4,22,6,2,2022,,,,25,25,25
46044000000058014,46044000000052464,46044000000054027,2022-11-05,6,44,11,4,2022,,,,25,25,25
46044000000056015,46044000000054499,46044000000058017,2022-05-14,6,19,5,2,2022,,,,28,28,28
46044000000055006,46044000000053598,46044000000058017,2024-12-12,4,50,12,4,2024,,,,21,21,21
46044000000056013,46044000000052493,46044000000055012,2025-12-26,5,52,12,4,2025,,,,31,31,31
46044000000057006,46044000000054508,46044000000053039,2022-07-04,1,27,7,3,2022,,,,19,19,19
46044000000058014,46044000000052541,46044000000055012,2023-01-02,1,1,1,1,2023,,,,26,26,26
46044000000053033,46044000000052489,46044000000056022,2023-02-04,6,5,2,1,2023,,,,17,17,17
46044000000057003,46044000000053579,46044000000053038,2022-11-12,6,45,11,4,2022,,,,17,17,17
46044000000053033,46044000000053535,46044000000058017,2025-04-11,5,15,4,2,2025,,,,23,23,23
46044000000056018,46044000000052448,46044000000058018,2024-05-23,4,21,5,2,2024,,,,39,39,39
46044000000054018,46044000000053574,46044000000055012,2022-02-22,2,8,2,1,2022,,,,24,24,24
46044000000056013,46044000000052460,46044000000055011,2024-09-05,4,36,9,3,2024,,,,21,21,21
46044000000056014,46044000000053607,46044000000053038,2024-08-26,1,35,8,3,2024,,,,28,28,28
46044000000057003,46044000000053579,46044000000058018,2022-11-12,6,45,11,4,2022,,,,44,44,44
46044000000052016,46044000000052459,46044000000056021,2025-12-02,2,49,12,4,2025,,,,12,12,12
46044000000054018,46044000000052490,46044000000057008,2025-09-18,4,38,9,3,2025,,,,32,32,32
46044000000058015,46044000000052517,46044000000053038,2024-06-06,4,23,6,2,2024,,,,50,50,50
46044000000057004,46044000000052552,46044000000056022,2025-03-27,4,13,3,1,2025,,,,29,29,29
46044000000055009,46044000000053542,46044000000058017,2022-04-13,3,15,4,2,2022,,,,19,19,19
46044000000056018,46044000000054511,46044000000058018,2022-06-20,1,25,6,2,2022,,,,33,33,33
46044000000055009,46044000000053584,46044000000055011,2022-03-11,5,10,3,1,2022,,,,24,24,24
46044000000057003,46044000000053574,46044000000057008,2024-08-09,5,32,8,3,2024,,,,29,29,29
46044000000057005,46044000000053506,46044000000057008,2024-12-24,2,52,12,4,2024,,,,34,34,34
46044000000056017,46044000000052506,46044000000052021,2025-06-20,5,25,6,2,2025,,,,36,36,36
46044000000052018,46044000000053544,46044000000055012,2023-01-02,1,1,1,1,2023,,,,25,25,25
46044000000053032,46044000000054500,46044000000056021,2024-06-15,6,24,6,2,2024,,,,22,22,22
46044000000058011,46044000000052446,46044000000052021,2024-11-25,1,48,11,4,2024,,,,21,21,21
46044000000057004,46044000000052546,46044000000055011,2024-10-21,1,43,10,4,2024,,,,33,33,33
46044000000055007,46044000000054491,46044000000056022,2023-08-16,3,33,8,3,2023,,,,27,27,27
46044000000055009,46044000000054516,46044000000053039,2022-12-17,6,50,12,4,2022,,,,40,40,40
46044000000052018,46044000000052482,46044000000056021,2024-12-24,2,52,12,4,2024,,,,23,23,23
46044000000056017,46044000000054518,46044000000055011,2024-03-27,3,13,3,1,2024,,,,50,50,50
46044000000056015,46044000000052512,46044000000055012,2022-10-09,0,40,10,4,2022,,,,33,33,33
46044000000052018,46044000000054496,46044000000052021,2024-09-21,6,38,9,3,2024,,,,47,47,47
46044000000056015,46044000000054510,46044000000056022,2023-07-28,5,30,7,3,2023,,,,17,17,17
46044000000058015,46044000000054504,46044000000055012,2025-06-12,4,24,6,2,2025,,,,32,32,32
46044000000057003,46044000000052504,46044000000058018,2025-04-05,6,14,4,2,2025,,,,14,14,14
46044000000053032,46044000000054488,46044000000054027,2023-08-19,6,33,8,3,2023,,,,16,16,16
46044000000052018,46044000000053594,46044000000055011,2025-07-16,3,29,7,3,2025,,,,48,48,48
46044000000052016,46044000000052508,46044000000054027,2023-06-03,6,22,6,2,2023,,,,10,10,10
46044000000052016,46044000000052508,46044000000054027,2024-07-07,0,27,7,3,2024,10,,,508.5,508.5,17
46044000000054015,46044000000053544,46044000000057008,2022-10-14,5,41,10,4,2022,,,,16,16,16
46044000000056016,46044000000054500,46044000000053039,2025-09-17,3,38,9,3,2025,,,,29,29,29
46044000000057003,46044000000053542,46044000000054027,2025-01-05,0,1,1,1,2025,,,,28,28,28
46044000000056017,46044000000053536,46044000000054027,2025-07-05,6,27,7,3,2025,,,,15,15,15
46044000000053032,46044000000053592,46044000000057008,2022-10-14,5,41,10,4,2022,,,,26,26,26
46044000000052017,46044000000052561,46044000000056022,2022-06-22,3,25,6,2,2022,,,,26,26,26
46044000000057006,46044000000052459,46044000000054027,2024-12-25,3,52,12,4,2024,,,,36,36,36
46044000000052016,46044000000052459,46044000000052021,2025-12-02,2,49,12,4,2025,,,,22,22,22
46044000000053034,46044000000053613,46044000000055012,2023-10-18,3,42,10,4,2023,,,,25,25,25
46044000000056016,46044000000054511,46044000000057008,2022-05-08,0,18,5,2,2022,,,,25,25,25
46044000000056016,46044000000053521,46044000000056022,2024-09-10,2,37,9,3,2024,,,,16,16,16
46044000000056014,46044000000053529,46044000000058017,2023-11-25,6,47,11,4,2023,,,,36,36,36
46044000000055007,46044000000052535,46044000000058018,2023-01-07,6,1,1,1,2023,,,,22,22,22
46044000000052018,46044000000052546,46044000000053038,2023-04-02,0,13,4,2,2023,,,,22,22,22
46044000000056017,46044000000053556,46044000000057008,2025-10-02,4,40,10,4,2025,,,,26,26,26
46044000000058015,46044000000052560,46044000000055011,2025-12-07,0,49,12,4,2025,,,,24,24,24
46044000000055007,46044000000053552,46044000000052021,2023-11-03,5,44,11,4,2023,,,,32,32,32
46044000000056014,46044000000054487,46044000000053040,2022-12-01,4,48,12,4,2022,,,,18,18,18
46044000000052014,46044000000053566,46044000000055012,2025-04-17,4,16,4,2,2025,,,,19,19,19
46044000000057005,46044000000053561,46044000000058018,2024-11-23,6,47,11,4,2024,,,,16,16,16
46044000000056015,46044000000053598,46044000000056021,2023-11-06,1,45,11,4,2023,,,,41,41,41
46044000000054016,46044000000053555,46044000000056021,2025-06-22,0,25,6,2,2025,,,,5,5,5
46044000000053031,46044000000053598,46044000000053038,2022-06-15,3,24,6,2,2022,,,,5,5,5
46044000000054016,46044000000052518,46044000000054027,2022-01-04,2,1,1,1,2022,,,,10,10,10
46044000000056014,46044000000054493,46044000000054027,2022-04-22,5,16,4,2,2022,,,,6,6,6
46044000000057005,46044000000053560,46044000000053040,2025-07-02,3,27,7,3,2025,,,,6,6,6
46044000000052014,46044000000053540,46044000000058018,2024-08-04,0,31,8,3,2024,,,,9,9,9
46044000000058013,46044000000053557,46044000000053040,2024-08-11,0,32,8,3,2024,,,,7,7,7
46044000000055007,46044000000053558,46044000000058018,2025-11-19,3,47,11,4,2025,,,,10,10,10
46044000000056017,46044000000052450,46044000000053040,2022-08-24,3,34,8,3,2022,,,,10,10,10
46044000000052018,46044000000053533,46044000000055012,2022-01-02,0,52,1,1,2022,,,,10,10,10
46044000000057004,46044000000052525,46044000000052021,2025-04-18,5,16,4,2,2025,,,,10,10,10
46044000000058013,46044000000053557,46044000000058017,2024-08-11,0,32,8,3,2024,,,,10,10,10
46044000000053034,46044000000054509,46044000000054027,2024-09-04,3,36,9,3,2024,,,,9,9,9
46044000000058011,46044000000053598,46044000000053039,2024-05-23,4,21,5,2,2024,,,,10,10,10
46044000000058015,46044000000052494,46044000000053040,2024-04-19,5,16,4,2,2024,,,,10,10,10
46044000000052016,46044000000053604,46044000000055011,2025-06-22,0,25,6,2,2025,,,,9,9,9
46044000000052016,46044000000052568,46044000000054027,2025-08-12,2,33,8,3,2025,,,,10,10,10
46044000000057006,46044000000052450,46044000000058017,2023-08-02,3,31,8,3,2023,,,,10,10,10
46044000000055006,46044000000052554,46044000000053038,2025-08-25,1,35,8,3,2025,,,,8,8,8
46044000000055009,46044000000052510,46044000000056021,2022-11-21,1,47,11,4,2022,,,,9,9,9
46044000000056013,46044000000052466,46044000000058017,2024-02-21,3,8,2,1,2024,,,,8,8,8
46044000000052017,46044000000053536,46044000000052021,2024-06-27,4,26,6,2,2024,,,,7,7,7
46044000000055007,46044000000053547,46044000000053040,2025-09-22,1,39,9,3,2025,,,,7,7,7
46044000000055009,46044000000052485,46044000000055011,2025-01-17,5,3,1,1,2025,,,,10,10,10
46044000000054017,46044000000054502,46044000000055011,2022-02-02,3,5,2,1,2022,,,,10,10,10
46044000000056014,46044000000053529,46044000000053040,2025-02-07,5,6,2,1,2025,,,,10,10,10
46044000000052018,46044000000053533,46044000000058017,2022-01-02,0,52,1,1,2022,,,,10,10,10
46044000000052018,46044000000053533,46044000000058017,2023-08-16,3,33,8,3,2023,10,,,54.5,54.5,9
46044000000057004,46044000000052549,46044000000053038,2025-05-01,4,18,5,2,2025,,,,3,3,3
46044000000056014,46044000000054503,46044000000056021,2025-05-02,5,18,5,2,2025,,,,5,5,5
46044000000052014,46044000000053508,46044000000056022,2023-11-26,0,47,11,4,2023,,,,3,3,3
46044000000056016,46044000000052529,46044000000058017,2022-10-20,4,42,10,4,2022,,,,5,5,5
46044000000057004,46044000000054510,46044000000052021,2022-09-03,6,35,9,3,2022,,,,5,5,5
46044000000058015,46044000000052517,46044000000058018,2024-06-06,4,23,6,2,2024,,,,4,4,4
46044000000053033,46044000000052514,46044000000054027,2025-07-24,4,30,7,3,2025,,,,4,4,4
46044000000057006,46044000000052566,46044000000058017,2024-06-24,1,26,6,2,2024,,,,5,5,5
46044000000058014,46044000000053544,46044000000053038,2025-06-04,3,23,6,2,2025,,,,5,5,5
46044000000052017,46044000000053579,46044000000058018,2023-06-08,4,23,6,2,2023,,,,5,5,5
46044000000056017,46044000000053547,46044000000052021,2023-12-07,4,49,12,4,2023,,,,3,3,3
46044000000056018,46044000000052465,46044000000056022,2024-03-21,4,12,3,1,2024,,,,3,3,3
46044000000056016,46044000000052529,46044000000053040,2022-10-20,4,42,10,4,2022,,,,2,2,2
46044000000057006,46044000000052547,46044000000058017,2025-09-28,0,39,9,3,2025,,,,3,3,3
46044000000052016,46044000000052531,46044000000056021,2022-02-25,5,8,2,1,2022,,,,5,5,5
46044000000054016,46044000000053555,46044000000053040,2025-06-22,0,25,6,2,2025,,,,5,5,5
46044000000055009,46044000000053499,46044000000058017,2023-02-06,1,6,2,1,2023,,,,5,5,5
46044000000053032,46044000000053528,46044000000058018,2022-10-09,0,40,10,4,2022,,,,5,5,5
46044000000053032,46044000000052481,46044000000056021,2024-07-23,2,30,7,3,2024,,,,5,5,5
46044000000054017,46044000000053524,46044000000054027,2022-09-24,6,38,9,3,2022,,,,5,5,5
46044000000056015,46044000000054502,46044000000053038,2024-06-10,1,24,6,2,2024,,,,5,5,5
46044000000052014,46044000000053533,46044000000053039,2022-11-01,2,44,11,4,2022,,,,5,5,5
46044000000056013,46044000000053517,46044000000053039,2025-05-05,1,19,5,2,2025,,,,2,2,2
46044000000053034,46044000000052520,46044000000058017,2022-04-15,5,15,4,2,2022,,,,2,2,2
46044000000058011,46044000000052457,46044000000053038,2022-07-28,4,30,7,3,2022,,,,4,4,4
46044000000057004,46044000000052452,46044000000052021,2022-09-01,4,35,9,3,2022,,,,5,5,5
46044000000055008,46044000000053606,46044000000057008,2024-11-23,6,47,11,4,2024,,,,4,4,4
46044000000052017,46044000000053544,46044000000053040,2023-07-26,3,30,7,3,2023,,,,5,5,5
46044000000052017,46044000000053544,46044000000053040,2023-10-15,0,41,10,4,2023,5,,,27.5,27.5,5
46044000000053031,46044000000052515,46044000000055012,2025-12-21,0,51,12,4,2025,,,,4,4,4
46044000000053031,46044000000053583,46044000000055011,2022-10-25,2,43,10,4,2022,,,,5,5,5
46044000000052014,46044000000053533,46044000000053040,2022-11-01,2,44,11,4,2022,,,,4,4,4
46044000000052018,46044000000052470,46044000000054027,2023-03-08,3,10,3,1,2023,,,,5,5,5
46044000000055006,46044000000053585,46044000000055012,2025-04-25,5,17,4,2,2025,,,,5,5,5
46044000000056013,46044000000053619,46044000000053038,2025-10-06,1,41,10,4,2025,,,,5,5,5
46044000000058012,46044000000053619,46044000000053039,2023-11-24,5,47,11,4,2023,,,,5,5,5
46044000000054018,46044000000052511,46044000000057008,2022-05-01,0,17,5,2,2022,,,,3,3,3
46044000000053034,46044000000053566,46044000000052021,2022-06-12,0,23,6,2,2022,,,,4,4,4
46044000000056014,46044000000053586,46044000000054027,2025-12-24,3,52,12,4,2025,,,,5,5,5
46044000000055006,46044000000052519,46044000000055011,2022-03-15,2,11,3,1,2022,,,,2,2,2
46044000000054015,46044000000052508,46044000000057008,2023-03-13,1,11,3,1,2023,,,,5,5,5
46044000000054015,46044000000052472,46044000000058017,2023-02-13,1,7,2,1,2023,,,,5,5,5
46044000000058011,46044000000053508,46044000000056022,2023-03-27,1,13,3,1,2023,,,,5,5,5
46044000000058014,46044000000053494,46044000000052021,2024-02-05,1,6,2,1,2024,,,,3,3,3
46044000000056013,46044000000053558,46044000000055011,2023-08-13,0,32,8,3,2023,,,,5,5,5
46044000000056013,46044000000052498,46044000000058018,2023-07-15,6,28,7,3,2023,,,,5,5,5
46044000000058015,46044000000052494,46044000000053038,2024-04-19,5,16,4,2,2024,,,,4,4,4
46044000000053034,46044000000053560,46044000000056021,2024-02-21,3,8,2,1,2024,,,,4,4,4
46044000000056014,46044000000054500,46044000000053040,2022-12-19,1,51,12,4,2022,,,,5,5,5
46044000000055007,46044000000053505,46044000000056022,2022-10-26,3,43,10,4,2022,,,,5,5,5
46044000000056015,46044000000053495,46044000000056021,2024-04-06,6,14,4,2,2024,,,,4,4,4
46044000000056018,46044000000052465,46044000000058017,2024-03-21,4,12,3,1,2024,,,,5,5,5
46044000000052017,46044000000052520,46044000000053038,2022-04-06,3,14,4,2,2022,,,,5,5,5
46044000000055008,46044000000053607,46044000000056022,2023-07-02,0,26,7,3,2023,,,,5,5,5
46044000000055006,46044000000053617,46044000000056021,2023-08-15,2,33,8,3,2023,,,,5,5,5
46044000000056018,46044000000052506,46044000000056021,2024-07-08,1,28,7,3,2024,,,,4,4,4
46044000000055006,46044000000052478,46044000000056022,2022-03-26,6,12,3,1,2022,,,,5,5,5
46044000000055009,46044000000053499,46044000000053039,2023-02-06,1,6,2,1,2023,,,,3,3,3
46044000000057004,46044000000053593,46044000000058018,2023-06-07,3,23,6,2,2023,,,,5,5,5
46044000000055009,46044000000053563,46044000000054027,2022-10-23,0,42,10,4,2022,,,,5,5,5
46044000000056016,46044000000052557,46044000000058017,2023-08-15,2,33,8,3,2023,,,,5,5,5
46044000000057006,46044000000052566,46044000000054027,2024-06-24,1,26,6,2,2024,,,,4,4,4
46044000000054015,46044000000052490,46044000000056022,2023-11-21,2,47,11,4,2023,,,,4,4,4
46044000000058011,46044000000053501,46044000000053039,2022-06-13,1,24,6,2,2022,,,,5,5,5
46044000000054018,46044000000053575,46044000000058017,2025-11-01,6,44,11,4,2025,,,,5,5,5
46044000000056013,46044000000053525,46044000000058018,2025-10-22,3,43,10,4,2025,,,,5,5,5
46044000000057004,46044000000052510,46044000000055012,2023-11-10,5,45,11,4,2023,,,,4,4,4
46044000000055007,46044000000052536,46044000000053038,2022-08-10,3,32,8,3,2022,,,,4,4,4
46044000000053034,46044000000052475,46044000000053040,2022-04-01,5,13,4,2,2022,,,,5,5,5
46044000000052017,46044000000053544,46044000000053039,2023-07-26,3,30,7,3,2023,,,,5,5,5
46044000000057003,46044000000053607,46044000000058018,2022-08-26,5,34,8,3,2022,,,,4,4,4
46044000000056013,46044000000052545,46044000000058018,2025-05-04,0,18,5,2,2025,,,,5,5,5
46044000000052018,46044000000053524,46044000000053038,2024-12-19,4,51,12,4,2024,,,,5,5,5
46044000000055007,46044000000053547,46044000000058018,2025-09-22,1,39,9,3,2025,,,,5,5,5
46044000000054016,46044000000053595,46044000000055011,2023-07-24,1,30,7,3,2023,,,,4,4,4
46044000000053034,46044000000054491,46044000000055011,2025-12-05,5,49,12,4,2025,,,,5,5,5
46044000000058013,46044000000052542,46044000000052021,2023-09-08,5,36,9,3,2023,,,,3,3,3
46044000000055008,46044000000052547,46044000000054027,2024-01-07,0,1,1,1,2024,,,,4,4,4
46044000000055006,46044000000052495,46044000000055011,2024-10-28,1,44,10,4,2024,,,,5,5,5
46044000000058014,46044000000054489,46044000000056021,2024-05-08,3,19,5,2,2024,,,,5,5,5
46044000000052018,46044000000052562,46044000000054027,2023-06-24,6,25,6,2,2023,,,,5,5,5
46044000000058015,46044000000052481,46044000000053038,2023-03-12,0,10,3,1,2023,,,,5,5,5
46044000000052018,46044000000052550,46044000000056022,2025-05-20,2,21,5,2,2025,,,,5,5,5
46044000000057004,46044000000053602,46044000000052021,2023-10-13,5,41,10,4,2023,,,,5,5,5
46044000000054017,46044000000052523,46044000000058018,2023-08-11,5,32,8,3,2023,,,,5,5,5
46044000000054017,46044000000052484,46044000000053038,2022-09-21,3,38,9,3,2022,,,,5,5,5
46044000000054016,46044000000054520,46044000000058017,2024-01-28,0,4,1,1,2024,,,,5,5,5
46044000000052017,46044000000053594,46044000000052021,2025-03-03,1,10,3,1,2025,,,,5,5,5
46044000000052018,46044000000052533,46044000000053038,2023-12-06,3,49,12,4,2023,,,,3,3,3
46044000000053034,46044000000052475,46044000000055011,2022-04-01,5,13,4,2,2022,,,,3,3,3
46044000000055007,46044000000052464,46044000000053039,2024-11-15,5,46,11,4,2024,,,,5,5,5
46044000000057003,46044000000052539,46044000000054027,2022-05-14,6,19,5,2,2022,,,,5,5,5
46044000000057005,46044000000054509,46044000000054027,2025-04-12,6,15,4,2,2025,,,,4,4,4
46044000000058011,46044000000053595,46044000000055012,2025-12-02,2,49,12,4,2025,,,,4,4,4
46044000000055007,46044000000053505,46044000000054027,2022-10-26,3,43,10,4,2022,,,,5,5,5
46044000000058015,46044000000052464,46044000000058018,2022-09-04,0,35,9,3,2022,,,,5,5,5
46044000000056017,46044000000053556,46044000000053038,2025-10-02,4,40,10,4,2025,,,,2,2,2
46044000000054016,46044000000054520,46044000000054027,2024-01-28,0,4,1,1,2024,,,,5,5,5
46044000000056015,46044000000052567,46044000000053040,2023-11-21,2,47,11,4,2023,,,,5,5,5
46044000000057006,46044000000054490,46044000000054027,2023-03-21,2,12,3,1,2023,,,,5,5,5
46044000000058015,46044000000052481,46044000000058017,2023-03-12,0,10,3,1,2023,,,,4,4,4
46044000000056016,46044000000052557,46044000000055011,2023-08-15,2,33,8,3,2023,,,,5,5,5
46044000000055008,46044000000052527,46044000000057008,2022-02-27,0,8,2,1,2022,,,,3,3,3
46044000000058011,46044000000053595,46044000000058017,2025-12-02,2,49,12,4,2025,,,,5,5,5
46044000000053034,46044000000054517,46044000000054027,2025-11-01,6,44,11,4,2025,,,,4,4,4
46044000000057004,46044000000053538,46044000000058017,2024-02-24,6,8,2,1,2024,,,,4,4,4
46044000000057003,46044000000053607,46044000000055011,2022-08-26,5,34,8,3,2022,,,,3,3,3
46044000000058011,46044000000054501,46044000000054027,2023-02-27,1,9,2,1,2023,,,,4,4,4
46044000000054016,46044000000053595,46044000000053040,2023-07-24,1,30,7,3,2023,,,,3,3,3
46044000000056017,46044000000052528,46044000000055012,2024-05-23,4,21,5,2,2024,,,,4,4,4
46044000000052017,46044000000052484,46044000000052021,2023-12-03,0,48,12,4,2023,,,,5,5,5
46044000000052014,46044000000052504,46044000000053038,2022-09-26,1,39,9,3,2022,,,,4,4,4
46044000000058014,46044000000052532,46044000000055011,2024-08-03,6,31,8,3,2024,,,,5,5,5
46044000000055007,46044000000052536,46044000000055012,2022-08-10,3,32,8,3,2022,,,,5,5,5
46044000000058015,46044000000053559,46044000000057008,2023-09-10,0,36,9,3,2023,,,,5,5,5
46044000000058014,46044000000053494,46044000000058018,2024-02-05,1,6,2,1,2024,,,,5,5,5
46044000000057004,46044000000052564,46044000000052021,2024-12-18,3,51,12,4,2024,,,,4,4,4
46044000000057006,46044000000053530,46044000000055011,2024-06-03,1,23,6,2,2024,,,,5,5,5
46044000000058012,46044000000053541,46044000000054027,2025-02-27,4,9,2,1,2025,,,,3,3,3
46044000000055008,46044000000053567,46044000000053040,2024-09-10,2,37,9,3,2024,,,,5,5,5
46044000000053031,46044000000053582,46044000000054027,2024-07-23,2,30,7,3,2024,,,,5,5,5
46044000000057003,46044000000054517,46044000000052021,2025-02-16,0,7,2,1,2025,,,,3,3,3
46044000000054017,46044000000053616,46044000000056021,2024-08-17,6,33,8,3,2024,,,,5,5,5
46044000000056013,46044000000052447,46044000000057008,2025-08-22,5,34,8,3,2025,,,,5,5,5
46044000000058014,46044000000052549,46044000000058018,2022-08-12,5,32,8,3,2022,,,,4,4,4
46044000000055007,46044000000053600,46044000000056022,2025-04-18,5,16,4,2,2025,,,,4,4,4
46044000000054018,46044000000052538,46044000000056021,2025-12-06,6,49,12,4,2025,,,,13,13,13
46044000000058015,46044000000052449,46044000000055011,2023-05-05,5,18,5,2,2023,,,,3,3,3
46044000000052017,46044000000053594,46044000000055012,2025-03-03,1,10,3,1,2025,,,,4,4,4
46044000000053031,46044000000053515,46044000000053038,2023-09-07,4,36,9,3,2023,,,,4,4,4
46044000000056014,46044000000053586,46044000000056022,2025-12-24,3,52,12,4,2025,,,,5,5,5
46044000000052014,46044000000054514,46044000000052021,2025-04-02,3,14,4,2,2025,,,,5,5,5
46044000000055007,46044000000052514,46044000000056021,2022-04-14,4,15,4,2,2022,,,,5,5,5
46044000000056017,46044000000052577,46044000000056021,2023-03-13,1,11,3,1,2023,,,,3,3,3
46044000000058015,46044000000052500,46044000000054027,2022-01-22,6,3,1,1,2022,,,,5,5,5
46044000000052016,46044000000053552,46044000000053039,2024-07-06,6,27,7,3,2024,,,,4,4,4
46044000000055008,46044000000053522,46044000000055012,2025-12-09,2,50,12,4,2025,,,,3,3,3
46044000000056013,46044000000052513,46044000000058018,2022-12-12,1,50,12,4,2022,,,,5,5,5
46044000000058015,46044000000053535,46044000000056021,2024-07-03,3,27,7,3,2024,,,,3,3,3
46044000000058012,46044000000052535,46044000000053038,2022-08-27,6,34,8,3,2022,,,,5,5,5
46044000000056015,46044000000054511,46044000000054027,2022-10-25,2,43,10,4,2022,,,,5,5,5
46044000000053031,46044000000052476,46044000000057008,2022-12-28,3,52,12,4,2022,,,,5,5,5
46044000000055006,46044000000053561,46044000000054027,2023-04-13,4,15,4,2,2023,,,,3,3,3
46044000000053032,46044000000052482,46044000000057008,2024-10-24,4,43,10,4,2024,,,,3,3,3
46044000000058013,46044000000053616,46044000000052021,2022-06-19,0,24,6,2,2022,,,,4,4,4
46044000000057003,46044000000053538,46044000000056022,2025-11-19,3,47,11,4,2025,,,,8,8,8
46044000000056018,46044000000052479,46044000000052021,2022-02-11,5,6,2,1,2022,,,,8,8,8
46044000000055009,46044000000053509,46044000000054027,2025-09-03,3,36,9,3,2025,,,,10,10,10
46044000000056015,46044000000052519,46044000000056021,2025-10-11,6,41,10,4,2025,,,,10,10,10
46044000000052016,46044000000052464,46044000000055011,2024-03-04,1,10,3,1,2024,,,,8,8,8
46044000000055006,46044000000052509,46044000000055011,2024-12-02,1,49,12,4,2024,,,,9,9,9
46044000000057003,46044000000053591,46044000000053039,2022-04-01,5,13,4,2,2022,,,,9,9,9
46044000000057004,46044000000052493,46044000000058018,2025-01-07,2,2,1,1,2025,,,,10,10,10
46044000000056013,46044000000053532,46044000000056022,2024-02-03,6,5,2,1,2024,,,,8,8,8
46044000000056013,46044000000053532,46044000000056022,2024-04-21,0,16,4,2,2024,8,,,44.5,44.5,9
46044000000056013,46044000000052547,46044000000052021,2025-10-22,3,43,10,4,2025,,,,10,10,10
46044000000053033,46044000000053611,46044000000053040,2024-11-14,4,46,11,4,2024,,,,10,10,10
46044000000056017,46044000000052447,46044000000052021,2022-10-07,5,40,10,4,2022,,,,10,10,10
46044000000053033,46044000000052515,46044000000052021,2024-05-08,3,19,5,2,2024,,,,7,7,7
46044000000058015,46044000000053522,46044000000053039,2022-07-16,6,28,7,3,2022,,,,10,10,10
46044000000054016,46044000000052497,46044000000052021,2022-01-02,0,52,1,1,2022,,,,7,7,7
46044000000058015,46044000000053535,46044000000052021,2024-07-03,3,27,7,3,2024,,,,7,7,7
46044000000058015,46044000000053535,46044000000052021,2024-11-16,6,46,11,4,2024,7,,,363,363,26
46044000000058013,46044000000052456,46044000000058017,2023-01-19,4,3,1,1,2023,,,,10,10,10
46044000000056013,46044000000053532,46044000000058018,2024-04-21,0,16,4,2,2024,,,,10,10,10
46044000000056017,46044000000053535,46044000000054027,2023-12-14,4,50,12,4,2023,,,,8,8,8
46044000000054018,46044000000053523,46044000000056022,2025-06-01,0,22,6,2,2025,,,,10,10,10
46044000000053033,46044000000052516,46044000000053039,2025-01-19,0,3,1,1,2025,,,,9,9,9
46044000000056014,46044000000053572,46044000000053040,2024-08-25,0,34,8,3,2024,,,,10,10,10
46044000000056013,46044000000054512,46044000000054027,2023-09-24,0,38,9,3,2023,,,,8,8,8
46044000000055008,46044000000053595,46044000000054027,2022-03-18,5,11,3,1,2022,,,,7,7,7
46044000000055006,46044000000053549,46044000000054027,2022-09-17,6,37,9,3,2022,,,,10,10,10
46044000000058013,46044000000053557,46044000000058018,2024-08-11,0,32,8,3,2024,,,,10,10,10
46044000000057006,46044000000053562,46044000000057008,2024-07-08,1,28,7,3,2024,,,,10,10,10
46044000000053032,46044000000053502,46044000000057008,2025-07-23,3,30,7,3,2025,,,,9,9,9
46044000000056014,46044000000054516,46044000000058017,2024-01-18,4,3,1,1,2024,,,,10,10,10
46044000000056017,46044000000053576,46044000000058018,2022-08-13,6,32,8,3,2022,,,,8,8,8
46044000000052018,46044000000052550,46044000000056021,2025-05-20,2,21,5,2,2025,,,,10,10,10
46044000000057004,46044000000052564,46044000000058018,2024-12-18,3,51,12,4,2024,,,,10,10,10
46044000000057004,46044000000053593,46044000000057008,2023-06-07,3,23,6,2,2023,,,,9,9,9
46044000000056013,46044000000052496,46044000000057008,2023-11-04,6,44,11,4,2023,,,,9,9,9
46044000000056016,46044000000053546,46044000000054027,2023-08-16,3,33,8,3,2023,,,,6,6,6
46044000000055008,46044000000054506,46044000000058018,2024-04-13,6,15,4,2,2024,,,,10,10,10
46044000000058013,46044000000054500,46044000000057008,2023-02-21,2,8,2,1,2023,,,,9,9,9
46044000000055008,46044000000052499,46044000000057008,2022-08-06,6,31,8,3,2022,,,,8,8,8
46044000000057004,46044000000053544,46044000000055012,2023-06-14,3,24,6,2,2023,,,,7,7,7
46044000000054017,46044000000052571,46044000000055011,2025-11-04,2,45,11,4,2025,,,,10,10,10
46044000000053033,46044000000052461,46044000000053038,2024-09-15,0,37,9,3,2024,,,,7,7,7
46044000000058015,46044000000052443,46044000000057008,2025-11-04,2,45,11,4,2025,,,,8,8,8
46044000000058013,46044000000053537,46044000000053039,2025-05-27,2,22,5,2,2025,,,,10,10,10
46044000000055006,46044000000052555,46044000000058018,2025-06-25,3,26,6,2,2025,,,,9,9,9
46044000000054016,46044000000052552,46044000000054027,2024-04-17,3,16,4,2,2024,,,,10,10,10
46044000000054018,46044000000053617,46044000000057008,2025-10-23,4,43,10,4,2025,,,,10,10,10
46044000000058015,46044000000052541,46044000000056022,2022-08-21,0,33,8,3,2022,,,,9,9,9
46044000000052014,46044000000053580,46044000000052021,2023-11-28,2,48,11,4,2023,,,,7,7,7
46044000000055008,46044000000052525,46044000000056021,2024-07-22,1,30,7,3,2024,,,,9,9,9
46044000000056013,46044000000053558,46044000000054027,2023-08-13,0,32,8,3,2023,,,,8,8,8
46044000000055008,46044000000052531,46044000000052021,2024-04-17,3,16,4,2,2024,,,,7,7,7
46044000000056017,46044000000053562,46044000000053040,2023-07-28,5,30,7,3,2023,,,,10,10,10
46044000000058014,46044000000053492,46044000000053040,2024-12-22,0,51,12,4,2024,,,,7,7,7
46044000000053031,46044000000053592,46044000000056021,2022-11-11,5,45,11,4,2022,,,,10,10,10
46044000000053033,46044000000053506,46044000000058018,2022-10-18,2,42,10,4,2022,,,,10,10,10
46044000000057004,46044000000054518,46044000000055011,2025-08-17,0,33,8,3,2025,,,,8,8,8
46044000000053031,46044000000052544,46044000000058018,2025-09-01,1,36,9,3,2025,,,,9,9,9
46044000000052017,46044000000052520,46044000000053040,2022-04-06,3,14,4,2,2022,,,,9,9,9
46044000000058012,46044000000054493,46044000000056022,2024-05-08,3,19,5,2,2024,,,,7,7,7
46044000000053033,46044000000054514,46044000000055012,2025-03-28,5,13,3,1,2025,,,,8,8,8
46044000000052018,46044000000054495,46044000000052021,2023-12-25,1,52,12,4,2023,,,,10,10,10
46044000000055006,46044000000052467,46044000000052021,2024-05-14,2,20,5,2,2024,,,,8,8,8
46044000000054018,46044000000053554,46044000000055011,2024-01-12,5,2,1,1,2024,,,,9,9,9
46044000000052014,46044000000054495,46044000000056022,2025-02-27,4,9,2,1,2025,,,,9,9,9
46044000000056018,46044000000052469,46044000000055011,2024-09-23,1,39,9,3,2024,,,,10,10,10
46044000000052017,46044000000052572,46044000000056022,2025-05-01,4,18,5,2,2025,,,,10,10,10
46044000000053031,46044000000053592,46044000000053039,2022-11-11,5,45,11,4,2022,,,,10,10,10
46044000000056014,46044000000053600,46044000000056022,2024-08-02,5,31,8,3,2024,,,,10,10,10
46044000000053033,46044000000053568,46044000000054027,2024-07-04,4,27,7,3,2024,,,,10,10,10
46044000000057003,46044000000052454,46044000000053040,2022-06-24,5,25,6,2,2022,,,,8,8,8
46044000000052018,46044000000053493,46044000000055011,2022-12-22,4,51,12,4,2022,,,,10,10,10
46044000000057006,46044000000052494,46044000000053038,2022-08-10,3,32,8,3,2022,,,,7,7,7
46044000000055007,46044000000053590,46044000000053038,2023-03-09,4,10,3,1,2023,,,,8,8,8
46044000000052014,46044000000053504,46044000000053040,2025-10-07,2,41,10,4,2025,,,,9,9,9
46044000000055009,46044000000052521,46044000000054027,2025-08-24,0,34,8,3,2025,,,,9,9,9
46044000000055009,46044000000054493,46044000000054027,2025-03-19,3,12,3,1,2025,,,,8,8,8
46044000000053034,46044000000052466,46044000000056021,2022-04-01,5,13,4,2,2022,,,,7,7,7
46044000000057003,46044000000053613,46044000000058018,2025-12-25,4,52,12,4,2025,,,,8,8,8
46044000000058011,46044000000052509,46044000000055011,2025-04-14,1,16,4,2,2025,,,,7,7,7
46044000000055007,46044000000053509,46044000000055012,2023-02-19,0,7,2,1,2023,,,,7,7,7
46044000000054016,46044000000053603,46044000000053039,2024-12-21,6,51,12,4,2024,,,,6,6,6
46044000000052018,46044000000053554,46044000000055012,2023-08-10,4,32,8,3,2023,,,,25,25,25
46044000000058011,46044000000053504,46044000000053040,2024-10-16,3,42,10,4,2024,,,,41,41,41
46044000000057004,46044000000052461,46044000000055012,2022-12-17,6,50,12,4,2022,,,,29,29,29
46044000000054018,46044000000052511,46044000000052021,2022-05-01,0,17,5,2,2022,,,,15,15,15
46044000000058013,46044000000052490,46044000000058017,2022-08-19,5,33,8,3,2022,,,,19,19,19
46044000000053034,46044000000053582,46044000000055012,2023-09-06,3,36,9,3,2023,,,,41,41,41
46044000000058014,46044000000052568,46044000000058017,2025-11-04,2,45,11,4,2025,,,,36,36,36
46044000000054018,46044000000053498,46044000000053040,2023-06-10,6,23,6,2,2023,,,,48,48,48
46044000000055009,46044000000053580,46044000000056021,2022-12-05,1,49,12,4,2022,,,,20,20,20
46044000000058015,46044000000053493,46044000000055012,2022-03-25,5,12,3,1,2022,,,,39,39,39
46044000000058015,46044000000053562,46044000000056022,2025-07-20,0,29,7,3,2025,,,,36,36,36
46044000000058011,46044000000053604,46044000000055012,2025-04-10,4,15,4,2,2025,,,,26,26,26
46044000000052017,46044000000052509,46044000000058017,2024-05-17,5,20,5,2,2024,,,,27,27,27
46044000000056015,46044000000053527,46044000000053039,2024-07-19,5,29,7,3,2024,,,,28,28,28
46044000000054017,46044000000052567,46044000000053038,2022-01-21,5,3,1,1,2022,,,,32,32,32
46044000000052017,46044000000052549,46044000000057008,2023-12-06,3,49,12,4,2023,,,,36,36,36
46044000000057005,46044000000052497,46044000000052021,2025-03-11,2,11,3,1,2025,,,,39,39,39
46044000000055006,46044000000053509,46044000000053039,2025-03-20,4,12,3,1,2025,,,,21,21,21
46044000000055009,46044000000052497,46044000000056021,2023-07-09,0,27,7,3,2023,,,,42,42,42
46044000000058015,46044000000053531,46044000000056021,2024-10-05,6,40,10,4,2024,,,,30,30,30
46044000000053033,46044000000052496,46044000000053039,2023-07-21,5,29,7,3,2023,,,,27,27,27
46044000000058012,46044000000053500,46044000000054027,2023-09-05,2,36,9,3,2023,,,,36,36,36
46044000000054016,46044000000054499,46044000000055012,2023-01-03,2,1,1,1,2023,,,,22,22,22
46044000000052017,46044000000053544,46044000000053038,2023-07-26,3,30,7,3,2023,,,,16,16,16
46044000000052017,46044000000053544,46044000000053038,2023-10-15,0,41,10,4,2023,16,,,816,816,32
46044000000054015,46044000000053527,46044000000054027,2024-08-15,4,33,8,3,2024,,,,26,26,26
46044000000054016,46044000000053513,46044000000053040,2023-03-10,5,10,3,1,2023,,,,37,37,37
46044000000052017,46044000000052550,46044000000053039,2022-02-02,3,5,2,1,2022,,,,22,22,22
46044000000055006,46044000000052555,46044000000056021,2022-01-23,0,3,1,1,2022,,,,29,29,29
46044000000058012,46044000000054516,46044000000054027,2022-07-04,1,27,7,3,2022,,,,32,32,32
46044000000056013,46044000000053567,46044000000052021,2023-08-23,3,34,8,3,2023,,,,42,42,42
46044000000058011,46044000000054501,46044000000053039,2023-02-27,1,9,2,1,2023,,,,27,27,27
46044000000058012,46044000000053553,46044000000056021,2025-03-05,3,10,3,1,2025,,,,38,38,38
46044000000052016,46044000000053507,46044000000056021,2023-09-01,5,35,9,3,2023,,,,20,20,20
46044000000055008,46044000000053587,46044000000056021,2025-03-07,5,10,3,1,2025,,,,9,9,9
46044000000055008,46044000000053587,46044000000056021,2025-07-21,1,30,7,3,2025,9,,,457.5,457.5,15
46044000000056013,46044000000052466,46044000000055012,2022-08-15,1,33,8,3,2022,,,,15,15,15
46044000000057005,46044000000053577,46044000000056021,2022-09-10,6,36,9,3,2022,,,,25,25,25
46044000000058011,46044000000052561,46044000000054027,2025-11-22,6,47,11,4,2025,,,,40,40,40
46044000000055008,46044000000053584,46044000000052021,2022-05-13,5,19,5,2,2022,,,,22,22,22
46044000000053033,46044000000052457,46044000000055012,2025-10-12,0,41,10,4,2025,,,,19,19,19
46044000000057006,46044000000054485,46044000000052021,2024-02-20,2,8,2,1,2024,,,,14,14,14
46044000000054017,46044000000052534,46044000000053040,2024-07-22,1,30,7,3,2024,,,,19,19,19
46044000000054016,46044000000052546,46044000000056022,2022-07-03,0,26,7,3,2022,,,,18,18,18
46044000000058015,46044000000053519,46044000000053039,2025-04-25,5,17,4,2,2025,,,,26,26,26
46044000000052014,46044000000053508,46044000000056021,2023-08-03,4,31,8,3,2023,,,,23,23,23
46044000000052017,46044000000052548,46044000000053040,2025-04-05,6,14,4,2,2025,,,,27,27,27
46044000000056016,46044000000052507,46044000000056021,2023-01-25,3,4,1,1,2023,,,,19,19,19
46044000000054018,46044000000052563,46044000000054027,2023-08-14,1,33,8,3,2023,,,,43,43,43
46044000000057005,46044000000052451,46044000000056021,2025-10-04,6,40,10,4,2025,,,,75,75,75
46044000000057005,46044000000054495,46044000000057008,2025-10-27,1,44,10,4,2025,,,,100,100,100
46044000000056015,46044000000053500,46044000000056022,2022-01-18,2,3,1,1,2022,,,,58,58,58
46044000000052016,46044000000052459,46044000000055012,2025-12-02,2,49,12,4,2025,,,,77,77,77
46044000000053032,46044000000052499,46044000000055012,2024-07-12,5,28,7,3,2024,,,,24,24,24
46044000000054016,46044000000052468,46044000000053040,2025-04-22,2,17,4,2,2025,,,,33,33,33
46044000000056013,46044000000053505,46044000000057008,2023-05-03,3,18,5,2,2023,,,,15,15,15
46044000000057005,46044000000053560,46044000000054027,2025-07-02,3,27,7,3,2025,,,,23,23,23
46044000000055008,46044000000052482,46044000000056021,2024-11-14,4,46,11,4,2024,,,,18,18,18
46044000000055008,46044000000052531,46044000000057008,2024-04-17,3,16,4,2,2024,,,,21,21,21
46044000000056017,46044000000052510,46044000000054027,2023-01-15,0,2,1,1,2023,,,,42,42,42
46044000000054017,46044000000053564,46044000000053040,2022-01-07,5,1,1,1,2022,,,,24,24,24
46044000000055009,46044000000052544,46044000000057008,2024-12-19,4,51,12,4,2024,,,,12,12,12
46044000000058015,46044000000053612,46044000000056022,2025-09-02,2,36,9,3,2025,,,,13,13,13
46044000000057005,46044000000052503,46044000000057008,2022-04-17,0,15,4,2,2022,,,,49,49,49
46044000000054015,46044000000053616,46044000000052021,2025-10-22,3,43,10,4,2025,,,,15,15,15
46044000000056014,46044000000052529,46044000000055011,2023-11-14,2,46,11,4,2023,,,,26,26,26
46044000000054017,46044000000052443,46044000000052021,2024-06-26,3,26,6,2,2024,,,,23,23,23
46044000000058013,46044000000052517,46044000000058018,2022-08-04,4,31,8,3,2022,,,,9,9,9
46044000000056014,46044000000052482,46044000000055011,2024-06-08,6,23,6,2,2024,,,,8,8,8
46044000000056014,46044000000052508,46044000000058017,2025-03-16,0,11,3,1,2025,,,,8,8,8
46044000000052016,46044000000054492,46044000000058017,2025-06-05,4,23,6,2,2025,,,,10,10,10
46044000000052018,46044000000052526,46044000000056021,2024-07-09,2,28,7,3,2024,,,,10,10,10
46044000000057003,46044000000053581,46044000000056021,2024-01-18,4,3,1,1,2024,,,,10,10,10
46044000000056013,46044000000052465,46044000000056021,2022-03-14,1,11,3,1,2022,,,,9,9,9
46044000000053034,46044000000054509,46044000000058018,2024-09-04,3,36,9,3,2024,,,,9,9,9
46044000000052016,46044000000053581,46044000000053040,2024-08-17,6,33,8,3,2024,,,,9,9,9
46044000000055007,46044000000054491,46044000000055011,2023-08-16,3,33,8,3,2023,,,,8,8,8
46044000000052014,46044000000053525,46044000000053040,2022-12-12,1,50,12,4,2022,,,,7,7,7
46044000000052014,46044000000053551,46044000000055011,2022-02-28,1,9,2,1,2022,,,,10,10,10
46044000000052016,46044000000052470,46044000000055012,2025-10-27,1,44,10,4,2025,,,,10,10,10
46044000000055007,46044000000054506,46044000000056022,2025-07-02,3,27,7,3,2025,,,,8,8,8
46044000000058014,46044000000053570,46044000000057008,2022-02-03,4,5,2,1,2022,,,,10,10,10
46044000000058013,46044000000052457,46044000000054027,2022-05-10,2,19,5,2,2022,,,,10,10,10
46044000000054016,46044000000052443,46044000000058017,2023-02-05,0,5,2,1,2023,,,,10,10,10
46044000000057004,46044000000052563,46044000000058017,2023-12-27,3,52,12,4,2023,,,,8,8,8
46044000000052017,46044000000052484,46044000000058018,2024-03-16,6,11,3,1,2024,,,,10,10,10
46044000000054015,46044000000052561,46044000000055012,2024-06-26,3,26,6,2,2024,,,,10,10,10
46044000000058015,46044000000052522,46044000000055012,2025-05-15,4,20,5,2,2025,,,,9,9,9
46044000000058011,46044000000053523,46044000000058017,2025-02-15,6,7,2,1,2025,,,,10,10,10
46044000000058014,46044000000053588,46044000000054027,2023-02-17,5,7,2,1,2023,,,,7,7,7
46044000000056015,46044000000052519,46044000000055012,2025-10-11,6,41,10,4,2025,,,,10,10,10
46044000000056017,46044000000053576,46044000000056021,2022-08-13,6,32,8,3,2022,,,,10,10,10
46044000000058011,46044000000053585,46044000000057008,2022-02-02,3,5,2,1,2022,,,,9,9,9
46044000000054018,46044000000052514,46044000000054027,2022-10-01,6,39,10,4,2022,,,,8,8,8
46044000000058013,46044000000052465,46044000000055011,2025-03-09,0,10,3,1,2025,,,,10,10,10
46044000000057005,46044000000052451,46044000000058018,2025-10-04,6,40,10,4,2025,,,,7,7,7
46044000000058013,46044000000054520,46044000000056021,2025-10-25,6,43,10,4,2025,,,,10,10,10
46044000000057006,46044000000053497,46044000000056022,2022-09-13,2,37,9,3,2022,,,,9,9,9
46044000000055009,46044000000052448,46044000000055011,2024-09-09,1,37,9,3,2024,,,,7,7,7
46044000000058013,46044000000052517,46044000000058017,2022-08-04,4,31,8,3,2022,,,,10,10,10
46044000000053032,46044000000053526,46044000000057008,2023-09-25,1,39,9,3,2023,,,,10,10,10
46044000000053032,46044000000053593,46044000000055012,2025-04-23,3,17,4,2,2025,,,,9,9,9
46044000000056018,46044000000052506,46044000000053039,2024-07-08,1,28,7,3,2024,,,,9,9,9
46044000000053031,46044000000052540,46044000000055012,2023-11-04,6,44,11,4,2023,,,,10,10,10
46044000000056013,46044000000052496,46044000000053040,2023-11-04,6,44,11,4,2023,,,,10,10,10
46044000000056014,46044000000053534,46044000000056022,2023-03-14,2,11,3,1,2023,,,,10,10,10
46044000000055006,46044000000052519,46044000000053039,2022-03-15,2,11,3,1,2022,,,,10,10,10
46044000000058014,46044000000053513,46044000000053040,2025-04-07,1,15,4,2,2025,,,,10,10,10
46044000000056016,46044000000052529,46044000000056021,2023-01-04,3,1,1,1,2023,,,,10,10,10
46044000000053031,46044000000052465,46044000000058017,2023-03-16,4,11,3,1,2023,,,,10,10,10
46044000000052014,46044000000053575,46044000000056022,2024-06-21,5,25,6,2,2024,,,,10,10,10
46044000000057003,46044000000053581,46044000000057008,2024-12-16,1,51,12,4,2024,,,,8,8,8
46044000000052018,46044000000052526,46044000000054027,2023-08-08,2,32,8,3,2023,,,,9,9,9
46044000000057006,46044000000052471,46044000000056021,2022-02-04,5,5,2,1,2022,,,,9,9,9
46044000000055007,46044000000052528,46044000000055012,2023-12-17,0,50,12,4,2023,,,,9,9,9
46044000000052016,46044000000052463,46044000000053040,2023-02-17,5,7,2,1,2023,,,,10,10,10
46044000000054015,46044000000053515,46044000000055012,2025-06-07,6,23,6,2,2025,,,,10,10,10
46044000000056014,46044000000053607,46044000000058017,2024-08-26,1,35,8,3,2024,,,,24,24,24
46044000000052014,46044000000053525,46044000000058017,2022-12-12,1,50,12,4,2022,,,,16,16,16
46044000000052017,46044000000053501,46044000000053039,2024-03-17,0,11,3,1,2024,,,,29,29,29
46044000000056015,46044000000053529,46044000000057008,2024-02-15,4,7,2,1,2024,,,,30,30,30
46044000000052014,46044000000054519,46044000000052021,2023-09-17,0,37,9,3,2023,,,,36,36,36
46044000000056017,46044000000053611,46044000000053039,2025-12-20,6,51,12,4,2025,,,,15,15,15
46044000000056016,46044000000052557,46044000000053040,2023-08-15,2,33,8,3,2023,,,,13,13,13
46044000000054017,46044000000052545,46044000000052021,2023-02-04,6,5,2,1,2023,,,,41,41,41
46044000000055008,46044000000052493,46044000000056021,2025-09-11,4,37,9,3,2025,,,,44,44,44
46044000000053032,46044000000053602,46044000000056022,2025-09-24,3,39,9,3,2025,,,,23,23,23
46044000000056016,46044000000052507,46044000000058018,2023-01-25,3,4,1,1,2023,,,,28,28,28
46044000000056016,46044000000052507,46044000000058018,2023-11-23,4,47,11,4,2023,28,,,1415.5,1415.5,31
46044000000056016,46044000000052509,46044000000057008,2022-07-23,6,29,7,3,2022,,,,15,15,15
46044000000052014,46044000000053563,46044000000058018,2025-05-21,3,21,5,2,2025,,,,27,27,27
46044000000058014,46044000000053514,46044000000054027,2025-12-26,5,52,12,4,2025,,,,45,45,45
46044000000055008,46044000000052527,46044000000053038,2022-02-27,0,8,2,1,2022,,,,41,41,41
46044000000053031,46044000000054509,46044000000055011,2022-11-10,4,45,11,4,2022,,,,42,42,42
46044000000058014,46044000000053503,46044000000056021,2023-02-28,2,9,2,1,2023,,,,42,42,42
46044000000057004,46044000000052450,46044000000054027,2024-11-01,5,44,11,4,2024,,,,31,31,31
46044000000058012,46044000000052529,46044000000053038,2022-11-21,1,47,11,4,2022,,,,42,42,42
46044000000055008,46044000000053563,46044000000055011,2024-12-25,3,52,12,4,2024,,,,15,15,15
46044000000053032,46044000000052460,46044000000058017,2023-09-17,0,37,9,3,2023,,,,49,49,49
46044000000052014,46044000000052501,46044000000058017,2023-11-23,4,47,11,4,2023,,,,17,17,17
46044000000058014,46044000000054517,46044000000056021,2024-04-04,4,14,4,2,2024,,,,13,13,13
46044000000057003,46044000000053584,46044000000058018,2023-01-08,0,1,1,1,2023,,,,25,25,25
46044000000053034,46044000000052558,46044000000052021,2022-11-06,0,44,11,4,2022,,,,41,41,41
46044000000053034,46044000000052493,46044000000055012,2025-12-02,2,49,12,4,2025,,,,40,40,40
46044000000054015,46044000000054488,46044000000056021,2024-02-08,4,6,2,1,2024,,,,16,16,16
46044000000052017,46044000000052575,46044000000054027,2022-04-02,6,13,4,2,2022,,,,37,37,37
46044000000054018,46044000000052490,46044000000056022,2025-09-18,4,38,9,3,2025,,,,27,27,27
46044000000058015,46044000000052494,46044000000057008,2024-04-19,5,16,4,2,2024,,,,13,13,13
46044000000053033,46044000000052502,46044000000052021,2023-12-28,4,52,12,4,2023,,,,15,15,15
46044000000058015,46044000000052456,46044000000054027,2023-09-19,2,38,9,3,2023,,,,15,15,15
46044000000058013,46044000000053557,46044000000056021,2025-05-26,1,22,5,2,2025,,,,24,24,24
46044000000056015,46044000000053617,46044000000056021,2022-05-18,3,20,5,2,2022,,,,38,38,38
46044000000056013,46044000000052497,46044000000055012,2024-07-22,1,30,7,3,2024,,,,27,27,27
46044000000055009,46044000000053576,46044000000053040,2023-09-24,0,38,9,3,2023,,,,15,15,15
46044000000056013,46044000000053562,46044000000058017,2023-08-04,5,31,8,3,2023,,,,18,18,18
46044000000053032,46044000000053563,46044000000058017,2024-05-25,6,21,5,2,2024,,,,30,30,30
46044000000053033,46044000000054507,46044000000058017,2023-06-21,3,25,6,2,2023,,,,25,25,25
46044000000054018,46044000000052495,46044000000055012,2025-06-13,5,24,6,2,2025,,,,50,50,50
46044000000056018,46044000000052567,46044000000053038,2025-10-04,6,40,10,4,2025,,,,29,29,29
46044000000055006,46044000000053524,46044000000058017,2024-02-27,2,9,2,1,2024,,,,32,32,32
46044000000052016,46044000000053589,46044000000053040,2023-03-09,4,10,3,1,2023,,,,32,32,32
46044000000055008,46044000000052498,46044000000053039,2025-07-27,0,30,7,3,2025,,,,34,34,34
46044000000053032,46044000000053543,46044000000055012,2025-10-05,0,40,10,4,2025,,,,47,47,47
46044000000052014,46044000000053611,46044000000053039,2025-07-14,1,29,7,3,2025,,,,15,15,15
46044000000058014,46044000000052471,46044000000058018,2022-04-04,1,14,4,2,2022,,,,15,15,15
46044000000053031,46044000000053556,46044000000058018,2022-07-11,1,28,7,3,2022,,,,14,14,14
46044000000055007,46044000000052558,46044000000056022,2024-07-20,6,29,7,3,2024,,,,32,32,32
46044000000052016,46044000000052471,46044000000056021,2022-06-03,5,22,6,2,2022,,,,35,35,35
46044000000054018,46044000000053616,46044000000056022,2024-05-06,1,19,5,2,2024,,,,31,31,31
46044000000055008,46044000000052499,46044000000053039,2022-08-06,6,31,8,3,2022,,,,21,21,21
46044000000054018,46044000000054490,46044000000056021,2022-06-22,3,25,6,2,2022,,,,30,30,30
46044000000058015,46044000000052543,46044000000058018,2022-04-02,6,13,4,2,2022,,,,50,50,50
46044000000058014,46044000000052547,46044000000058017,2022-11-20,0,46,11,4,2022,,,,39,39,39
46044000000058011,46044000000052566,46044000000053038,2024-11-21,4,47,11,4,2024,,,,45,45,45
46044000000056017,46044000000052564,46044000000058017,2025-04-15,2,16,4,2,2025,,,,23,23,23
46044000000054018,46044000000053581,46044000000053039,2024-02-12,1,7,2,1,2024,,,,18,18,18
46044000000052017,46044000000052563,46044000000056021,2025-08-01,5,31,8,3,2025,,,,17,17,17
46044000000053034,46044000000053580,46044000000058017,2023-02-25,6,8,2,1,2023,,,,46,46,46
46044000000054017,46044000000053497,46044000000053039,2023-08-20,0,33,8,3,2023,,,,32,32,32
46044000000056013,46044000000052568,46044000000053038,2023-09-19,2,38,9,3,2023,,,,34,34,34
46044000000058013,46044000000053607,46044000000055012,2024-03-25,1,13,3,1,2024,,,,22,22,22
46044000000055009,46044000000053590,46044000000055011,2025-02-28,5,9,2,1,2025,,,,14,14,14
46044000000052016,46044000000052459,46044000000058018,2025-12-02,2,49,12,4,2025,,,,18,18,18
46044000000058013,46044000000052510,46044000000056021,2022-07-25,1,30,7,3,2022,,,,18,18,18
46044000000058011,46044000000053587,46044000000055012,2024-12-23,1,52,12,4,2024,,,,24,24,24
46044000000056015,46044000000053607,46044000000055012,2025-08-06,3,32,8,3,2025,,,,28,28,28
46044000000056014,46044000000053603,46044000000056021,2025-05-04,0,18,5,2,2025,,,,21,21,21
46044000000057006,46044000000052547,46044000000055011,2025-09-28,0,39,9,3,2025,,,,29,29,29
46044000000056017,46044000000052467,46044000000056022,2022-04-13,3,15,4,2,2022,,,,27,27,27
46044000000056013,46044000000052486,46044000000058017,2023-07-15,6,28,7,3,2023,,,,27,27,27
46044000000056013,46044000000054518,46044000000056021,2025-09-21,0,38,9,3,2025,,,,27,27,27
46044000000056018,46044000000052561,46044000000056022,2024-02-24,6,8,2,1,2024,,,,27,27,27
46044000000058011,46044000000054514,46044000000054027,2025-10-13,1,42,10,4,2025,,,,33,33,33
46044000000053031,46044000000054501,46044000000058018,2024-08-14,3,33,8,3,2024,,,,38,38,38
46044000000055009,46044000000052568,46044000000058017,2024-01-02,2,1,1,1,2024,,,,24,24,24
46044000000054015,46044000000053503,46044000000053040,2024-07-10,3,28,7,3,2024,,,,17,17,17
46044000000056017,46044000000054520,46044000000056021,2023-09-27,3,39,9,3,2023,,,,39,39,39
46044000000055008,46044000000053563,46044000000053038,2024-12-25,3,52,12,4,2024,,,,23,23,23
46044000000058012,46044000000052546,46044000000052021,2022-03-27,0,12,3,1,2022,,,,35,35,35
46044000000054018,46044000000052482,46044000000055012,2023-03-18,6,11,3,1,2023,,,,29,29,29
46044000000053032,46044000000052536,46044000000055012,2022-06-11,6,23,6,2,2022,,,,26,26,26
46044000000056015,46044000000052489,46044000000052021,2023-06-14,3,24,6,2,2023,,,,30,30,30
46044000000053032,46044000000053523,46044000000056021,2022-04-08,5,14,4,2,2022,,,,21,21,21
46044000000054018,46044000000053517,46044000000057008,2022-02-12,6,6,2,1,2022,,,,33,33,33
46044000000052017,46044000000053576,46044000000058017,2022-06-07,2,23,6,2,2022,,,,16,16,16
46044000000052016,46044000000052518,46044000000052021,2022-08-21,0,33,8,3,2022,,,,37,37,37
46044000000056014,46044000000054513,46044000000052021,2025-12-15,1,51,12,4,2025,,,,18,18,18
46044000000057003,46044000000052518,46044000000056022,2025-10-26,0,43,10,4,2025,,,,30,30,30
46044000000052014,46044000000052531,46044000000055011,2025-06-04,3,23,6,2,2025,,,,39,39,39
46044000000055007,46044000000053555,46044000000058017,2022-12-02,5,48,12,4,2022,,,,21,21,21
46044000000055007,46044000000053555,46044000000058017,2023-08-01,2,31,8,3,2023,21,,,1060.5,1060.5,21
46044000000052016,46044000000053506,46044000000053038,2025-10-06,1,41,10,4,2025,,,,37,37,37
46044000000056017,46044000000052521,46044000000058018,2022-03-26,6,12,3,1,2022,,,,32,32,32
46044000000056014,46044000000054488,46044000000054027,2024-09-21,6,38,9,3,2024,,,,21,21,21
46044000000055009,46044000000053493,46044000000057008,2022-07-05,2,27,7,3,2022,,,,33,33,33
46044000000055009,46044000000053493,46044000000052021,2022-07-05,2,27,7,3,2022,,,,50,50,50
46044000000054016,46044000000053519,46044000000055011,2023-02-10,5,6,2,1,2023,,,,46,46,46
46044000000052014,46044000000052491,46044000000058017,2024-02-16,5,7,2,1,2024,,,,42,42,42
46044000000056018,46044000000052515,46044000000054027,2025-01-23,4,4,1,1,2025,,,,27,27,27
46044000000054017,46044000000054497,46044000000058017,2024-06-07,5,23,6,2,2024,,,,33,33,33
46044000000053032,46044000000053615,46044000000052021,2022-08-23,2,34,8,3,2022,,,,21,21,21
46044000000053031,46044000000052513,46044000000055011,2023-11-19,0,46,11,4,2023,,,,19,19,19
46044000000055007,46044000000052542,46044000000057008,2024-05-11,6,19,5,2,2024,,,,40,40,40
46044000000055008,46044000000053515,46044000000057008,2025-03-21,5,12,3,1,2025,,,,15,15,15
46044000000055007,46044000000053521,46044000000053039,2022-07-08,5,27,7,3,2022,,,,37,37,37
46044000000057005,46044000000052521,46044000000058017,2022-04-18,1,16,4,2,2022,,,,15,15,15
46044000000054016,46044000000052495,46044000000053038,2022-11-08,2,45,11,4,2022,,,,44,44,44
46044000000057004,46044000000052452,46044000000055011,2024-07-17,3,29,7,3,2024,,,,20,20,20
46044000000054015,46044000000053594,46044000000052021,2022-12-17,6,50,12,4,2022,,,,31,31,31
46044000000058012,46044000000052498,46044000000053038,2023-05-17,3,20,5,2,2023,,,,14,14,14
46044000000055007,46044000000052454,46044000000054027,2025-01-01,3,1,1,1,2025,,,,17,17,17
46044000000053031,46044000000053607,46044000000053039,2022-09-19,1,38,9,3,2022,,,,31,31,31
46044000000055007,46044000000054513,46044000000053039,2022-02-03,4,5,2,1,2022,,,,19,19,19
46044000000056013,46044000000053617,46044000000055011,2022-09-12,1,37,9,3,2022,,,,38,38,38
46044000000054015,46044000000052573,46044000000056022,2022-12-01,4,48,12,4,2022,,,,39,39,39
46044000000058012,46044000000052535,46044000000058018,2022-08-27,6,34,8,3,2022,,,,31,31,31
46044000000054017,46044000000053616,46044000000053039,2024-08-17,6,33,8,3,2024,,,,49,49,49
46044000000054018,46044000000052455,46044000000054027,2025-05-05,1,19,5,2,2025,,,,20,20,20
46044000000058011,46044000000053584,46044000000054027,2024-03-25,1,13,3,1,2024,,,,46,46,46
46044000000058013,46044000000053547,46044000000056021,2024-07-23,2,30,7,3,2024,,,,34,34,34
46044000000057006,46044000000052494,46044000000053039,2022-08-10,3,32,8,3,2022,,,,31,31,31
46044000000056016,46044000000053579,46044000000053038,2022-06-26,0,25,6,2,2022,,,,16,16,16
46044000000056016,46044000000053521,46044000000058017,2023-04-07,5,14,4,2,2023,,,,49,49,49
46044000000058015,46044000000052526,46044000000052021,2022-07-18,1,29,7,3,2022,,,,44,44,44
46044000000058011,46044000000052543,46044000000053040,2023-08-27,0,34,8,3,2023,,,,20,20,20
46044000000055008,46044000000053551,46044000000055012,2025-07-22,2,30,7,3,2025,,,,22,22,22
46044000000055008,46044000000054506,46044000000053039,2024-04-13,6,15,4,2,2024,,,,18,18,18
46044000000056016,46044000000052467,46044000000056022,2023-11-26,0,47,11,4,2023,,,,21,21,21
46044000000052018,46044000000052450,46044000000058017,2023-07-23,0,29,7,3,2023,,,,40,40,40
46044000000055009,46044000000054485,46044000000056021,2025-08-17,0,33,8,3,2025,,,,41,41,41
46044000000056016,46044000000053573,46044000000054027,2023-02-18,6,7,2,1,2023,,,,26,26,26
46044000000056018,46044000000052573,46044000000056021,2023-04-18,2,16,4,2,2023,,,,21,21,21
46044000000055008,46044000000054492,46044000000052021,2022-08-05,5,31,8,3,2022,,,,16,16,16
46044000000058015,46044000000053559,46044000000058018,2023-09-10,0,36,9,3,2023,,,,26,26,26
46044000000056014,46044000000052450,46044000000052021,2024-05-02,4,18,5,2,2024,,,,30,30,30
46044000000056014,46044000000052575,46044000000053038,2025-01-22,3,4,1,1,2025,,,,33,33,33
46044000000055008,46044000000052563,46044000000058018,2023-09-22,5,38,9,3,2023,,,,42,42,42
46044000000058015,46044000000053501,46044000000056022,2023-07-21,5,29,7,3,2023,,,,17,17,17
46044000000057004,46044000000053538,46044000000053040,2024-02-24,6,8,2,1,2024,,,,29,29,29
46044000000058014,46044000000053544,46044000000058017,2025-06-04,3,23,6,2,2025,,,,26,26,26
46044000000053031,46044000000052573,46044000000055011,2025-08-04,1,32,8,3,2025,,,,40,40,40
46044000000053034,46044000000052494,46044000000057008,2023-08-11,5,32,8,3,2023,,,,17,17,17
46044000000057006,46044000000052516,46044000000052021,2024-12-18,3,51,12,4,2024,,,,46,46,46
46044000000054017,46044000000053618,46044000000057008,2022-06-13,1,24,6,2,2022,,,,43,43,43
46044000000056014,46044000000052578,46044000000058017,2025-02-20,4,8,2,1,2025,,,,26,26,26
46044000000056014,46044000000052538,46044000000056022,2025-09-22,1,39,9,3,2025,,,,17,17,17
46044000000057005,46044000000053577,46044000000058017,2025-11-20,4,47,11,4,2025,,,,28,28,28
46044000000054015,46044000000052476,46044000000058017,2025-05-16,5,20,5,2,2025,,,,44,44,44
46044000000057005,46044000000052507,46044000000058018,2023-05-26,5,21,5,2,2023,,,,28,28,28
46044000000058014,46044000000053495,46044000000053040,2022-01-05,3,1,1,1,2022,,,,21,21,21
46044000000053031,46044000000053538,46044000000054027,2025-07-16,3,29,7,3,2025,,,,15,15,15
46044000000054018,46044000000052569,46044000000057008,2022-09-14,3,37,9,3,2022,,,,28,28,28
46044000000053033,46044000000052488,46044000000057008,2023-02-10,5,6,2,1,2023,,,,21,21,21
46044000000053032,46044000000053584,46044000000058017,2024-03-22,5,12,3,1,2024,,,,23,23,23
46044000000057005,46044000000052557,46044000000058017,2022-08-06,6,31,8,3,2022,,,,33,33,33
46044000000054015,46044000000054496,46044000000052021,2022-10-14,5,41,10,4,2022,,,,14,14,14
46044000000056013,46044000000052556,46044000000055012,2024-08-11,0,32,8,3,2024,,,,21,21,21
46044000000055006,46044000000052446,46044000000053039,2024-06-14,5,24,6,2,2024,,,,12,12,12
46044000000058011,46044000000052457,46044000000057008,2022-07-28,4,30,7,3,2022,,,,23,23,23
46044000000052018,46044000000054509,46044000000055011,2023-02-18,6,7,2,1,2023,,,,26,26,26
46044000000056013,46044000000054504,46044000000055012,2023-03-28,2,13,3,1,2023,,,,20,20,20
46044000000058011,46044000000053495,46044000000055011,2022-04-24,0,16,4,2,2022,,,,19,19,19
46044000000055008,46044000000053582,46044000000055011,2024-10-20,0,42,10,4,2024,,,,29,29,29
46044000000055009,46044000000053551,46044000000052021,2024-12-02,1,49,12,4,2024,,,,25,25,25
46044000000055008,46044000000052498,46044000000057008,2024-12-15,0,50,12,4,2024,,,,33,33,33
46044000000056013,46044000000052449,46044000000053038,2023-12-05,2,49,12,4,2023,,,,20,20,20
46044000000054015,46044000000052564,46044000000054027,2023-10-06,5,40,10,4,2023,,,,40,40,40
46044000000057004,46044000000052460,46044000000056021,2023-01-28,6,4,1,1,2023,,,,31,31,31
46044000000057004,46044000000052460,46044000000056021,2025-05-07,3,19,5,2,2025,31,,,1558,1558,16
46044000000056014,46044000000053529,46044000000057008,2023-11-25,6,47,11,4,2023,,,,5,5,5
46044000000056014,46044000000053529,46044000000057008,2025-02-07,5,6,2,1,2025,5,,,264,264,28
46044000000055007,46044000000053567,46044000000058017,2024-04-22,1,17,4,2,2024,,,,29,29,29
46044000000053032,46044000000053543,46044000000056022,2025-10-05,0,40,10,4,2025,,,,29,29,29
46044000000055008,46044000000053497,46044000000057008,2025-07-05,6,27,7,3,2025,,,,39,39,39
46044000000056017,46044000000054491,46044000000056022,2025-10-05,0,40,10,4,2025,,,,19,19,19
46044000000058013,46044000000054502,46044000000053038,2025-12-15,1,51,12,4,2025,,,,14,14,14
46044000000054017,46044000000052556,46044000000053039,2024-12-26,4,52,12,4,2024,,,,22,22,22
46044000000052014,46044000000053617,46044000000058017,2024-03-27,3,13,3,1,2024,,,,39,39,39
46044000000057005,46044000000054508,46044000000058018,2025-11-24,1,48,11,4,2025,,,,27,27,27
46044000000053033,46044000000054491,46044000000056022,2023-09-24,0,38,9,3,2023,,,,12,12,12
46044000000056017,46044000000052467,46044000000056021,2022-02-07,1,6,2,1,2022,,,,14,14,14
46044000000056018,46044000000053550,46044000000054027,2023-11-11,6,45,11,4,2023,,,,17,17,17
46044000000057003,46044000000053599,46044000000052021,2025-08-16,6,33,8,3,2025,,,,18,18,18
46044000000054017,46044000000053544,46044000000055011,2024-01-25,4,4,1,1,2024,,,,20,20,20
46044000000053031,46044000000053598,46044000000052021,2022-06-15,3,24,6,2,2022,,,,44,44,44
46044000000053031,46044000000053598,46044000000052021,2024-02-01,4,5,2,1,2024,44,,,2222.5,2222.5,45
46044000000054018,46044000000052547,46044000000055011,2025-02-09,0,6,2,1,2025,,,,34,34,34
46044000000053032,46044000000052502,46044000000053040,2024-07-03,3,27,7,3,2024,,,,26,26,26
46044000000052018,46044000000053604,46044000000052021,2023-03-04,6,9,3,1,2023,,,,34,34,34
46044000000056015,46044000000052489,46044000000058018,2023-06-14,3,24,6,2,2023,,,,15,15,15
46044000000055007,46044000000052542,46044000000054027,2024-05-11,6,19,5,2,2024,,,,15,15,15
46044000000057006,46044000000052545,46044000000053038,2022-04-03,0,13,4,2,2022,,,,37,37,37
46044000000058014,46044000000052479,46044000000052021,2024-01-05,5,1,1,1,2024,,,,28,28,28
46044000000055009,46044000000053493,46044000000053039,2022-07-05,2,27,7,3,2022,,,,19,19,19
46044000000054018,46044000000052531,46044000000057008,2025-03-12,3,11,3,1,2025,,,,47,47,47
46044000000056017,46044000000053556,46044000000054027,2025-10-02,4,40,10,4,2025,,,,12,12,12
46044000000057005,46044000000052567,46044000000055011,2024-07-14,0,28,7,3,2024,,,,23,23,23
46044000000053033,46044000000054514,46044000000054027,2025-03-28,5,13,3,1,2025,,,,5,5,5
46044000000052014,46044000000052489,46044000000053040,2025-12-10,3,50,12,4,2025,,,,5,5,5
46044000000052016,46044000000052563,46044000000053040,2022-04-28,4,17,4,2,2022,,,,5,5,5
46044000000054015,46044000000053559,46044000000058018,2022-12-24,6,51,12,4,2022,,,,5,5,5
46044000000053031,46044000000052578,46044000000058018,2024-03-17,0,11,3,1,2024,,,,5,5,5
46044000000056016,46044000000052573,46044000000055011,2025-12-02,2,49,12,4,2025,,,,5,5,5
46044000000057004,46044000000052510,46044000000054027,2023-11-10,5,45,11,4,2023,,,,5,5,5
46044000000052017,46044000000053544,46044000000056022,2023-07-26,3,30,7,3,2023,,,,5,5,5
46044000000054016,46044000000052445,46044000000055011,2022-02-11,5,6,2,1,2022,,,,2,2,2
46044000000052017,46044000000054511,46044000000056022,2025-01-23,4,4,1,1,2025,,,,5,5,5
46044000000054015,46044000000052537,46044000000053038,2022-03-11,5,10,3,1,2022,,,,5,5,5
46044000000055006,46044000000053550,46044000000055011,2024-03-14,4,11,3,1,2024,,,,5,5,5
46044000000052016,46044000000053580,46044000000058017,2022-05-13,5,19,5,2,2022,,,,5,5,5
46044000000058011,46044000000054514,46044000000058018,2022-04-18,1,16,4,2,2022,,,,5,5,5
46044000000055006,46044000000052509,46044000000052021,2024-12-02,1,49,12,4,2024,,,,5,5,5
46044000000058012,46044000000053541,46044000000058017,2025-02-27,4,9,2,1,2025,,,,5,5,5
46044000000056015,46044000000053499,46044000000055012,2025-10-23,4,43,10,4,2025,,,,5,5,5
46044000000053033,46044000000053615,46044000000057008,2024-03-02,6,9,3,1,2024,,,,4,4,4
46044000000056013,46044000000054504,46044000000055011,2023-03-28,2,13,3,1,2023,,,,4,4,4
46044000000055007,46044000000054494,46044000000058018,2024-11-11,1,46,11,4,2024,,,,4,4,4
46044000000057004,46044000000052531,46044000000058018,2022-01-23,0,3,1,1,2022,,,,5,5,5
46044000000055008,46044000000053552,46044000000056021,2022-06-03,5,22,6,2,2022,,,,5,5,5
46044000000055007,46044000000052556,46044000000052021,2023-03-06,1,10,3,1,2023,,,,22,22,22
46044000000055007,46044000000052556,46044000000052021,2024-09-11,3,37,9,3,2024,22,,,111.5,111.5,3
46044000000055007,46044000000052464,46044000000054027,2024-11-15,5,46,11,4,2024,,,,5,5,5
46044000000055006,46044000000052556,46044000000054027,2025-09-07,0,36,9,3,2025,,,,5,5,5
46044000000052018,46044000000053598,46044000000056022,2024-11-12,2,46,11,4,2024,,,,4,4,4
46044000000057004,46044000000052526,46044000000053038,2025-06-27,5,26,6,2,2025,,,,5,5,5
46044000000057004,46044000000052526,46044000000053038,2025-11-16,0,46,11,4,2025,5,,,255,255,10
46044000000054016,46044000000053569,46044000000058018,2022-05-12,4,19,5,2,2022,,,,4,4,4
46044000000057004,46044000000052561,46044000000058017,2024-03-23,6,12,3,1,2024,,,,4,4,4
46044000000056017,46044000000053515,46044000000053039,2022-09-18,0,37,9,3,2022,,,,5,5,5
46044000000058013,46044000000052574,46044000000058017,2023-05-02,2,18,5,2,2023,,,,4,4,4
46044000000057003,46044000000053511,46044000000055012,2022-12-13,2,50,12,4,2022,,,,5,5,5
46044000000052016,46044000000052528,46044000000056022,2024-11-11,1,46,11,4,2024,,,,2,2,2
46044000000053034,46044000000053508,46044000000053038,2023-06-06,2,23,6,2,2023,,,,5,5,5
46044000000056013,46044000000052545,46044000000053039,2025-05-04,0,18,5,2,2025,,,,5,5,5
46044000000057004,46044000000052564,46044000000053040,2024-12-18,3,51,12,4,2024,,,,4,4,4
46044000000057003,46044000000054508,46044000000052021,2024-05-06,1,19,5,2,2024,,,,5,5,5
46044000000052014,46044000000054514,46044000000054027,2025-04-02,3,14,4,2,2025,,,,4,4,4
46044000000058015,46044000000053535,46044000000056022,2024-07-03,3,27,7,3,2024,,,,5,5,5
46044000000054017,46044000000052517,46044000000052021,2023-01-27,5,4,1,1,2023,,,,4,4,4
46044000000056014,46044000000052566,46044000000054027,2023-11-09,4,45,11,4,2023,,,,5,5,5
46044000000057006,46044000000053513,46044000000055012,2025-12-22,1,52,12,4,2025,,,,4,4,4
46044000000055006,46044000000053617,46044000000055011,2023-08-15,2,33,8,3,2023,,,,5,5,5
46044000000057006,46044000000052526,46044000000056021,2025-08-15,5,33,8,3,2025,,,,5,5,5
46044000000053031,46044000000053582,46044000000055011,2024-07-23,2,30,7,3,2024,,,,5,5,5
46044000000053032,46044000000052536,46044000000053040,2022-06-11,6,23,6,2,2022,,,,4,4,4
46044000000052014,46044000000053533,46044000000055012,2022-11-01,2,44,11,4,2022,,,,5,5,5
46044000000056015,46044000000052517,46044000000053039,2023-07-02,0,26,7,3,2023,,,,5,5,5
46044000000058012,46044000000053607,46044000000053039,2025-08-06,3,32,8,3,2025,,,,5,5,5
46044000000058011,46044000000053526,46044000000056021,2023-08-25,5,34,8,3,2023,,,,5,5,5
46044000000053034,46044000000053569,46044000000052021,2024-04-12,5,15,4,2,2024,,,,5,5,5
46044000000056013,46044000000052545,46044000000053040,2025-05-04,0,18,5,2,2025,,,,5,5,5
46044000000052016,46044000000053563,46044000000055012,2023-09-07,4,36,9,3,2023,,,,5,5,5
46044000000052017,46044000000053544,46044000000055012,2023-07-26,3,30,7,3,2023,,,,5,5,5
46044000000054016,46044000000052568,46044000000055012,2022-03-23,3,12,3,1,2022,,,,4,4,4
46044000000054018,46044000000053514,46044000000053039,2025-04-05,6,14,4,2,2025,,,,5,5,5
46044000000056017,46044000000052534,46044000000058018,2024-02-16,5,7,2,1,2024,,,,5,5,5
46044000000056016,46044000000054489,46044000000057008,2022-02-27,0,8,2,1,2022,,,,5,5,5
46044000000054016,46044000000053519,46044000000053039,2024-04-15,1,16,4,2,2024,,,,5,5,5
46044000000055009,46044000000053522,46044000000058017,2023-12-22,5,51,12,4,2023,,,,4,4,4
46044000000054017,46044000000054497,46044000000056021,2022-06-23,4,25,6,2,2022,,,,3,3,3
46044000000058015,46044000000053582,46044000000054027,2025-10-04,6,40,10,4,2025,,,,5,5,5
46044000000055008,46044000000053582,46044000000056022,2024-07-09,2,28,7,3,2024,,,,5,5,5
46044000000052016,46044000000053552,46044000000057008,2024-07-06,6,27,7,3,2024,,,,5,5,5
46044000000056016,46044000000052557,46044000000056021,2023-08-15,2,33,8,3,2023,,,,5,5,5
46044000000052018,46044000000053598,46044000000058017,2024-11-12,2,46,11,4,2024,,,,5,5,5
46044000000056017,46044000000052470,46044000000053039,2024-10-17,4,42,10,4,2024,,,,5,5,5
46044000000053031,46044000000052509,46044000000057008,2022-05-03,2,18,5,2,2022,,,,3,3,3
46044000000057003,46044000000054508,46044000000056021,2024-05-06,1,19,5,2,2024,,,,5,5,5
46044000000054018,46044000000053561,46044000000058017,2025-03-16,0,11,3,1,2025,,,,5,5,5
46044000000054018,46044000000052474,46044000000053038,2022-01-09,0,1,1,1,2022,,,,5,5,5
46044000000052018,46044000000052461,46044000000052021,2023-10-09,1,41,10,4,2023,,,,5,5,5
46044000000058012,46044000000052535,46044000000056021,2022-08-27,6,34,8,3,2022,,,,4,4,4
46044000000056014,46044000000053510,46044000000054027,2024-05-17,5,20,5,2,2024,,,,5,5,5
46044000000055006,46044000000052566,46044000000056022,2025-03-05,3,10,3,1,2025,,,,5,5,5
46044000000058014,46044000000052535,46044000000055012,2025-12-08,1,50,12,4,2025,,,,5,5,5
46044000000058011,46044000000052552,46044000000057008,2024-09-10,2,37,9,3,2024,,,,5,5,5
46044000000055008,46044000000053606,46044000000056021,2024-11-23,6,47,11,4,2024,,,,5,5,5
46044000000053031,46044000000053497,46044000000057008,2022-11-22,2,47,11,4,2022,,,,9,9,9
46044000000055006,46044000000052516,46044000000052021,2024-09-12,4,37,9,3,2024,,,,9,9,9
46044000000058012,46044000000053584,46044000000053038,2022-10-11,2,41,10,4,2022,,,,6,6,6
46044000000058011,46044000000053508,46044000000055012,2023-03-27,1,13,3,1,2023,,,,10,10,10
46044000000055006,46044000000052519,46044000000058017,2022-03-15,2,11,3,1,2022,,,,9,9,9
46044000000054018,46044000000052494,46044000000054027,2022-04-17,0,15,4,2,2022,,,,10,10,10
46044000000057004,46044000000054488,46044000000053039,2022-01-06,4,1,1,1,2022,,,,10,10,10
46044000000055008,46044000000053522,46044000000052021,2025-12-09,2,50,12,4,2025,,,,10,10,10
46044000000058015,46044000000053616,46044000000053039,2023-02-05,0,5,2,1,2023,,,,7,7,7
46044000000053033,46044000000054491,46044000000053040,2025-04-19,6,16,4,2,2025,,,,9,9,9
46044000000053034,46044000000053566,46044000000053039,2022-06-12,0,23,6,2,2022,,,,8,8,8
46044000000053033,46044000000052516,46044000000058018,2025-01-19,0,3,1,1,2025,,,,8,8,8
46044000000052017,46044000000052561,46044000000054027,2022-06-22,3,25,6,2,2022,,,,8,8,8
46044000000058015,46044000000053524,46044000000054027,2022-09-10,6,36,9,3,2022,,,,8,8,8
46044000000052016,46044000000053579,46044000000058018,2022-08-03,3,31,8,3,2022,,,,10,10,10
46044000000054018,46044000000053555,46044000000052021,2023-06-07,3,23,6,2,2023,,,,10,10,10
46044000000057004,46044000000053598,46044000000055011,2022-01-20,4,3,1,1,2022,,,,10,10,10
46044000000053031,46044000000053551,46044000000057008,2025-12-01,1,49,12,4,2025,,,,7,7,7
46044000000052018,46044000000052562,46044000000055011,2023-06-24,6,25,6,2,2023,,,,8,8,8
46044000000054017,46044000000054512,46044000000056021,2022-11-28,1,48,11,4,2022,,,,8,8,8
46044000000056014,46044000000053572,46044000000053039,2024-08-25,0,34,8,3,2024,,,,10,10,10
46044000000053034,46044000000053520,46044000000055012,2024-04-24,3,17,4,2,2024,,,,10,10,10
46044000000053033,46044000000052457,46044000000055011,2025-10-12,0,41,10,4,2025,,,,9,9,9
46044000000052017,46044000000053574,46044000000053038,2022-10-25,2,43,10,4,2022,,,,8,8,8
46044000000057004,46044000000052470,46044000000054027,2025-09-18,4,38,9,3,2025,,,,10,10,10
46044000000053034,46044000000052500,46044000000055012,2023-08-21,1,34,8,3,2023,,,,9,9,9
46044000000056013,46044000000052547,46044000000053038,2025-10-22,3,43,10,4,2025,,,,10,10,10
46044000000058011,46044000000052575,46044000000058017,2023-06-01,4,22,6,2,2023,,,,7,7,7
46044000000053034,46044000000054508,46044000000055012,2022-02-18,5,7,2,1,2022,,,,10,10,10
46044000000053034,46044000000052541,46044000000057008,2024-09-16,1,38,9,3,2024,,,,10,10,10
46044000000056015,46044000000052513,46044000000055012,2022-11-10,4,45,11,4,2022,,,,7,7,7
46044000000055006,46044000000052518,46044000000056021,2025-05-28,3,22,5,2,2025,,,,10,10,10
46044000000053034,46044000000052493,46044000000053038,2025-12-02,2,49,12,4,2025,,,,10,10,10
46044000000055009,46044000000053524,46044000000055012,2025-03-28,5,13,3,1,2025,,,,8,8,8
46044000000058012,46044000000053541,46044000000056022,2025-02-27,4,9,2,1,2025,,,,8,8,8
46044000000054018,46044000000053514,46044000000057008,2024-01-28,0,4,1,1,2024,,,,9,9,9
46044000000054018,46044000000053514,46044000000057008,2025-04-05,6,14,4,2,2025,9,,,49,49,8
46044000000056016,46044000000053577,46044000000056022,2024-06-01,6,22,6,2,2024,,,,9,9,9
46044000000057005,46044000000052523,46044000000055012,2025-07-08,2,28,7,3,2025,,,,8,8,8
46044000000057005,46044000000053561,46044000000055011,2024-11-23,6,47,11,4,2024,,,,10,10,10
46044000000053033,46044000000052492,46044000000053040,2024-08-02,5,31,8,3,2024,,,,9,9,9
46044000000052014,46044000000053611,46044000000056021,2025-07-14,1,29,7,3,2025,,,,10,10,10
46044000000056013,46044000000053516,46044000000058017,2023-02-25,6,8,2,1,2023,,,,10,10,10
46044000000053034,46044000000054517,46044000000052021,2025-11-01,6,44,11,4,2025,,,,10,10,10
46044000000056014,46044000000052522,46044000000053039,2024-11-16,6,46,11,4,2024,,,,7,7,7
46044000000057005,46044000000052461,46044000000056022,2024-11-07,4,45,11,4,2024,,,,9,9,9
46044000000054015,46044000000054491,46044000000053038,2024-12-24,2,52,12,4,2024,,,,10,10,10
46044000000057004,46044000000052564,46044000000053039,2024-12-18,3,51,12,4,2024,,,,8,8,8
46044000000056014,46044000000052570,46044000000058018,2022-04-27,3,17,4,2,2022,,,,10,10,10
46044000000052018,46044000000052470,46044000000052021,2023-03-08,3,10,3,1,2023,,,,10,10,10
46044000000057004,46044000000053512,46044000000055011,2025-07-21,1,30,7,3,2025,,,,7,7,7
46044000000057004,46044000000053602,46044000000055011,2023-10-13,5,41,10,4,2023,,,,7,7,7
46044000000054016,46044000000053519,46044000000058017,2024-04-15,1,16,4,2,2024,,,,10,10,10
46044000000056015,46044000000052498,46044000000058017,2022-07-24,0,29,7,3,2022,,,,7,7,7
46044000000055007,46044000000052467,46044000000058017,2024-09-27,5,39,9,3,2024,,,,8,8,8
46044000000056013,46044000000052500,46044000000052021,2025-04-19,6,16,4,2,2025,,,,6,6,6
46044000000052017,46044000000053564,46044000000055012,2024-11-08,5,45,11,4,2024,,,,9,9,9
46044000000058014,46044000000053492,46044000000056021,2023-07-19,3,29,7,3,2023,,,,8,8,8
46044000000058012,46044000000052552,46044000000052021,2023-05-23,2,21,5,2,2023,,,,10,10,10
46044000000054017,46044000000054502,46044000000057008,2022-02-02,3,5,2,1,2022,,,,10,10,10
46044000000057004,46044000000052483,46044000000052021,2024-08-26,1,35,8,3,2024,,,,6,6,6
46044000000053032,46044000000053606,46044000000056021,2025-04-10,4,15,4,2,2025,,,,8,8,8
46044000000053034,46044000000052485,46044000000056021,2022-05-18,3,20,5,2,2022,,,,10,10,10
46044000000054016,46044000000053526,46044000000056021,2024-09-03,2,36,9,3,2024,,,,9,9,9
46044000000053034,46044000000052511,46044000000052021,2022-07-12,2,28,7,3,2022,,,,7,7,7
46044000000058013,46044000000052491,46044000000053038,2024-07-11,4,28,7,3,2024,,,,8,8,8
46044000000055006,46044000000052566,46044000000053039,2025-03-05,3,10,3,1,2025,,,,7,7,7
46044000000056015,46044000000053499,46044000000054027,2025-10-23,4,43,10,4,2025,,,,9,9,9
46044000000052016,46044000000052541,46044000000055011,2025-07-22,2,30,7,3,2025,,,,10,10,10
46044000000057006,46044000000052563,46044000000055011,2025-12-19,5,51,12,4,2025,,,,10,10,10
46044000000055008,46044000000053500,46044000000055011,2024-11-03,0,44,11,4,2024,,,,9,9,9
46044000000056017,46044000000052528,46044000000058017,2024-05-23,4,21,5,2,2024,,,,10,10,10
46044000000052016,46044000000053574,46044000000053040,2024-10-25,5,43,10,4,2024,,,,10,10,10
46044000000058015,46044000000052547,46044000000053040,2022-04-11,1,15,4,2,2022,,,,7,7,7
46044000000052016,46044000000054492,46044000000057008,2025-06-05,4,23,6,2,2025,,,,10,10,10
46044000000054017,46044000000053606,46044000000055011,2023-07-11,2,28,7,3,2023,,,,9,9,9
46044000000053032,46044000000052553,46044000000058018,2023-11-03,5,44,11,4,2023,,,,7,7,7
46044000000057006,46044000000053530,46044000000057008,2024-06-03,1,23,6,2,2024,,,,10,10,10
46044000000058011,46044000000053528,46044000000055011,2022-07-16,6,28,7,3,2022,,,,9,9,9
46044000000058013,46044000000052486,46044000000053039,2023-11-04,6,44,11,4,2023,,,,10,10,10
46044000000056013,46044000000052466,46044000000053039,2022-08-15,1,33,8,3,2022,,,,8,8,8
46044000000054015,46044000000052490,46044000000058018,2023-09-22,5,38,9,3,2023,,,,10,10,10
46044000000056017,46044000000052447,46044000000058018,2022-10-07,5,40,10,4,2022,,,,10,10,10
46044000000056013,46044000000053594,46044000000054027,2024-09-21,6,38,9,3,2024,,,,8,8,8
46044000000056015,46044000000054486,46044000000053038,2022-07-12,2,28,7,3,2022,,,,10,10,10
46044000000052016,46044000000052575,46044000000054027,2023-10-20,5,42,10,4,2023,,,,8,8,8
46044000000054017,46044000000052569,46044000000058017,2022-06-01,3,22,6,2,2022,,,,9,9,9
46044000000053034,46044000000053494,46044000000053038,2024-01-09,2,2,1,1,2024,,,,10,10,10
46044000000055009,46044000000053565,46044000000058018,2023-03-03,5,9,3,1,2023,,,,7,7,7
46044000000054017,46044000000053594,46044000000056021,2023-01-05,4,1,1,1,2023,,,,10,10,10
46044000000056018,46044000000054499,46044000000052021,2024-10-27,0,43,10,4,2024,,,,8,8,8
46044000000057006,46044000000053561,46044000000052021,2025-07-07,1,28,7,3,2025,,,,10,10,10
46044000000054015,46044000000053530,46044000000053040,2023-06-23,5,25,6,2,2023,,,,10,10,10
46044000000052014,46044000000052465,46044000000056021,2022-02-01,2,5,2,1,2022,,,,10,10,10
46044000000057004,46044000000052491,46044000000058018,2024-10-01,2,40,10,4,2024,,,,8,8,8
46044000000056018,46044000000052465,46044000000053039,2023-04-03,1,14,4,2,2023,,,,7,7,7
46044000000056013,46044000000053581,46044000000054027,2022-08-06,6,31,8,3,2022,,,,9,9,9
46044000000056013,46044000000053581,46044000000054027,2024-09-15,0,37,9,3,2024,9,,,455,455,10
46044000000054016,46044000000052578,46044000000056021,2022-01-16,0,2,1,1,2022,,,,7,7,7
46044000000053033,46044000000054514,46044000000058018,2025-03-28,5,13,3,1,2025,,,,9,9,9
46044000000052018,46044000000052450,46044000000055011,2023-07-23,0,29,7,3,2023,,,,10,10,10
46044000000056015,46044000000053607,46044000000052021,2025-08-06,3,32,8,3,2025,,,,10,10,10
46044000000057003,46044000000052539,46044000000052021,2022-05-14,6,19,5,2,2022,,,,10,10,10
46044000000057006,46044000000052555,46044000000058017,2024-10-19,6,42,10,4,2024,,,,10,10,10
46044000000054015,46044000000052526,46044000000053038,2022-08-07,0,31,8,3,2022,,,,10,10,10
46044000000056015,46044000000053564,46044000000052021,2023-09-27,3,39,9,3,2023,,,,10,10,10
46044000000056017,46044000000052477,46044000000053038,2024-08-10,6,32,8,3,2024,,,,10,10,10
46044000000053032,46044000000053602,46044000000052021,2025-09-24,3,39,9,3,2025,,,,8,8,8
46044000000057006,46044000000053533,46044000000056021,2023-03-14,2,11,3,1,2023,,,,8,8,8
46044000000056014,46044000000052570,46044000000057008,2022-04-27,3,17,4,2,2022,,,,10,10,10
46044000000052014,46044000000052443,46044000000057008,2025-12-16,2,51,12,4,2025,,,,9,9,9
46044000000053033,46044000000053611,46044000000053038,2024-11-14,4,46,11,4,2024,,,,8,8,8
46044000000056017,46044000000052556,46044000000056022,2025-01-08,3,2,1,1,2025,,,,10,10,10
46044000000056017,46044000000052545,46044000000053040,2024-01-28,0,4,1,1,2024,,,,7,7,7
46044000000056014,46044000000054500,46044000000058018,2022-12-19,1,51,12,4,2022,,,,10,10,10
46044000000056018,46044000000054499,46044000000053038,2024-10-27,0,43,10,4,2024,,,,9,9,9
46044000000057003,46044000000053511,46044000000056022,2022-12-13,2,50,12,4,2022,,,,10,10,10
46044000000052014,46044000000054489,46044000000055011,2022-08-20,6,33,8,3,2022,,,,8,8,8
46044000000052014,46044000000053563,46044000000055012,2025-05-21,3,21,5,2,2025,,,,9,9,9
46044000000054015,46044000000053616,46044000000055012,2024-05-23,4,21,5,2,2024,,,,10,10,10
46044000000055009,46044000000053499,46044000000056022,2023-02-06,1,6,2,1,2023,,,,8,8,8
46044000000056015,46044000000053527,46044000000058017,2024-07-19,5,29,7,3,2024,,,,6,6,6
46044000000057006,46044000000052454,46044000000053040,2023-03-27,1,13,3,1,2023,,,,7,7,7
46044000000055007,46044000000052473,46044000000053039,2025-10-11,6,41,10,4,2025,,,,9,9,9
46044000000055009,46044000000052517,46044000000056021,2022-09-05,1,36,9,3,2022,,,,10,10,10
46044000000052018,46044000000052552,46044000000052021,2022-05-28,6,21,5,2,2022,,,,9,9,9
46044000000056014,46044000000052522,46044000000055011,2024-11-16,6,46,11,4,2024,,,,10,10,10
46044000000055006,46044000000052566,46044000000052021,2025-03-05,3,10,3,1,2025,,,,10,10,10
46044000000056015,46044000000052531,46044000000055012,2025-09-27,6,39,9,3,2025,,,,8,8,8
46044000000057006,46044000000052572,46044000000055011,2025-11-02,0,44,11,4,2025,,,,10,10,10
46044000000053033,46044000000052548,46044000000055012,2024-12-16,1,51,12,4,2024,,,,9,9,9
46044000000054018,46044000000053616,46044000000056021,2024-05-06,1,19,5,2,2024,,,,7,7,7
46044000000057005,46044000000052503,46044000000052021,2022-04-17,0,15,4,2,2022,,,,7,7,7
46044000000056018,46044000000052578,46044000000054027,2024-01-24,3,4,1,1,2024,,,,9,9,9
46044000000055009,46044000000053515,46044000000056021,2023-04-03,1,14,4,2,2023,,,,10,10,10
46044000000057004,46044000000052563,46044000000056022,2023-12-27,3,52,12,4,2023,,,,10,10,10
46044000000055008,46044000000053575,46044000000053038,2023-02-28,2,9,2,1,2023,,,,8,8,8
46044000000058011,46044000000053585,46044000000053038,2022-02-02,3,5,2,1,2022,,,,9,9,9
46044000000055007,46044000000053600,46044000000055012,2025-04-18,5,16,4,2,2025,,,,10,10,10
46044000000057005,46044000000053605,46044000000053040,2023-11-21,2,47,11,4,2023,,,,7,7,7
46044000000053034,46044000000052523,46044000000058017,2023-08-28,1,35,8,3,2023,,,,9,9,9
46044000000055008,46044000000053599,46044000000058017,2022-08-27,6,34,8,3,2022,,,,9,9,9
46044000000056017,46044000000052450,46044000000057008,2022-08-24,3,34,8,3,2022,,,,10,10,10
46044000000052018,46044000000052538,46044000000052021,2023-10-07,6,40,10,4,2023,,,,6,6,6
46044000000055007,46044000000053521,46044000000054027,2022-01-06,4,1,1,1,2022,,,,10,10,10
46044000000058011,46044000000052476,46044000000054027,2023-09-08,5,36,9,3,2023,,,,9,9,9
46044000000054016,46044000000052445,46044000000057008,2022-02-11,5,6,2,1,2022,,,,8,8,8
46044000000054016,46044000000052449,46044000000057008,2024-05-26,0,21,5,2,2024,,,,10,10,10
46044000000052016,46044000000052541,46044000000056022,2025-07-22,2,30,7,3,2025,,,,8,8,8
46044000000055006,46044000000052495,46044000000056022,2024-10-28,1,44,10,4,2024,,,,10,10,10
46044000000058014,46044000000052468,46044000000053040,2023-07-06,4,27,7,3,2023,,,,10,10,10
46044000000056016,46044000000054514,46044000000058018,2024-03-19,2,12,3,1,2024,,,,8,8,8
46044000000054016,46044000000054503,46044000000053040,2023-02-22,3,8,2,1,2023,,,,10,10,10
46044000000055009,46044000000053597,46044000000056022,2023-02-03,5,5,2,1,2023,,,,10,10,10
46044000000057003,46044000000053542,46044000000056022,2025-01-05,0,1,1,1,2025,,,,8,8,8
46044000000054015,46044000000052523,46044000000058017,2022-01-04,2,1,1,1,2022,,,,3,3,3
46044000000058011,46044000000052528,46044000000055011,2023-12-25,1,52,12,4,2023,,,,5,5,5
46044000000058012,46044000000052552,46044000000056021,2022-08-09,2,32,8,3,2022,,,,8,8,8
46044000000058012,46044000000052552,46044000000056021,2023-05-23,2,21,5,2,2023,8,,,42.5,42.5,5
46044000000056016,46044000000053551,46044000000053038,2024-10-14,1,42,10,4,2024,,,,5,5,5
46044000000057003,46044000000054508,46044000000053040,2024-05-06,1,19,5,2,2024,,,,3,3,3
46044000000056016,46044000000053613,46044000000056021,2024-10-09,3,41,10,4,2024,,,,4,4,4
46044000000052018,46044000000054509,46044000000057008,2022-05-12,4,19,5,2,2022,,,,5,5,5
46044000000052017,46044000000053579,46044000000055011,2023-06-08,4,23,6,2,2023,,,,5,5,5
46044000000052018,46044000000053572,46044000000056022,2023-03-08,3,10,3,1,2023,,,,3,3,3
46044000000058015,46044000000052497,46044000000053039,2024-02-04,0,5,2,1,2024,,,,5,5,5
46044000000057003,46044000000053562,46044000000056021,2023-02-13,1,7,2,1,2023,,,,4,4,4
46044000000055009,46044000000053584,46044000000053040,2024-06-16,0,24,6,2,2024,,,,8,8,8
46044000000055008,46044000000053563,46044000000055012,2024-12-25,3,52,12,4,2024,,,,8,8,8
46044000000054016,46044000000052503,46044000000054027,2023-05-27,6,21,5,2,2023,,,,10,10,10
46044000000058012,46044000000053578,46044000000055012,2023-11-07,2,45,11,4,2023,,,,8,8,8
46044000000056016,46044000000052495,46044000000052021,2022-11-08,2,45,11,4,2022,,,,9,9,9
46044000000054015,46044000000052508,46044000000056021,2023-03-13,1,11,3,1,2023,,,,9,9,9
46044000000058012,46044000000052481,46044000000056022,2025-09-23,2,39,9,3,2025,,,,7,7,7
46044000000057004,46044000000052549,46044000000056021,2025-05-01,4,18,5,2,2025,,,,8,8,8
46044000000055006,46044000000052467,46044000000058018,2024-05-14,2,20,5,2,2024,,,,9,9,9
46044000000054017,46044000000054502,46044000000056022,2022-02-02,3,5,2,1,2022,,,,7,7,7
46044000000058014,46044000000052491,46044000000053040,2023-03-12,0,10,3,1,2023,,,,8,8,8
46044000000053034,46044000000053556,46044000000054027,2023-11-07,2,45,11,4,2023,,,,9,9,9
46044000000053034,46044000000053560,46044000000053038,2024-02-21,3,8,2,1,2024,,,,10,10,10
46044000000057003,46044000000054490,46044000000055012,2024-08-28,3,35,8,3,2024,,,,7,7,7
46044000000058014,46044000000052515,46044000000054027,2024-03-13,3,11,3,1,2024,,,,10,10,10
46044000000056017,46044000000052521,46044000000053038,2022-03-26,6,12,3,1,2022,,,,9,9,9
46044000000056018,46044000000053542,46044000000057008,2024-08-11,0,32,8,3,2024,,,,10,10,10
46044000000057005,46044000000053554,46044000000053038,2022-02-27,0,8,2,1,2022,,,,10,10,10
46044000000053032,46044000000053584,46044000000056022,2024-03-22,5,12,3,1,2024,,,,8,8,8
46044000000056015,46044000000054502,46044000000053039,2024-06-10,1,24,6,2,2024,,,,8,8,8
46044000000053033,46044000000053614,46044000000054027,2025-02-16,0,7,2,1,2025,,,,8,8,8
46044000000052018,46044000000052470,46044000000053038,2023-02-28,2,9,2,1,2023,,,,7,7,7
46044000000052016,46044000000053564,46044000000052021,2024-12-22,0,51,12,4,2024,,,,8,8,8
46044000000054018,46044000000052492,46044000000056022,2025-06-15,0,24,6,2,2025,,,,10,10,10
46044000000055008,46044000000052550,46044000000055011,2025-09-24,3,39,9,3,2025,,,,9,9,9
46044000000055006,46044000000052497,46044000000052021,2025-02-25,2,9,2,1,2025,,,,7,7,7
46044000000052016,46044000000053589,46044000000056021,2023-10-02,1,40,10,4,2023,,,,10,10,10
46044000000057005,46044000000052510,46044000000055012,2024-05-18,6,20,5,2,2024,,,,9,9,9
46044000000056016,46044000000053577,46044000000053038,2023-09-09,6,36,9,3,2023,,,,10,10,10
46044000000055009,46044000000053536,46044000000057008,2022-02-21,1,8,2,1,2022,,,,10,10,10
46044000000057005,46044000000054508,46044000000057008,2025-11-24,1,48,11,4,2025,,,,10,10,10
46044000000053032,46044000000053526,46044000000053040,2023-09-25,1,39,9,3,2023,,,,7,7,7
46044000000057003,46044000000053506,46044000000055011,2024-10-19,6,42,10,4,2024,,,,10,10,10
46044000000054018,46044000000054490,46044000000055011,2022-06-22,3,25,6,2,2022,,,,7,7,7
46044000000057004,46044000000053542,46044000000052021,2025-06-09,1,24,6,2,2025,,,,9,9,9
46044000000052018,46044000000053531,46044000000055012,2024-04-07,0,14,4,2,2024,,,,9,9,9
46044000000057005,46044000000052527,46044000000056021,2024-09-22,0,38,9,3,2024,,,,10,10,10
46044000000057004,46044000000052456,46044000000057008,2023-09-07,4,36,9,3,2023,,,,10,10,10
46044000000058013,46044000000053607,46044000000056021,2023-03-13,1,11,3,1,2023,,,,10,10,10
46044000000055009,46044000000053509,46044000000057008,2025-09-03,3,36,9,3,2025,,,,9,9,9
46044000000053032,46044000000053493,46044000000055011,2025-11-10,1,46,11,4,2025,,,,8,8,8
46044000000054016,46044000000052565,46044000000053039,2025-06-09,1,24,6,2,2025,,,,9,9,9
46044000000055007,46044000000052556,46044000000056021,2023-03-06,1,10,3,1,2023,,,,10,10,10
46044000000056018,46044000000054492,46044000000058018,2022-12-18,0,50,12,4,2022,,,,10,10,10
46044000000056016,46044000000052538,46044000000058017,2025-08-13,3,33,8,3,2025,,,,10,10,10
46044000000055007,46044000000054518,46044000000056022,2024-11-09,6,45,11,4,2024,,,,10,10,10
46044000000056013,46044000000053540,46044000000056022,2024-01-20,6,3,1,1,2024,,,,9,9,9
46044000000058013,46044000000052576,46044000000056021,2024-02-08,4,6,2,1,2024,,,,9,9,9
46044000000054016,46044000000053513,46044000000058018,2023-03-10,5,10,3,1,2023,,,,8,8,8
46044000000052017,46044000000052498,46044000000058018,2022-09-12,1,37,9,3,2022,,,,10,10,10
46044000000056018,46044000000052498,46044000000055012,2025-12-28,0,52,12,4,2025,,,,7,7,7
46044000000056016,46044000000054485,46044000000054027,2025-03-03,1,10,3,1,2025,,,,10,10,10
46044000000057004,46044000000053601,46044000000056022,2022-03-17,4,11,3,1,2022,,,,9,9,9
46044000000052014,46044000000053530,46044000000058018,2025-01-16,4,3,1,1,2025,,,,9,9,9
46044000000053032,46044000000052471,46044000000057008,2022-05-02,1,18,5,2,2022,,,,10,10,10
46044000000058012,46044000000052488,46044000000056021,2025-10-27,1,44,10,4,2025,,,,10,10,10
46044000000055009,46044000000054498,46044000000057008,2023-11-28,2,48,11,4,2023,,,,10,10,10
46044000000058014,46044000000052461,46044000000055011,2023-02-06,1,6,2,1,2023,,,,10,10,10
46044000000053031,46044000000052552,46044000000056021,2022-03-12,6,10,3,1,2022,,,,7,7,7
46044000000057003,46044000000054500,46044000000053038,2025-05-06,2,19,5,2,2025,,,,10,10,10
46044000000053031,46044000000053531,46044000000054027,2023-07-25,2,30,7,3,2023,,,,9,9,9
46044000000056017,46044000000053515,46044000000058018,2022-09-18,0,37,9,3,2022,,,,7,7,7
46044000000058011,46044000000053606,46044000000056022,2024-05-02,4,18,5,2,2024,,,,10,10,10
46044000000054015,46044000000052490,46044000000058017,2023-11-21,2,47,11,4,2023,,,,10,10,10
46044000000057004,46044000000052553,46044000000056021,2023-03-28,2,13,3,1,2023,,,,10,10,10
46044000000055006,46044000000054487,46044000000058017,2023-10-04,3,40,10,4,2023,,,,8,8,8
46044000000052016,46044000000052541,46044000000058017,2025-07-22,2,30,7,3,2025,,,,10,10,10
46044000000058011,46044000000052468,46044000000056021,2022-02-21,1,8,2,1,2022,,,,8,8,8
46044000000054018,46044000000053513,46044000000054027,2022-01-04,2,1,1,1,2022,,,,10,10,10
46044000000058013,46044000000052549,46044000000054027,2022-02-13,0,6,2,1,2022,,,,8,8,8
46044000000055007,46044000000052566,46044000000057008,2024-05-22,3,21,5,2,2024,,,,9,9,9
46044000000057005,46044000000054508,46044000000058017,2025-11-24,1,48,11,4,2025,,,,9,9,9
46044000000055006,46044000000052556,46044000000056021,2025-09-07,0,36,9,3,2025,,,,9,9,9
46044000000053032,46044000000052460,46044000000058018,2023-09-17,0,37,9,3,2023,,,,9,9,9
46044000000058015,46044000000052535,46044000000055012,2024-04-04,4,14,4,2,2024,,,,10,10,10
46044000000056016,46044000000052573,46044000000052021,2025-12-02,2,49,12,4,2025,,,,9,9,9
46044000000056015,46044000000053495,46044000000055011,2024-04-06,6,14,4,2,2024,,,,9,9,9
46044000000052017,46044000000053542,46044000000056022,2024-10-03,4,40,10,4,2024,,,,10,10,10
46044000000052014,46044000000052494,46044000000057008,2024-11-22,5,47,11,4,2024,,,,9,9,9
46044000000052017,46044000000054487,46044000000053039,2024-10-21,1,43,10,4,2024,,,,10,10,10
46044000000056013,46044000000053555,46044000000052021,2025-07-17,4,29,7,3,2025,,,,8,8,8
46044000000054016,46044000000052450,46044000000056022,2025-09-09,2,37,9,3,2025,,,,8,8,8
46044000000058015,46044000000052531,46044000000058017,2023-04-24,1,17,4,2,2023,,,,9,9,9
46044000000054016,46044000000052505,46044000000058018,2023-08-18,5,33,8,3,2023,,,,10,10,10
46044000000055007,46044000000052481,46044000000057008,2025-12-03,3,49,12,4,2025,,,,8,8,8
46044000000052018,46044000000053598,46044000000056021,2024-11-12,2,46,11,4,2024,,,,10,10,10
46044000000052016,46044000000053527,46044000000056022,2022-06-02,4,22,6,2,2022,,,,7,7,7
46044000000053033,46044000000052566,46044000000055011,2022-11-11,5,45,11,4,2022,,,,7,7,7
46044000000056017,46044000000053608,46044000000052021,2022-09-18,0,37,9,3,2022,,,,10,10,10
46044000000054016,46044000000052518,46044000000056022,2022-01-04,2,1,1,1,2022,,,,10,10,10
46044000000052018,46044000000052493,46044000000053040,2025-01-11,6,2,1,1,2025,,,,10,10,10
46044000000053031,46044000000052531,46044000000055012,2024-10-20,0,42,10,4,2024,,,,10,10,10
46044000000057006,46044000000052554,46044000000058017,2024-12-02,1,49,12,4,2024,,,,6,6,6
46044000000056015,46044000000052453,46044000000058018,2024-11-21,4,47,11,4,2024,,,,9,9,9
46044000000057006,46044000000054494,46044000000053038,2025-10-22,3,43,10,4,2025,,,,9,9,9
46044000000052018,46044000000052511,46044000000053039,2025-09-10,3,37,9,3,2025,,,,10,10,10
46044000000054017,46044000000052577,46044000000052021,2022-04-21,4,16,4,2,2022,,,,10,10,10
46044000000058013,46044000000052465,46044000000053039,2025-03-09,0,10,3,1,2025,,,,9,9,9
46044000000056014,46044000000053529,46044000000053038,2023-11-25,6,47,11,4,2023,,,,9,9,9
46044000000057003,46044000000053506,46044000000053040,2022-05-01,0,17,5,2,2022,,,,24,24,24
46044000000057003,46044000000053506,46044000000053040,2024-10-19,6,42,10,4,2024,24,,,1205,1205,10
46044000000057004,46044000000052483,46044000000056022,2024-08-26,1,35,8,3,2024,,,,10,10,10
46044000000053033,46044000000052464,46044000000056022,2022-08-20,6,33,8,3,2022,,,,10,10,10
46044000000053031,46044000000054501,46044000000053039,2024-08-14,3,33,8,3,2024,,,,10,10,10
46044000000058014,46044000000054493,46044000000056021,2022-06-22,3,25,6,2,2022,,,,9,9,9
46044000000053032,46044000000052471,46044000000055012,2022-05-02,1,18,5,2,2022,,,,10,10,10
46044000000055008,46044000000052535,46044000000056022,2025-09-04,4,36,9,3,2025,,,,9,9,9
46044000000058015,46044000000053599,46044000000052021,2025-07-28,1,31,7,3,2025,,,,10,10,10
46044000000054018,46044000000052563,46044000000058017,2023-08-14,1,33,8,3,2023,,,,9,9,9
46044000000058014,46044000000052515,46044000000053038,2024-03-13,3,11,3,1,2024,,,,7,7,7
46044000000058015,46044000000053550,46044000000053040,2024-05-06,1,19,5,2,2024,,,,10,10,10
46044000000052016,46044000000053589,46044000000054027,2023-10-02,1,40,10,4,2023,,,,10,10,10
46044000000058014,46044000000052502,46044000000053039,2022-11-17,4,46,11,4,2022,,,,10,10,10
46044000000052014,46044000000052526,46044000000055011,2022-07-17,0,28,7,3,2022,,,,10,10,10
46044000000055009,46044000000052544,46044000000058017,2024-12-19,4,51,12,4,2024,,,,10,10,10
46044000000058012,46044000000052494,46044000000056022,2023-11-27,1,48,11,4,2023,,,,10,10,10
46044000000052018,46044000000053531,46044000000053039,2024-04-07,0,14,4,2,2024,,,,10,10,10
46044000000055007,46044000000054491,46044000000053038,2023-08-16,3,33,8,3,2023,,,,10,10,10
46044000000056017,46044000000054486,46044000000052021,2023-11-03,5,44,11,4,2023,,,,7,7,7
46044000000055009,46044000000053493,46044000000056021,2022-07-05,2,27,7,3,2022,,,,7,7,7
46044000000053032,46044000000052482,46044000000054027,2024-10-24,4,43,10,4,2024,,,,8,8,8
46044000000057006,46044000000053569,46044000000056022,2022-06-28,2,26,6,2,2022,,,,10,10,10
46044000000056016,46044000000052536,46044000000056022,2022-09-15,4,37,9,3,2022,,,,10,10,10
46044000000058012,46044000000052559,46044000000057008,2024-02-28,3,9,2,1,2024,,,,8,8,8
46044000000058012,46044000000053578,46044000000058018,2023-11-07,2,45,11,4,2023,,,,10,10,10
46044000000053031,46044000000052475,46044000000053040,2024-04-03,3,14,4,2,2024,,,,8,8,8
46044000000057006,46044000000052547,46044000000056021,2024-09-16,1,38,9,3,2024,,,,8,8,8
46044000000055007,46044000000054494,46044000000054027,2024-11-11,1,46,11,4,2024,,,,9,9,9
46044000000056014,46044000000052526,46044000000055011,2024-02-01,4,5,2,1,2024,,,,7,7,7
46044000000056015,46044000000052453,46044000000055012,2024-11-21,4,47,11,4,2024,,,,10,10,10
46044000000056014,46044000000053594,46044000000056022,2022-10-14,5,41,10,4,2022,,,,9,9,9
46044000000054016,46044000000052518,46044000000053039,2022-02-02,3,5,2,1,2022,,,,7,7,7
46044000000058013,46044000000052445,46044000000057008,2024-12-24,2,52,12,4,2024,,,,10,10,10
46044000000058011,46044000000054514,46044000000056021,2022-04-18,1,16,4,2,2022,,,,9,9,9
46044000000055009,46044000000052518,46044000000055012,2025-10-04,6,40,10,4,2025,,,,9,9,9
46044000000057004,46044000000053502,46044000000056022,2022-06-15,3,24,6,2,2022,,,,10,10,10
46044000000054015,46044000000053559,46044000000055011,2022-12-24,6,51,12,4,2022,,,,6,6,6
46044000000058012,46044000000052498,46044000000054027,2023-05-17,3,20,5,2,2023,,,,10,10,10
46044000000053032,46044000000053502,46044000000052021,2025-07-23,3,30,7,3,2025,,,,8,8,8
46044000000057005,46044000000053561,46044000000056022,2024-11-23,6,47,11,4,2024,,,,8,8,8
46044000000052017,46044000000052561,46044000000057008,2024-04-23,2,17,4,2,2024,,,,8,8,8
46044000000058011,46044000000052476,46044000000055012,2023-09-08,5,36,9,3,2023,,,,8,8,8
46044000000054016,46044000000052449,46044000000055011,2024-05-26,0,21,5,2,2024,,,,10,10,10
46044000000058011,46044000000052546,46044000000056022,2023-08-07,1,32,8,3,2023,,,,9,9,9
46044000000056016,46044000000052462,46044000000054027,2022-10-20,4,42,10,4,2022,,,,10,10,10
46044000000054018,46044000000053567,46044000000056022,2025-01-15,3,3,1,1,2025,,,,6,6,6
46044000000055008,46044000000054493,46044000000052021,2024-01-23,2,4,1,1,2024,,,,10,10,10
46044000000057003,46044000000053527,46044000000055012,2025-05-26,1,22,5,2,2025,,,,7,7,7
46044000000056017,46044000000052493,46044000000058017,2025-06-16,1,25,6,2,2025,,,,10,10,10
46044000000053033,46044000000053602,46044000000054027,2024-02-23,5,8,2,1,2024,,,,8,8,8
46044000000054015,46044000000052515,46044000000058017,2024-12-25,3,52,12,4,2024,,,,10,10,10
46044000000056018,46044000000052507,46044000000058017,2022-04-26,2,17,4,2,2022,,,,10,10,10
46044000000055008,46044000000053502,46044000000056021,2023-01-19,4,3,1,1,2023,,,,9,9,9
46044000000058015,46044000000053571,46044000000057008,2025-07-05,6,27,7,3,2025,,,,10,10,10
46044000000052018,46044000000053613,46044000000053040,2025-11-03,1,45,11,4,2025,,,,7,7,7
46044000000053031,46044000000053527,46044000000056022,2024-09-06,5,36,9,3,2024,,,,10,10,10
46044000000054018,46044000000052519,46044000000056022,2023-08-18,5,33,8,3,2023,,,,10,10,10
46044000000058013,46044000000052532,46044000000055011,2025-10-12,0,41,10,4,2025,,,,8,8,8
46044000000054018,46044000000052560,46044000000056022,2025-11-21,5,47,11,4,2025,,,,10,10,10
46044000000058011,46044000000052508,46044000000053039,2023-03-06,1,10,3,1,2023,,,,8,8,8
46044000000055009,46044000000053494,46044000000058017,2025-07-23,3,30,7,3,2025,,,,10,10,10
46044000000052014,46044000000052491,46044000000053039,2024-02-16,5,7,2,1,2024,,,,8,8,8
46044000000053034,46044000000052495,46044000000056022,2022-03-07,1,10,3,1,2022,,,,10,10,10
46044000000052017,46044000000053591,46044000000055011,2024-03-12,2,11,3,1,2024,,,,10,10,10
46044000000052018,46044000000053606,46044000000056021,2025-11-02,0,44,11,4,2025,,,,8,8,8
46044000000055008,46044000000052463,46044000000053039,2022-02-09,3,6,2,1,2022,,,,10,10,10
46044000000056017,46044000000052553,46044000000053039,2022-04-24,0,16,4,2,2022,,,,8,8,8
46044000000053034,46044000000052572,46044000000055012,2025-03-23,0,12,3,1,2025,,,,9,9,9
46044000000056015,46044000000052498,46044000000052021,2022-07-24,0,29,7,3,2022,,,,7,7,7
46044000000057003,46044000000052517,46044000000053040,2025-11-12,3,46,11,4,2025,,,,9,9,9
46044000000055006,46044000000052507,46044000000058017,2022-02-07,1,6,2,1,2022,,,,40,40,40
46044000000057006,46044000000052450,46044000000055011,2023-08-02,3,31,8,3,2023,,,,34,34,34
46044000000053032,46044000000054501,46044000000056021,2025-04-20,0,16,4,2,2025,,,,34,34,34
46044000000052016,46044000000053581,46044000000057008,2024-08-17,6,33,8,3,2024,,,,20,20,20
46044000000052018,46044000000053516,46044000000055012,2022-12-06,2,49,12,4,2022,,,,45,45,45
46044000000052018,46044000000053613,46044000000053039,2025-11-03,1,45,11,4,2025,,,,10,10,10
46044000000056017,46044000000052533,46044000000055011,2025-10-01,3,40,10,4,2025,,,,8,8,8
46044000000056017,46044000000052486,46044000000055012,2022-05-04,3,18,5,2,2022,,,,9,9,9
46044000000057005,46044000000054492,46044000000053039,2024-10-24,4,43,10,4,2024,,,,10,10,10
46044000000053034,46044000000052485,46044000000056022,2022-05-18,3,20,5,2,2022,,,,10,10,10
46044000000053033,46044000000052515,46044000000053038,2024-05-08,3,19,5,2,2024,,,,10,10,10
46044000000055008,46044000000052527,46044000000052021,2022-02-27,0,8,2,1,2022,,,,10,10,10
46044000000055007,46044000000052520,46044000000056021,2024-02-28,3,9,2,1,2024,,,,7,7,7
46044000000057005,46044000000052510,46044000000058017,2024-05-18,6,20,5,2,2024,,,,7,7,7
46044000000052017,46044000000052454,46044000000053038,2022-02-22,2,8,2,1,2022,,,,7,7,7
46044000000057005,46044000000054498,46044000000058017,2022-07-22,5,29,7,3,2022,,,,9,9,9
46044000000057006,46044000000052494,46044000000052021,2022-08-10,3,32,8,3,2022,,,,7,7,7
46044000000058014,46044000000052562,46044000000056021,2022-01-24,1,4,1,1,2022,,,,10,10,10
46044000000054015,46044000000052565,46044000000053040,2022-04-20,3,16,4,2,2022,,,,8,8,8
46044000000055009,46044000000052522,46044000000058018,2024-11-16,6,46,11,4,2024,,,,10,10,10
46044000000057006,46044000000052570,46044000000056022,2023-10-12,4,41,10,4,2023,,,,8,8,8
46044000000056014,46044000000053502,46044000000056022,2024-10-22,2,43,10,4,2024,,,,10,10,10
46044000000056016,46044000000052561,46044000000058017,2025-10-05,0,40,10,4,2025,,,,10,10,10
46044000000058011,46044000000052575,46044000000053038,2023-06-01,4,22,6,2,2023,,,,9,9,9
46044000000052016,46044000000053515,46044000000053040,2022-04-19,2,16,4,2,2022,,,,10,10,10
46044000000055006,46044000000052460,46044000000054027,2024-02-20,2,8,2,1,2024,,,,9,9,9
46044000000053034,46044000000053526,46044000000054027,2022-03-04,5,9,3,1,2022,,,,10,10,10
46044000000055007,46044000000053505,46044000000052021,2022-10-26,3,43,10,4,2022,,,,10,10,10
46044000000055009,46044000000054512,46044000000058018,2023-06-27,2,26,6,2,2023,,,,10,10,10
46044000000055006,46044000000054494,46044000000055011,2025-05-14,3,20,5,2,2025,,,,9,9,9
46044000000052016,46044000000052531,46044000000055011,2022-02-25,5,8,2,1,2022,,,,4,4,4
46044000000053034,46044000000052520,46044000000055012,2022-04-15,5,15,4,2,2022,,,,3,3,3
46044000000056016,46044000000052529,46044000000054027,2022-10-20,4,42,10,4,2022,,,,5,5,5
46044000000055008,46044000000053577,46044000000058018,2025-12-17,3,51,12,4,2025,,,,5,5,5
46044000000053031,46044000000053564,46044000000058017,2023-10-01,0,39,10,4,2023,,,,5,5,5
46044000000052014,46044000000052489,46044000000053038,2025-12-10,3,50,12,4,2025,,,,5,5,5
46044000000052017,46044000000053542,46044000000053040,2024-01-05,5,1,1,1,2024,,,,5,5,5
46044000000056018,46044000000053560,46044000000053038,2022-07-12,2,28,7,3,2022,,,,3,3,3
46044000000052017,46044000000053544,46044000000054027,2023-07-26,3,30,7,3,2023,,,,5,5,5
46044000000056015,46044000000052567,46044000000056021,2023-11-21,2,47,11,4,2023,,,,3,3,3
46044000000058012,46044000000053607,46044000000053038,2025-08-06,3,32,8,3,2025,,,,2,2,2
46044000000052018,46044000000053572,46044000000053039,2023-03-08,3,10,3,1,2023,,,,5,5,5
46044000000058013,46044000000053607,46044000000056022,2023-03-13,1,11,3,1,2023,,,,4,4,4
46044000000052017,46044000000053544,46044000000052021,2023-07-26,3,30,7,3,2023,,,,5,5,5
46044000000052014,46044000000053533,46044000000056022,2022-11-01,2,44,11,4,2022,,,,5,5,5
46044000000057004,46044000000052452,46044000000056022,2022-09-01,4,35,9,3,2022,,,,5,5,5
46044000000054018,46044000000052538,46044000000052021,2025-12-06,6,49,12,4,2025,,,,5,5,5
46044000000058013,46044000000053531,46044000000053040,2023-01-04,3,1,1,1,2023,,,,5,5,5
46044000000056014,46044000000054503,46044000000053040,2025-05-02,5,18,5,2,2025,,,,4,4,4
46044000000052018,46044000000053572,46044000000058018,2023-03-08,3,10,3,1,2023,,,,5,5,5
46044000000054017,46044000000052523,46044000000054027,2023-08-11,5,32,8,3,2023,,,,4,4,4
46044000000052018,46044000000052533,46044000000057008,2023-12-06,3,49,12,4,2023,,,,5,5,5
46044000000052016,46044000000053547,46044000000053040,2025-01-17,5,3,1,1,2025,,,,5,5,5
46044000000056015,46044000000053581,46044000000055012,2023-06-28,3,26,6,2,2023,,,,5,5,5
46044000000054018,46044000000053514,46044000000055011,2025-04-05,6,14,4,2,2025,,,,3,3,3
46044000000057006,46044000000052553,46044000000056021,2024-12-09,1,50,12,4,2024,,,,3,3,3
46044000000056015,46044000000052567,46044000000053039,2023-11-21,2,47,11,4,2023,,,,5,5,5
46044000000056013,46044000000052561,46044000000058017,2025-08-11,1,33,8,3,2025,,,,36,36,36
46044000000054018,46044000000053609,46044000000056021,2022-09-22,4,38,9,3,2022,,,,16,16,16
46044000000053034,46044000000053501,46044000000052021,2024-02-21,3,8,2,1,2024,,,,29,29,29
46044000000052017,46044000000053607,46044000000055012,2023-12-27,3,52,12,4,2023,,,,41,41,41
46044000000058011,46044000000052535,46044000000055012,2022-10-10,1,41,10,4,2022,,,,34,34,34
46044000000053032,46044000000053526,46044000000058017,2023-09-25,1,39,9,3,2023,,,,14,14,14
46044000000054018,46044000000053514,46044000000054027,2025-04-05,6,14,4,2,2025,,,,25,25,25
46044000000055007,46044000000053531,46044000000053040,2023-05-12,5,19,5,2,2023,,,,18,18,18
46044000000055007,46044000000052483,46044000000053038,2022-09-13,2,37,9,3,2022,,,,14,14,14
46044000000054016,46044000000052476,46044000000056021,2022-12-05,1,49,12,4,2022,,,,21,21,21
46044000000052016,46044000000053571,46044000000055012,2023-03-14,2,11,3,1,2023,,,,21,21,21
46044000000052016,46044000000052573,46044000000053040,2024-08-16,5,33,8,3,2024,,,,39,39,39
46044000000058014,46044000000053599,46044000000053038,2022-07-22,5,29,7,3,2022,,,,68,68,68
46044000000054016,46044000000052514,46044000000054027,2025-04-03,4,14,4,2,2025,,,,55,55,55
46044000000056014,46044000000053564,46044000000055011,2023-03-20,1,12,3,1,2023,,,,62,62,62
46044000000058012,46044000000052552,46044000000054027,2022-08-09,2,32,8,3,2022,,,,78,78,78
46044000000055007,46044000000052565,46044000000058018,2024-12-24,2,52,12,4,2024,,,,14,14,14
46044000000057006,46044000000052453,46044000000054027,2022-05-27,5,21,5,2,2022,,,,22,22,22
46044000000057006,46044000000053619,46044000000057008,2022-09-03,6,35,9,3,2022,,,,13,13,13
46044000000053033,46044000000052457,46044000000052021,2025-10-12,0,41,10,4,2025,,,,26,26,26
46044000000055008,46044000000052564,46044000000055012,2025-07-16,3,29,7,3,2025,,,,39,39,39
46044000000057004,46044000000052556,46044000000055012,2025-06-05,4,23,6,2,2025,,,,45,45,45
46044000000053031,46044000000052505,46044000000056022,2025-04-16,3,16,4,2,2025,,,,20,20,20
46044000000056017,46044000000052477,46044000000056022,2024-08-10,6,32,8,3,2024,,,,13,13,13
46044000000055008,46044000000052564,46044000000053040,2025-07-16,3,29,7,3,2025,,,,16,16,16
46044000000057003,46044000000053539,46044000000058017,2022-03-01,2,9,3,1,2022,,,,20,20,20
46044000000056016,46044000000053599,46044000000052021,2025-09-07,0,36,9,3,2025,,,,11,11,11
46044000000058013,46044000000052479,46044000000057008,2025-10-11,6,41,10,4,2025,,,,20,20,20
46044000000053033,46044000000054507,46044000000053038,2023-06-21,3,25,6,2,2023,,,,42,42,42
46044000000053032,46044000000053603,46044000000055012,2024-08-13,2,33,8,3,2024,,,,14,14,14
46044000000054017,46044000000052473,46044000000055012,2025-09-11,4,37,9,3,2025,,,,13,13,13
46044000000055009,46044000000053503,46044000000054027,2022-07-10,0,27,7,3,2022,,,,37,37,37
46044000000055008,46044000000052554,46044000000053039,2025-06-14,6,24,6,2,2025,,,,44,44,44
46044000000057004,46044000000052446,46044000000052021,2024-03-28,4,13,3,1,2024,,,,21,21,21
46044000000058011,46044000000053576,46044000000056022,2025-06-24,2,26,6,2,2025,,,,17,17,17
46044000000053033,46044000000053611,46044000000057008,2022-12-19,1,51,12,4,2022,,,,39,39,39
46044000000057004,46044000000053619,46044000000055012,2023-08-26,6,34,8,3,2023,,,,50,50,50
46044000000053033,46044000000052496,46044000000058017,2023-07-21,5,29,7,3,2023,,,,15,15,15
46044000000052018,46044000000053501,46044000000055011,2023-04-07,5,14,4,2,2023,,,,31,31,31
46044000000058014,46044000000054502,46044000000053040,2025-11-07,5,45,11,4,2025,,,,46,46,46
46044000000056016,46044000000052500,46044000000055011,2025-01-26,0,4,1,1,2025,,,,40,40,40
46044000000056015,46044000000052509,46044000000055011,2025-02-05,3,6,2,1,2025,,,,23,23,23
46044000000054017,46044000000054501,46044000000055011,2022-08-18,4,33,8,3,2022,,,,33,33,33
46044000000052014,46044000000053611,46044000000052021,2025-07-14,1,29,7,3,2025,,,,31,31,31
46044000000058014,46044000000053552,46044000000056021,2022-12-12,1,50,12,4,2022,,,,21,21,21
46044000000053033,46044000000052464,46044000000053038,2022-08-20,6,33,8,3,2022,,,,26,26,26
46044000000058014,46044000000053615,46044000000058017,2025-04-06,0,14,4,2,2025,,,,50,50,50
46044000000057004,46044000000053542,46044000000058018,2025-06-09,1,24,6,2,2025,,,,16,16,16
46044000000056016,46044000000052499,46044000000053040,2025-02-22,6,8,2,1,2025,,,,30,30,30
46044000000056017,46044000000052449,46044000000057008,2025-09-16,2,38,9,3,2025,,,,34,34,34
46044000000056018,46044000000054492,46044000000054027,2023-03-09,4,10,3,1,2023,,,,37,37,37
46044000000055006,46044000000052547,46044000000057008,2025-12-02,2,49,12,4,2025,,,,20,20,20
46044000000054016,46044000000052490,46044000000057008,2024-03-27,3,13,3,1,2024,,,,16,16,16
46044000000055007,46044000000052492,46044000000053039,2022-06-20,1,25,6,2,2022,,,,28,28,28
46044000000056017,46044000000052448,46044000000053039,2022-05-20,5,20,5,2,2022,,,,44,44,44
46044000000056015,46044000000052520,46044000000053039,2024-01-12,5,2,1,1,2024,,,,15,15,15
46044000000052018,46044000000052513,46044000000058018,2025-12-07,0,49,12,4,2025,,,,24,24,24
46044000000057005,46044000000053614,46044000000055011,2024-07-04,4,27,7,3,2024,,,,29,29,29
46044000000058013,46044000000052480,46044000000058017,2022-07-24,0,29,7,3,2022,,,,20,20,20
46044000000054018,46044000000053585,46044000000058017,2024-05-03,5,18,5,2,2024,,,,27,27,27
46044000000055006,46044000000052552,46044000000056021,2022-09-16,5,37,9,3,2022,,,,22,22,22
46044000000058015,46044000000053557,46044000000053040,2023-06-16,5,24,6,2,2023,,,,43,43,43
46044000000057004,46044000000052483,46044000000056021,2024-08-26,1,35,8,3,2024,,,,30,30,30
46044000000055006,46044000000053605,46044000000058017,2023-03-12,0,10,3,1,2023,,,,32,32,32
46044000000056013,46044000000052548,46044000000053039,2023-11-11,6,45,11,4,2023,,,,43,43,43
46044000000052018,46044000000052466,46044000000053038,2023-07-01,6,26,7,3,2023,,,,18,18,18
46044000000054018,46044000000054495,46044000000055012,2024-07-04,4,27,7,3,2024,,,,42,42,42
46044000000052014,46044000000053566,46044000000056021,2023-10-28,6,43,10,4,2023,,,,28,28,28
46044000000054017,46044000000052567,46044000000054027,2022-01-21,5,3,1,1,2022,,,,23,23,23
46044000000055009,46044000000052510,46044000000053040,2024-02-08,4,6,2,1,2024,,,,21,21,21
46044000000056013,46044000000052485,46044000000052021,2023-06-23,5,25,6,2,2023,,,,39,39,39
46044000000056013,46044000000052536,46044000000058018,2022-08-23,2,34,8,3,2022,,,,33,33,33
46044000000052018,46044000000052526,46044000000053039,2024-07-09,2,28,7,3,2024,,,,22,22,22
46044000000058015,46044000000052449,46044000000053038,2023-05-05,5,18,5,2,2023,,,,17,17,17
46044000000056014,46044000000054487,46044000000058018,2022-12-06,2,49,12,4,2022,,,,13,13,13
46044000000055009,46044000000053610,46044000000054027,2023-01-20,5,3,1,1,2023,,,,33,33,33
46044000000057004,46044000000053611,46044000000053039,2022-01-10,1,2,1,1,2022,,,,25,25,25
46044000000057003,46044000000052525,46044000000056021,2023-10-16,1,42,10,4,2023,,,,16,16,16
46044000000054015,46044000000052555,46044000000056021,2023-07-15,6,28,7,3,2023,,,,48,48,48
46044000000058013,46044000000053607,46044000000053039,2023-03-13,1,11,3,1,2023,,,,32,32,32
46044000000053033,46044000000052478,46044000000056022,2025-12-13,6,50,12,4,2025,,,,36,36,36
46044000000054018,46044000000054514,46044000000058018,2023-05-23,2,21,5,2,2023,,,,42,42,42
46044000000055009,46044000000052508,46044000000058018,2023-01-16,1,3,1,1,2023,,,,45,45,45
46044000000056016,46044000000053509,46044000000053040,2022-01-01,6,52,1,1,2022,,,,34,34,34
46044000000052018,46044000000052550,46044000000053038,2025-05-20,2,21,5,2,2025,,,,28,28,28
46044000000057005,46044000000052474,46044000000055011,2023-05-03,3,18,5,2,2023,,,,23,23,23
46044000000052016,46044000000052512,46044000000054027,2023-08-21,1,34,8,3,2023,,,,30,30,30
46044000000055008,46044000000052573,46044000000057008,2024-06-12,3,24,6,2,2024,,,,30,30,30
46044000000058015,46044000000052520,46044000000056021,2025-08-20,3,34,8,3,2025,,,,19,19,19
46044000000057004,46044000000052446,46044000000054027,2024-06-01,6,22,6,2,2024,,,,13,13,13
46044000000052014,46044000000053617,46044000000053039,2024-03-27,3,13,3,1,2024,,,,24,24,24
46044000000056017,46044000000053585,46044000000055012,2025-08-06,3,32,8,3,2025,,,,16,16,16
46044000000058015,46044000000052526,46044000000058017,2022-07-18,1,29,7,3,2022,,,,50,50,50
46044000000057006,46044000000052453,46044000000053039,2022-05-27,5,21,5,2,2022,,,,15,15,15
46044000000054017,46044000000053544,46044000000053040,2024-01-25,4,4,1,1,2024,,,,18,18,18
46044000000052016,46044000000053607,46044000000057008,2024-02-06,2,6,2,1,2024,,,,26,26,26
46044000000052014,46044000000054490,46044000000053040,2025-11-17,1,47,11,4,2025,,,,27,27,27
46044000000057003,46044000000052523,46044000000055012,2023-11-06,1,45,11,4,2023,,,,41,41,41
46044000000056014,46044000000052524,46044000000053039,2025-08-16,6,33,8,3,2025,,,,24,24,24
46044000000056017,46044000000052545,46044000000057008,2024-01-28,0,4,1,1,2024,,,,14,14,14
46044000000052018,46044000000053587,46044000000058017,2022-02-04,5,5,2,1,2022,,,,23,23,23
46044000000058014,46044000000054493,46044000000057008,2022-06-22,3,25,6,2,2022,,,,26,26,26
46044000000052014,46044000000054489,46044000000058017,2022-08-20,6,33,8,3,2022,,,,14,14,14
46044000000056015,46044000000053618,46044000000053038,2024-04-24,3,17,4,2,2024,,,,33,33,33
46044000000055008,46044000000053540,46044000000056022,2025-01-22,3,4,1,1,2025,,,,33,33,33
46044000000053031,46044000000052497,46044000000054027,2025-07-09,3,28,7,3,2025,,,,16,16,16
46044000000052016,46044000000053547,46044000000058018,2025-01-17,5,3,1,1,2025,,,,16,16,16
46044000000057004,46044000000052493,46044000000056022,2025-01-07,2,2,1,1,2025,,,,39,39,39
46044000000054018,46044000000052492,46044000000057008,2024-08-19,1,34,8,3,2024,,,,14,14,14
46044000000054015,46044000000053610,46044000000055011,2025-08-14,4,33,8,3,2025,,,,32,32,32
46044000000054018,46044000000053584,46044000000058018,2023-05-14,0,19,5,2,2023,,,,13,13,13
46044000000057004,46044000000052575,46044000000058017,2022-03-07,1,10,3,1,2022,,,,25,25,25
46044000000054018,46044000000052444,46044000000058017,2022-10-25,2,43,10,4,2022,,,,37,37,37
46044000000055008,46044000000052531,46044000000053039,2024-04-17,3,16,4,2,2024,,,,23,23,23
46044000000056018,46044000000052462,46044000000057008,2025-10-02,4,40,10,4,2025,,,,14,14,14
46044000000058011,46044000000052511,46044000000056022,2025-12-18,4,51,12,4,2025,,,,22,22,22
46044000000058014,46044000000053544,46044000000054027,2025-06-04,3,23,6,2,2025,,,,24,24,24
46044000000054018,46044000000052539,46044000000056022,2025-03-05,3,10,3,1,2025,,,,16,16,16
46044000000056015,46044000000053588,46044000000055011,2022-10-05,3,40,10,4,2022,,,,31,31,31
46044000000057004,46044000000053544,46044000000058017,2023-06-14,3,24,6,2,2023,,,,21,21,21
46044000000053031,46044000000052522,46044000000055012,2022-03-06,0,9,3,1,2022,,,,40,40,40
46044000000057003,46044000000052505,46044000000055011,2022-09-04,0,35,9,3,2022,,,,15,15,15
46044000000057004,46044000000054518,46044000000056022,2025-08-17,0,33,8,3,2025,,,,23,23,23
46044000000056017,46044000000054520,46044000000058017,2023-09-27,3,39,9,3,2023,,,,26,26,26
46044000000052017,46044000000052559,46044000000053040,2022-12-18,0,50,12,4,2022,,,,50,50,50
46044000000052018,46044000000052466,46044000000057008,2023-07-01,6,26,7,3,2023,,,,23,23,23
46044000000055008,46044000000053560,46044000000052021,2022-03-26,6,12,3,1,2022,,,,25,25,25
46044000000054015,46044000000053613,46044000000058018,2023-06-24,6,25,6,2,2023,,,,15,15,15
46044000000053034,46044000000053499,46044000000056021,2023-02-09,4,6,2,1,2023,,,,22,22,22
46044000000054018,46044000000054510,46044000000057008,2025-08-24,0,34,8,3,2025,,,,15,15,15
46044000000054015,46044000000054488,46044000000052021,2024-02-08,4,6,2,1,2024,,,,38,38,38
46044000000052018,46044000000052461,46044000000053040,2023-10-09,1,41,10,4,2023,,,,25,25,25
46044000000056015,46044000000053500,46044000000056021,2022-01-18,2,3,1,1,2022,,,,19,19,19
46044000000057006,46044000000052565,46044000000052021,2023-01-28,6,4,1,1,2023,,,,47,47,47
46044000000058015,46044000000052484,46044000000055011,2023-03-09,4,10,3,1,2023,,,,25,25,25
46044000000052014,46044000000052557,46044000000053038,2023-03-04,6,9,3,1,2023,,,,41,41,41
46044000000053031,46044000000053543,46044000000057008,2023-01-26,4,4,1,1,2023,,,,17,17,17
46044000000053034,46044000000052454,46044000000055011,2024-06-05,3,23,6,2,2024,,,,24,24,24
46044000000057005,46044000000053563,46044000000053039,2024-06-26,3,26,6,2,2024,,,,29,29,29
46044000000054018,46044000000053607,46044000000053038,2022-01-15,6,2,1,1,2022,,,,46,46,46
46044000000056014,46044000000054513,46044000000056022,2025-08-21,4,34,8,3,2025,,,,22,22,22
46044000000057003,46044000000053550,46044000000058017,2025-04-13,0,15,4,2,2025,,,,24,24,24
46044000000053033,46044000000054507,46044000000055012,2023-06-21,3,25,6,2,2023,,,,14,14,14
46044000000054015,46044000000052483,46044000000058017,2023-01-13,5,2,1,1,2023,,,,25,25,25
46044000000053033,46044000000052464,46044000000052021,2022-08-20,6,33,8,3,2022,,,,25,25,25
46044000000054018,46044000000052455,46044000000055012,2025-05-05,1,19,5,2,2025,,,,35,35,35
46044000000053033,46044000000054491,46044000000053038,2025-04-19,6,16,4,2,2025,,,,12,12,12
46044000000057006,46044000000052526,46044000000058018,2025-08-15,5,33,8,3,2025,,,,26,26,26
46044000000052018,46044000000052459,46044000000052021,2022-05-21,6,20,5,2,2022,,,,37,37,37
46044000000056013,46044000000052486,46044000000053040,2023-07-15,6,28,7,3,2023,,,,25,25,25
46044000000053034,46044000000054517,46044000000055011,2025-11-01,6,44,11,4,2025,,,,17,17,17
46044000000052017,46044000000052470,46044000000056022,2022-04-23,6,16,4,2,2022,,,,14,14,14
46044000000052016,46044000000053581,46044000000052021,2024-08-17,6,33,8,3,2024,,,,20,20,20
46044000000056017,46044000000054500,46044000000055011,2025-12-15,1,51,12,4,2025,,,,35,35,35
46044000000053034,46044000000052444,46044000000058018,2025-09-16,2,38,9,3,2025,,,,14,14,14
46044000000055006,46044000000052496,46044000000055012,2023-03-19,0,11,3,1,2023,,,,15,15,15
46044000000054016,46044000000053526,46044000000058017,2024-09-03,2,36,9,3,2024,,,,40,40,40
46044000000053034,46044000000053586,46044000000057008,2023-10-20,5,42,10,4,2023,,,,28,28,28
46044000000057003,46044000000052551,46044000000052021,2025-06-20,5,25,6,2,2025,,,,31,31,31
46044000000055006,46044000000053617,46044000000053040,2023-08-15,2,33,8,3,2023,,,,45,45,45
46044000000056013,46044000000052465,46044000000055011,2025-11-23,0,47,11,4,2025,,,,35,35,35
46044000000055006,46044000000053569,46044000000052021,2022-07-22,5,29,7,3,2022,,,,16,16,16
46044000000055008,46044000000053578,46044000000053038,2025-05-20,2,21,5,2,2025,,,,32,32,32
46044000000055007,46044000000053570,46044000000058018,2022-08-04,4,31,8,3,2022,,,,33,33,33
46044000000053032,46044000000052509,46044000000058017,2024-11-23,6,47,11,4,2024,,,,40,40,40
46044000000052014,46044000000053590,46044000000053040,2023-09-15,5,37,9,3,2023,,,,38,38,38
46044000000055009,46044000000052553,46044000000056021,2024-12-07,6,49,12,4,2024,,,,15,15,15
46044000000058011,46044000000054486,46044000000056022,2023-05-13,6,19,5,2,2023,,,,27,27,27
46044000000058015,46044000000053494,46044000000055012,2025-02-24,1,9,2,1,2025,,,,22,22,22
46044000000056013,46044000000053552,46044000000055011,2024-01-28,0,4,1,1,2024,,,,26,26,26
46044000000058012,46044000000053504,46044000000058018,2024-03-08,5,10,3,1,2024,,,,46,46,46
46044000000052018,46044000000053543,46044000000055011,2025-10-26,0,43,10,4,2025,,,,15,15,15
46044000000057006,46044000000053555,46044000000058018,2023-09-11,1,37,9,3,2023,,,,40,40,40
46044000000054016,46044000000052514,46044000000055011,2025-04-03,4,14,4,2,2025,,,,29,29,29
46044000000056018,46044000000053612,46044000000054027,2023-12-18,1,51,12,4,2023,,,,48,48,48
46044000000055006,46044000000052471,46044000000053039,2023-06-27,2,26,6,2,2023,,,,35,35,35
46044000000056014,46044000000053564,46044000000053039,2023-03-20,1,12,3,1,2023,,,,9,9,9
46044000000054015,46044000000053566,46044000000057008,2022-08-24,3,34,8,3,2022,,,,10,10,10
46044000000056015,46044000000053500,46044000000054027,2022-01-18,2,3,1,1,2022,,,,10,10,10
46044000000058015,46044000000053595,46044000000058017,2022-10-27,4,43,10,4,2022,,,,10,10,10
46044000000053031,46044000000052513,46044000000056021,2023-11-19,0,46,11,4,2023,,,,10,10,10
46044000000053033,46044000000052516,46044000000058017,2025-01-19,0,3,1,1,2025,,,,10,10,10
46044000000057003,46044000000053550,46044000000058018,2025-12-02,2,49,12,4,2025,,,,10,10,10
46044000000055008,46044000000052531,46044000000055012,2024-04-17,3,16,4,2,2024,,,,9,9,9
46044000000056014,46044000000053559,46044000000052021,2024-09-15,0,37,9,3,2024,,,,10,10,10
46044000000052018,46044000000052465,46044000000057008,2023-03-14,2,11,3,1,2023,,,,8,8,8
46044000000053034,46044000000052500,46044000000057008,2023-08-21,1,34,8,3,2023,,,,10,10,10
46044000000058015,46044000000052547,46044000000053039,2022-04-11,1,15,4,2,2022,,,,10,10,10
46044000000056016,46044000000054498,46044000000053039,2022-06-09,4,23,6,2,2022,,,,8,8,8
46044000000056017,46044000000053547,46044000000056022,2022-03-18,5,11,3,1,2022,,,,10,10,10
46044000000056016,46044000000053546,46044000000057008,2023-08-16,3,33,8,3,2023,,,,7,7,7
46044000000052017,46044000000053549,46044000000056022,2025-10-17,5,42,10,4,2025,,,,10,10,10
46044000000056017,46044000000052540,46044000000052021,2025-02-04,2,6,2,1,2025,,,,9,9,9
46044000000053034,46044000000052444,46044000000053040,2025-09-16,2,38,9,3,2025,,,,9,9,9
46044000000056015,46044000000053530,46044000000057008,2022-03-01,2,9,3,1,2022,,,,10,10,10
46044000000053034,46044000000052569,46044000000057008,2025-05-01,4,18,5,2,2025,,,,8,8,8
46044000000054016,46044000000052453,46044000000057008,2025-09-08,1,37,9,3,2025,,,,8,8,8
46044000000058014,46044000000052506,46044000000056022,2022-02-07,1,6,2,1,2022,,,,7,7,7
46044000000058014,46044000000053503,46044000000058018,2023-02-28,2,9,2,1,2023,,,,8,8,8
46044000000058013,46044000000053547,46044000000056022,2024-07-23,2,30,7,3,2024,,,,8,8,8
46044000000052016,46044000000053515,46044000000052021,2022-04-19,2,16,4,2,2022,,,,9,9,9
46044000000058014,46044000000053596,46044000000057008,2023-01-02,1,1,1,1,2023,,,,8,8,8
46044000000053034,46044000000053580,46044000000053039,2023-02-25,6,8,2,1,2023,,,,10,10,10
46044000000058015,46044000000054485,46044000000058017,2022-05-03,2,18,5,2,2022,,,,10,10,10
46044000000056015,46044000000053618,46044000000053040,2024-04-24,3,17,4,2,2024,,,,10,10,10
46044000000056017,46044000000053562,46044000000055011,2023-07-28,5,30,7,3,2023,,,,6,6,6
46044000000057004,46044000000052452,46044000000056021,2022-09-01,4,35,9,3,2022,,,,10,10,10
46044000000053032,46044000000053551,46044000000056022,2023-12-07,4,49,12,4,2023,,,,10,10,10
46044000000055007,46044000000052543,46044000000054027,2023-08-08,2,32,8,3,2023,,,,10,10,10
46044000000058011,46044000000052537,46044000000057008,2025-05-20,2,21,5,2,2025,,,,10,10,10
46044000000055008,46044000000053522,46044000000053040,2025-12-09,2,50,12,4,2025,,,,10,10,10
46044000000058012,46044000000052557,46044000000055011,2024-01-05,5,1,1,1,2024,,,,10,10,10
46044000000056018,46044000000052452,46044000000052021,2023-05-07,0,18,5,2,2023,,,,8,8,8
46044000000057004,46044000000053605,46044000000056022,2024-06-07,5,23,6,2,2024,,,,6,6,6
46044000000055008,46044000000053582,46044000000057008,2024-07-09,2,28,7,3,2024,,,,10,10,10
46044000000057005,46044000000053607,46044000000057008,2024-03-13,3,11,3,1,2024,,,,10,10,10
46044000000054016,46044000000054513,46044000000053039,2024-06-03,1,23,6,2,2024,,,,10,10,10
46044000000055007,46044000000052504,46044000000056021,2024-03-02,6,9,3,1,2024,,,,9,9,9
46044000000055006,46044000000053605,46044000000055011,2023-03-12,0,10,3,1,2023,,,,10,10,10
46044000000053034,46044000000054515,46044000000053039,2024-03-11,1,11,3,1,2024,,,,9,9,9
46044000000056013,46044000000054498,46044000000053039,2023-10-06,5,40,10,4,2023,,,,10,10,10
46044000000055007,46044000000053505,46044000000058018,2022-10-26,3,43,10,4,2022,,,,9,9,9
46044000000058014,46044000000054489,46044000000053040,2024-05-08,3,19,5,2,2024,,,,10,10,10
46044000000057004,46044000000053598,46044000000055012,2022-01-20,4,3,1,1,2022,,,,8,8,8
46044000000056014,46044000000052444,46044000000057008,2025-12-06,6,49,12,4,2025,,,,10,10,10
46044000000054018,46044000000053617,46044000000056021,2025-10-23,4,43,10,4,2025,,,,10,10,10
46044000000052017,46044000000054511,46044000000053038,2025-01-23,4,4,1,1,2025,,,,7,7,7
46044000000058013,46044000000053503,46044000000052021,2024-09-10,2,37,9,3,2024,,,,10,10,10
46044000000055007,46044000000052504,46044000000058018,2024-03-02,6,9,3,1,2024,,,,9,9,9
46044000000056018,46044000000053599,46044000000058018,2022-04-23,6,16,4,2,2022,,,,8,8,8
46044000000055008,46044000000052498,46044000000052021,2025-07-27,0,30,7,3,2025,,,,10,10,10
46044000000055008,46044000000053552,46044000000057008,2022-06-03,5,22,6,2,2022,,,,8,8,8
46044000000058011,46044000000053591,46044000000054027,2022-02-14,1,7,2,1,2022,,,,7,7,7
46044000000056013,46044000000053528,46044000000057008,2022-02-10,4,6,2,1,2022,,,,6,6,6
46044000000058015,46044000000053595,46044000000058018,2022-10-27,4,43,10,4,2022,,,,7,7,7
46044000000054016,46044000000053577,46044000000053039,2022-02-16,3,7,2,1,2022,,,,8,8,8
46044000000054018,46044000000052474,46044000000052021,2022-01-09,0,1,1,1,2022,,,,10,10,10
46044000000056018,46044000000053505,46044000000056022,2025-11-04,2,45,11,4,2025,,,,9,9,9
46044000000058011,46044000000053541,46044000000058017,2022-09-07,3,36,9,3,2022,,,,10,10,10
46044000000054016,46044000000054495,46044000000054027,2025-08-23,6,34,8,3,2025,,,,10,10,10
46044000000053031,46044000000053505,46044000000053039,2024-09-21,6,38,9,3,2024,,,,8,8,8
46044000000052017,46044000000053594,46044000000056021,2025-03-03,1,10,3,1,2025,,,,10,10,10
46044000000056015,46044000000053558,46044000000053040,2024-07-14,0,28,7,3,2024,,,,9,9,9
46044000000058011,46044000000052546,46044000000056021,2022-09-26,1,39,9,3,2022,,,,10,10,10
46044000000056016,46044000000053546,46044000000055012,2023-08-16,3,33,8,3,2023,,,,8,8,8
46044000000052016,46044000000053580,46044000000056022,2022-05-13,5,19,5,2,2022,,,,10,10,10
46044000000058012,46044000000052570,46044000000054027,2023-08-03,4,31,8,3,2023,,,,7,7,7
46044000000052014,46044000000052465,46044000000053038,2022-02-01,2,5,2,1,2022,,,,10,10,10
46044000000058014,46044000000052506,46044000000054027,2022-02-07,1,6,2,1,2022,,,,10,10,10
46044000000055006,46044000000053610,46044000000057008,2024-11-22,5,47,11,4,2024,,,,7,7,7
46044000000058012,46044000000052494,46044000000054027,2023-11-27,1,48,11,4,2023,,,,7,7,7
46044000000052017,46044000000052553,46044000000053039,2025-11-13,4,46,11,4,2025,,,,10,10,10
46044000000054018,46044000000052463,46044000000053040,2025-05-03,6,18,5,2,2025,,,,8,8,8
46044000000054016,46044000000052568,46044000000057008,2022-03-23,3,12,3,1,2022,,,,10,10,10
46044000000056016,46044000000052540,46044000000053038,2024-10-09,3,41,10,4,2024,,,,8,8,8
46044000000055009,46044000000054512,46044000000054027,2023-12-03,0,48,12,4,2023,,,,9,9,9
46044000000058015,46044000000053585,46044000000054027,2024-05-15,3,20,5,2,2024,,,,9,9,9
46044000000056013,46044000000053502,46044000000056021,2023-02-16,4,7,2,1,2023,,,,10,10,10
46044000000057005,46044000000053501,46044000000055011,2022-12-03,6,48,12,4,2022,,,,10,10,10
46044000000058011,46044000000052476,46044000000053038,2023-09-08,5,36,9,3,2023,,,,10,10,10
46044000000054016,46044000000052474,46044000000053040,2025-12-26,5,52,12,4,2025,,,,8,8,8
46044000000057004,46044000000052561,46044000000057008,2024-03-23,6,12,3,1,2024,,,,10,10,10
46044000000052014,46044000000053508,46044000000054027,2023-11-26,0,47,11,4,2023,,,,7,7,7
46044000000056015,46044000000053603,46044000000055011,2023-01-26,4,4,1,1,2023,,,,10,10,10
46044000000053034,46044000000052541,46044000000053039,2024-09-16,1,38,9,3,2024,,,,10,10,10
46044000000058013,46044000000053610,46044000000055011,2023-01-06,5,1,1,1,2023,,,,8,8,8
46044000000053032,46044000000052499,46044000000053040,2024-07-12,5,28,7,3,2024,,,,8,8,8
46044000000056016,46044000000052467,46044000000053039,2023-11-26,0,47,11,4,2023,,,,10,10,10
46044000000053034,46044000000052500,46044000000053038,2023-08-21,1,34,8,3,2023,,,,10,10,10
46044000000055007,46044000000052577,46044000000058018,2024-07-27,6,30,7,3,2024,,,,9,9,9
46044000000054018,46044000000052494,46044000000053039,2022-04-17,0,15,4,2,2022,,,,9,9,9
46044000000057006,46044000000053556,46044000000058018,2022-01-19,3,3,1,1,2022,,,,10,10,10
46044000000058014,46044000000054505,46044000000055012,2022-01-06,4,1,1,1,2022,,,,7,7,7
46044000000052014,46044000000054495,46044000000053040,2025-02-27,4,9,2,1,2025,,,,10,10,10
46044000000055009,46044000000053559,46044000000055011,2024-10-04,5,40,10,4,2024,,,,8,8,8
46044000000058011,46044000000053604,46044000000056022,2025-04-10,4,15,4,2,2025,,,,9,9,9
46044000000055006,46044000000052497,46044000000053039,2025-02-25,2,9,2,1,2025,,,,10,10,10
46044000000054015,46044000000053592,46044000000056021,2025-01-17,5,3,1,1,2025,,,,8,8,8
46044000000058015,46044000000052497,46044000000053038,2023-08-08,2,32,8,3,2023,,,,9,9,9
46044000000053031,46044000000052529,46044000000054027,2023-05-19,5,20,5,2,2023,,,,10,10,10
46044000000056017,46044000000053497,46044000000053040,2023-11-24,5,47,11,4,2023,,,,10,10,10
46044000000056016,46044000000052574,46044000000057008,2023-03-25,6,12,3,1,2023,,,,10,10,10
46044000000056013,46044000000052500,46044000000058018,2022-05-14,6,19,5,2,2022,,,,10,10,10
46044000000058013,46044000000052576,46044000000052021,2024-02-08,4,6,2,1,2024,,,,9,9,9
46044000000056013,46044000000052502,46044000000053038,2023-05-12,5,19,5,2,2023,,,,9,9,9
46044000000058014,46044000000054517,46044000000053040,2024-04-04,4,14,4,2,2024,,,,9,9,9
46044000000054015,46044000000053496,46044000000056021,2024-04-12,5,15,4,2,2024,,,,10,10,10
46044000000053034,46044000000053588,46044000000053040,2023-10-22,0,42,10,4,2023,,,,8,8,8
46044000000056013,46044000000053569,46044000000053038,2022-10-11,2,41,10,4,2022,,,,10,10,10
46044000000058011,46044000000053606,46044000000054027,2024-05-02,4,18,5,2,2024,,,,8,8,8
46044000000058015,46044000000052501,46044000000056021,2022-10-25,2,43,10,4,2022,,,,9,9,9
46044000000058014,46044000000053588,46044000000058017,2023-02-17,5,7,2,1,2023,,,,6,6,6
46044000000056016,46044000000052574,46044000000058017,2023-03-25,6,12,3,1,2023,,,,10,10,10
46044000000056014,46044000000053565,46044000000057008,2023-05-27,6,21,5,2,2023,,,,10,10,10
46044000000053032,46044000000052460,46044000000054027,2023-09-17,0,37,9,3,2023,,,,10,10,10
46044000000053031,46044000000052468,46044000000058017,2024-05-12,0,19,5,2,2024,,,,10,10,10
46044000000058012,46044000000053599,46044000000053039,2023-02-25,6,8,2,1,2023,,,,10,10,10
46044000000056014,46044000000054500,46044000000056022,2022-12-19,1,51,12,4,2022,,,,10,10,10
46044000000054018,46044000000052561,46044000000054027,2023-07-24,1,30,7,3,2023,,,,10,10,10
46044000000057003,46044000000053522,46044000000053040,2022-12-12,1,50,12,4,2022,,,,10,10,10
46044000000058012,46044000000053548,46044000000055012,2023-04-08,6,14,4,2,2023,,,,10,10,10
46044000000053033,46044000000053512,46044000000056022,2023-08-08,2,32,8,3,2023,,,,10,10,10
46044000000052017,46044000000052484,46044000000053038,2024-03-16,6,11,3,1,2024,,,,10,10,10
46044000000053031,46044000000052497,46044000000058018,2025-07-09,3,28,7,3,2025,,,,9,9,9
46044000000052016,46044000000052470,46044000000056022,2025-10-27,1,44,10,4,2025,,,,8,8,8
46044000000054018,46044000000053574,46044000000055011,2022-02-22,2,8,2,1,2022,,,,9,9,9
46044000000058011,46044000000053598,46044000000054027,2024-05-23,4,21,5,2,2024,,,,16,16,16
46044000000055007,46044000000052481,46044000000053038,2025-12-03,3,49,12,4,2025,,,,21,21,21
46044000000052016,46044000000052522,46044000000055012,2023-04-08,6,14,4,2,2023,,,,26,26,26